# Blender 4.5.4 LTS
# www.blender.org
o Object_6
v -0.726301 -0.871998 2.391515
v -0.747128 -0.682090 2.397962
v -0.853577 -0.694781 2.257145
v -0.792095 -0.882137 2.238168
v -0.811584 -0.523219 2.456171
v -0.963212 -0.498668 2.293993
v -0.859705 -0.321716 2.475402
v -1.017743 -0.292140 2.319422
v -0.851931 -0.126602 2.469620
v -1.010746 -0.089736 2.335739
v -0.799988 0.053810 2.456642
v -0.933952 0.096513 2.322154
v -0.692942 0.165504 2.347467
v -0.787474 0.249940 2.260432
v -0.946780 -0.699475 2.085063
v -0.809569 -0.868636 2.046759
v -1.096816 -0.497791 2.132860
v -1.163817 -0.273473 2.169461
v -1.147932 -0.044257 2.190976
v -1.025576 0.151763 2.169713
v -0.853444 0.339901 2.133185
v -0.999957 -0.695832 1.884657
v -0.742531 -0.806198 1.836299
v -1.166488 -0.484489 1.931555
v -1.262365 -0.247824 1.972319
v -1.230979 0.006651 1.998049
v -1.096996 0.235697 1.996904
v -0.937888 0.440291 1.986930
v -0.951160 -0.630077 1.671244
v -0.699854 -0.759752 1.629553
v -1.150222 -0.448498 1.704450
v -1.269788 -0.207749 1.730803
v -1.228071 0.061011 1.761386
v -1.082263 0.302723 1.765544
v -1.021476 0.535115 1.800677
v -0.861888 -0.577603 1.431191
v -0.699847 -0.743648 1.410369
v -1.054652 -0.397619 1.453441
v -1.168295 -0.155649 1.478822
v -1.148390 0.116053 1.510909
v -1.130395 0.367622 1.550797
v -1.178311 0.648814 1.626680
v -0.942611 -0.598501 1.191424
v -0.702758 -0.730855 1.176593
v -1.056291 -0.366773 1.212604
v -1.198862 -0.129119 1.252793
v -1.326952 0.152894 1.291455
v -1.299209 0.449974 1.328161
v -1.322257 0.764580 1.406278
v -0.577324 -0.959459 2.451390
v -0.608747 -0.854166 2.487020
v -0.629868 -1.003238 2.366328
v -0.632910 -0.680906 2.527842
v -0.621483 -0.515175 2.514091
v -0.678574 -0.348625 2.574307
v -0.680300 -0.154804 2.582107
v -0.623894 0.007431 2.515517
v -0.546973 0.103751 2.403315
v -0.490032 0.182340 2.331894
v -0.554252 0.265256 2.286859
v -0.671372 0.412503 2.247434
v -0.810978 0.568158 2.211929
v -0.922892 0.699627 2.084107
v -0.976731 0.794250 1.888066
v -1.034250 0.897682 1.680289
v -1.171515 1.065983 1.499876
v -1.189296 1.174376 1.191429
v -1.326758 0.819133 1.115132
v -1.378885 0.500961 1.065891
v -1.438440 0.183736 1.033123
v -1.318846 -0.111719 0.992707
v -1.195822 -0.380336 0.959472
v -0.958924 -0.584191 0.942722
v -0.648195 -0.685852 0.936433
v -0.754652 -1.044883 1.153421
v -0.656877 -0.969367 0.919033
v -0.760739 -1.053502 1.397592
v -0.664265 -0.994583 1.618411
v -0.627745 -0.963913 1.827069
v -0.692977 -1.039244 2.042722
v -0.676891 -1.037566 2.227694
v -0.680519 -0.705583 0.686074
v -1.042279 -0.644262 0.689620
v -0.983924 -0.593855 0.429895
v -0.728482 -0.733262 0.429283
v -1.268525 -0.387883 0.703284
v -1.248047 -0.383029 0.435567
v -1.368228 -0.098305 0.728450
v -1.343966 -0.084252 0.465539
v -1.383905 0.211089 0.758172
v -1.302704 0.226483 0.491239
v -1.351760 0.519835 0.793725
v -1.198877 0.530681 0.520655
v -1.281292 0.824065 0.817844
v -1.306754 0.826765 0.529770
v -0.813963 -0.507284 0.177545
v -0.870505 -0.821181 0.172353
v -1.073943 -0.320536 0.183012
v -1.176697 -0.049314 0.208110
v -1.124526 0.238819 0.237636
v -1.046071 0.541290 0.240610
v -1.156329 0.828699 0.247959
v -0.903251 -0.547343 -0.091105
v -0.897822 -0.848053 -0.089503
v -0.900888 -0.271242 -0.088112
v -0.963590 -0.010872 -0.078502
v -0.962894 0.256328 -0.069563
v -0.897112 0.542152 -0.049780
v -0.959463 0.823704 -0.039744
v -1.100865 -0.641291 -0.354851
v -0.944918 -0.894815 -0.354940
v -1.139408 -0.341846 -0.347924
v -1.156923 -0.052277 -0.359993
v -1.206762 0.238283 -0.377777
v -1.161289 0.529051 -0.360889
v -1.034916 0.815634 -0.346632
v -1.134451 -0.670059 -0.637394
v -0.983405 -0.918995 -0.632772
v -1.216602 -0.375611 -0.643173
v -1.280273 -0.082605 -0.646666
v -1.363336 0.223580 -0.651902
v -1.306018 0.533075 -0.658162
v -1.072061 0.802328 -0.642046
v -1.100775 -0.664838 -0.924663
v -0.960154 -0.908843 -0.917123
v -1.153392 -0.376773 -0.943350
v -1.240061 -0.094196 -0.946344
v -1.315756 0.209459 -0.947982
v -1.254772 0.505294 -0.958798
v -1.063800 0.784976 -0.949132
v -0.516642 -0.831856 0.677584
v -1.329651 1.127255 0.843657
v -1.341067 1.104831 0.538007
v -1.211648 1.091672 0.243556
v -1.119622 1.096292 -0.048468
v -1.192873 1.103519 -0.351932
v -1.134472 1.099160 -0.642550
v -1.135527 1.116331 -0.965139
v -0.932178 1.094629 -1.305487
v -1.046724 0.728379 -1.255273
v -1.280299 0.473971 -1.259013
v -1.348329 0.177044 -1.245283
v -1.265500 -0.124973 -1.249224
v -1.127962 -0.395567 -1.259299
v -1.156531 -0.698249 -1.224681
v -1.021732 -0.954906 -1.210392
v -0.814463 -1.170865 -0.896939
v -0.813558 -1.155689 -1.204207
v -0.727334 -1.083649 -0.632279
v -0.672492 -1.022352 -0.360872
v -0.714990 -1.058897 -0.095294
v -0.697047 -1.025973 0.162621
v -0.609969 -0.927495 0.420977
v 1.081831 -0.891812 1.229163
v 1.216814 -0.660904 1.259341
v 1.136812 -0.657443 1.451562
v 0.985955 -0.860449 1.431836
v 1.315680 -0.422928 1.288773
v 1.222762 -0.431464 1.482242
v 1.317545 -0.134049 1.305831
v 1.198233 -0.157258 1.508114
v 1.264359 0.149354 1.319033
v 1.248019 0.120545 1.560322
v 1.308720 0.448107 1.361422
v 1.320275 0.407880 1.622819
v 1.157656 0.721061 1.380680
v 1.225620 0.709258 1.660052
v 0.996319 -0.644112 1.675414
v 0.892079 -0.837152 1.655500
v 1.079083 -0.435336 1.694145
v 1.022558 -0.176645 1.690092
v 1.159241 0.092478 1.753857
v 1.238183 0.343998 1.834190
v 1.158418 0.610802 1.882161
v 1.098619 -0.716384 1.917466
v 1.001154 -0.941151 1.885552
v 1.091967 -0.471286 1.928465
v 0.976957 -0.221157 1.910897
v 1.048414 0.026124 1.947735
v 1.146768 0.276188 2.025349
v 1.127592 0.541297 2.099465
v 1.098289 -0.744502 2.130656
v 0.997858 -0.966180 2.102915
v 1.089985 -0.502890 2.142145
v 1.050018 -0.271886 2.148588
v 0.981676 -0.040889 2.133579
v 1.058447 0.203690 2.203880
v 1.019679 0.442655 2.258900
v 1.055251 -0.761726 2.331729
v 0.923500 -0.944028 2.284988
v 1.082893 -0.532830 2.355576
v 1.037193 -0.310808 2.354790
v 0.932171 -0.096677 2.312881
v 0.882684 0.121213 2.299498
v 0.882440 0.336115 2.365496
v 0.975991 -0.778640 2.529978
v 0.824001 -0.903461 2.430770
v 1.017149 -0.557212 2.564297
v 0.962624 -0.335915 2.538841
v 0.854657 -0.154519 2.467024
v 0.726887 0.028598 2.370288
v 0.739603 0.231995 2.439585
v 0.867340 -1.003487 0.982362
v 1.080807 -0.853211 1.003740
v 0.929402 -1.093600 1.204338
v 1.254631 -0.654447 1.040938
v 1.324448 -0.398704 1.064914
v 1.314361 -0.108148 1.060778
v 1.168592 0.176173 1.032961
v 1.155848 0.450325 1.064060
v 0.986276 0.688101 1.040101
v 0.884911 0.997459 1.037672
v 0.916588 0.908045 1.384111
v 0.968698 0.884025 1.658440
v 0.981213 0.836894 1.918061
v 0.940252 0.743884 2.122252
v 0.863094 0.627641 2.272019
v 0.773557 0.507481 2.396917
v 0.667807 0.376795 2.471846
v 0.580497 0.273960 2.485079
v 0.590798 0.149655 2.458032
v 0.641125 -0.003345 2.502738
v 0.737144 -0.175266 2.599720
v 0.809748 -0.354895 2.677895
v 0.834003 -0.564652 2.700274
v 0.800049 -0.765748 2.660372
v 0.704004 -0.880688 2.540542
v 0.651906 -0.953802 2.348552
v 0.615891 -0.931935 2.445272
v 0.723370 -1.017597 2.223393
v 0.778069 -1.069379 2.059493
v 0.776457 -1.048560 1.855493
v 0.736717 -0.988638 1.627960
v 0.863018 -1.074497 1.425739
v 0.526056 -0.869422 2.569239
v 0.586829 -0.742435 2.688872
v 0.376429 -0.737383 2.669760
v 0.391554 -0.942604 2.681474
v 0.617368 -0.566410 2.764920
v 0.391853 -0.558194 2.690495
v 0.608316 -0.366493 2.741374
v 0.389957 -0.375061 2.698142
v 0.563830 -0.187338 2.658867
v 0.361663 -0.211727 2.608741
v 0.493360 -0.036502 2.528146
v 0.316852 -0.063314 2.491285
v 0.441695 0.108531 2.446183
v 0.280169 0.072163 2.377468
v 0.213186 -0.784346 2.785629
v 0.223337 -1.003389 2.772901
v 0.200110 -0.566812 2.703067
v 0.197855 -0.376217 2.697281
v 0.189936 -0.195038 2.670874
v 0.163242 -0.049387 2.527684
v 0.148972 0.097821 2.451358
v 0.022310 -0.798779 2.837355
v 0.022821 -1.036652 2.841549
v 0.021491 -0.576510 2.749735
v 0.020362 -0.365021 2.683305
v 0.021209 -0.192761 2.662793
v 0.008763 -0.033324 2.584528
v 0.001501 0.116048 2.502590
v -0.182835 -0.780137 2.828261
v -0.189686 -1.012625 2.802513
v -0.161306 -0.559254 2.737437
v -0.151021 -0.373226 2.735003
v -0.147687 -0.183051 2.760130
v -0.155399 -0.017019 2.636136
v -0.151960 0.116735 2.516142
v -0.359126 -0.738455 2.726011
v -0.369343 -0.951607 2.710454
v -0.334486 -0.543391 2.679152
v -0.362610 -0.389446 2.815272
v -0.361748 -0.168070 2.831497
v -0.340417 0.007804 2.698538
v -0.304355 0.128342 2.528214
v -0.481869 -0.682267 2.587252
v -0.477552 -0.866966 2.565884
v -0.513059 -0.543378 2.638042
v -0.555811 -0.371721 2.720206
v -0.551302 -0.166883 2.722352
v -0.504150 -0.000947 2.636287
v -0.442955 0.113847 2.498778
v 0.495038 -0.982613 2.475246
v 0.463048 0.280493 2.495401
v 0.308809 0.260722 2.419450
v 0.145545 0.214066 2.336696
v -0.000226 0.238684 2.391804
v -0.147732 0.268982 2.430287
v -0.292573 0.248568 2.410101
v -0.404478 0.205835 2.354499
v -0.458816 -0.996539 2.478597
v -0.342196 -1.108405 2.582895
v -0.188712 -1.205319 2.675490
v 0.022925 -1.248511 2.717229
v 0.233463 -1.203375 2.673450
v 0.392749 -1.111094 2.587681
v -0.641066 -1.312807 1.141068
v -0.437964 -1.491755 1.136625
v -0.460965 -1.516099 1.380738
v -0.668306 -1.331041 1.387294
v -0.187098 -1.576853 1.135989
v -0.204012 -1.589309 1.380541
v 0.082673 -1.567478 1.137016
v 0.068428 -1.590571 1.394150
v 0.325389 -1.533590 1.152021
v 0.293721 -1.480575 1.397248
v 0.599430 -1.532034 1.173696
v 0.549113 -1.482827 1.417676
v 0.824273 -1.357358 1.194507
v 0.782611 -1.343823 1.437526
v -0.418683 -1.411855 1.609008
v -0.590088 -1.241299 1.611976
v -0.195990 -1.491182 1.613473
v 0.050834 -1.483569 1.631415
v 0.253112 -1.352484 1.630387
v 0.471182 -1.344812 1.634023
v 0.649525 -1.209723 1.626613
v -0.351725 -1.247480 1.817471
v -0.489737 -1.096877 1.816910
v -0.165853 -1.305996 1.819180
v 0.030648 -1.283840 1.820612
v 0.201651 -1.162739 1.807173
v 0.371688 -1.138093 1.811008
v 0.531090 -1.061059 1.815258
v -0.325556 -1.181566 2.019126
v -0.506832 -1.119956 2.031953
v -0.161799 -1.289573 2.039802
v 0.028225 -1.372557 2.039267
v 0.222962 -1.314807 2.036551
v 0.386795 -1.200204 2.017787
v 0.535365 -1.085066 2.019253
v -0.342453 -1.226010 2.236488
v -0.519247 -1.142991 2.219984
v -0.175618 -1.345295 2.269344
v 0.023684 -1.385728 2.281287
v 0.229557 -1.361612 2.268785
v 0.393730 -1.239848 2.236839
v 0.507930 -1.058748 2.189250
v -0.352688 -1.215968 2.429144
v -0.485249 -1.086242 2.367940
v -0.183089 -1.317155 2.482195
v 0.022853 -1.350137 2.500046
v 0.232562 -1.325442 2.485615
v 0.412239 -1.232013 2.436277
v 0.510025 -1.061339 2.357940
v -0.529190 -1.203816 0.930651
v -0.361581 -1.366589 0.918448
v -0.141603 -1.440287 0.907106
v 0.103904 -1.419286 0.905840
v 0.348705 -1.480128 0.913125
v 0.609637 -1.456307 0.932792
v 0.789517 -1.270244 0.966828
v 0.841330 1.208030 1.563787
v 0.587883 1.401328 1.698499
v 0.553088 1.258375 1.853626
v 0.783724 1.075525 1.745589
v 0.264343 1.428377 1.711039
v 0.254722 1.309074 1.868700
v -0.031681 1.403718 1.689409
v -0.036082 1.306679 1.849357
v -0.345411 1.385932 1.667663
v -0.329703 1.268828 1.830211
v -0.549436 1.201133 1.513780
v -0.563903 1.165659 1.752801
v -0.855967 1.198018 1.538580
v -0.798388 1.039776 1.710386
v 0.484711 1.066590 1.973543
v 0.733533 0.974660 1.933658
v 0.228842 1.114861 1.999762
v -0.032688 1.130784 1.981545
v -0.278065 1.060782 1.931077
v -0.550534 1.084353 1.965645
v -0.800733 0.987720 1.950439
v 0.429180 0.915978 2.105368
v 0.705473 0.885305 2.131086
v 0.185707 0.850417 2.039113
v -0.021889 0.890568 2.063721
v -0.256211 0.927299 2.081049
v -0.516711 0.951560 2.127579
v -0.769217 0.901101 2.156436
v 0.404989 0.786976 2.252450
v 0.654727 0.741745 2.271507
v 0.173724 0.689335 2.144264
v -0.015921 0.632998 2.101656
v -0.220669 0.771384 2.215478
v -0.460775 0.800676 2.263447
v -0.666582 0.725296 2.249976
v 0.388857 0.599399 2.322381
v 0.591199 0.600623 2.385137
v 0.182235 0.533876 2.235008
v -0.010626 0.440349 2.149118
v -0.180423 0.568481 2.284996
v -0.392859 0.599435 2.320717
v -0.561323 0.547054 2.284868
v 0.350065 0.435712 2.388844
v 0.519983 0.446455 2.465227
v 0.161284 0.374795 2.305640
v -0.002783 0.338838 2.262253
v -0.143296 0.370345 2.305018
v -0.315524 0.384848 2.340920
v -0.459918 0.360790 2.314583
v 0.810885 1.293453 1.348915
v 0.589366 1.501905 1.530051
v 0.260832 1.496403 1.553211
v -0.033942 1.495798 1.552878
v -0.337123 1.470636 1.501958
v -0.559105 1.338648 1.373413
v -0.864608 1.339651 1.363720
v -0.596722 0.858126 -1.597239
v -0.359407 0.916369 -1.626379
v -0.389895 0.619140 -1.844820
v -0.583008 0.520653 -1.834034
v -0.094757 0.861546 -1.609519
v -0.162446 0.796917 -1.930615
v 0.187035 0.947947 -1.676787
v 0.119951 0.876960 -1.965802
v 0.514550 1.102230 -1.780263
v 0.434503 0.991661 -2.020077
v 0.848958 1.092960 -1.772401
v 0.787772 1.009222 -2.044651
v 1.119336 0.936610 -1.655615
v 1.087249 0.868375 -1.971639
v -0.494516 0.607204 -2.204765
v -0.713900 0.500641 -2.173661
v -0.232609 0.674584 -2.213603
v 0.036356 0.811866 -2.255500
v 0.331022 0.807813 -2.240707
v 0.647063 0.797525 -2.250916
v 0.986724 0.766190 -2.266222
v -0.586497 0.475566 -2.456994
v -0.861195 0.525586 -2.516770
v -0.331210 0.596620 -2.477849
v -0.066281 0.647803 -2.481512
v 0.232818 0.677670 -2.503148
v 0.498616 0.585340 -2.466836
v 0.840307 0.598582 -2.505015
v -0.671797 0.394920 -2.721303
v -0.937264 0.478308 -2.798560
v -0.424348 0.422901 -2.706681
v -0.164204 0.506065 -2.730938
v 0.107537 0.463529 -2.690292
v 0.344322 0.330873 -2.596470
v 0.643363 0.332950 -2.627642
v -0.749214 0.396918 -3.006872
v -0.983789 0.378259 -3.035066
v -0.513036 0.472024 -3.034368
v -0.232989 0.505866 -3.050447
v 0.052883 0.444097 -2.994334
v 0.277222 0.280173 -2.867920
v 0.496437 0.160683 -2.803832
v -0.812965 0.317133 -3.267959
v -1.036420 0.303430 -3.269576
v -0.577444 0.365408 -3.301799
v -0.294314 0.436599 -3.356432
v -0.005332 0.363109 -3.295525
v 0.233811 0.232120 -3.163379
v 0.441992 0.116778 -3.065845
v -0.619899 1.187191 -1.450994
v -0.810551 0.760561 -1.572119
v -0.333925 1.198961 -1.493903
v -0.051961 1.107697 -1.434017
v 0.236374 1.032682 -1.377781
v 0.540066 1.108316 -1.450707
v 0.813560 1.097982 -1.436192
v 1.030248 0.962190 -1.267093
v 1.281856 0.850371 -1.093739
v 1.275385 0.686290 -1.485609
v 1.285329 0.622287 -1.844388
v 1.284158 0.605886 -2.220398
v 1.141842 0.475091 -2.495957
v 0.916371 0.256511 -2.625836
v 0.637973 -0.009243 -2.683033
v 0.596247 -0.018687 -2.980328
v 0.535600 -0.059586 -3.129294
v 0.380078 -0.013579 -3.208369
v 0.194463 0.095418 -3.377192
v -0.051489 0.190856 -3.518651
v -0.347302 0.207273 -3.544332
v -0.620777 0.142452 -3.461797
v -0.847389 0.102028 -3.404379
v -1.044635 0.103380 -3.393028
v -1.209561 0.174860 -3.229385
v -1.168033 0.066288 -3.335248
v -1.191234 0.267505 -3.037402
v -1.206237 0.449531 -2.837729
v -1.148341 0.547035 -2.556276
v -0.979346 0.493954 -2.238604
v -0.796806 0.546476 -1.896443
v 1.168189 0.740311 0.791959
v 1.327411 0.479006 0.844153
v 1.403690 0.472299 0.578644
v 1.327201 0.752611 0.549355
v 1.338985 0.188543 0.831273
v 1.452010 0.190145 0.592155
v 1.267634 -0.081047 0.793275
v 1.481840 -0.104398 0.585629
v 1.245308 -0.353387 0.784373
v 1.418888 -0.375739 0.571763
v 1.184230 -0.596548 0.772725
v 1.239006 -0.592972 0.527478
v 1.030926 -0.785217 0.738901
v 1.146466 -0.831168 0.524151
v 1.372298 0.454280 0.276111
v 1.581619 0.755835 0.343110
v 1.587159 0.169714 0.346442
v 1.665098 -0.125189 0.377435
v 1.609257 -0.424647 0.374024
v 1.408867 -0.648952 0.325581
v 1.272954 -0.872685 0.307166
v 1.565110 0.438958 0.041724
v 1.700757 0.729440 0.075320
v 1.662764 0.157031 0.081700
v 1.713893 -0.138784 0.106340
v 1.614916 -0.408774 0.100023
v 1.434411 -0.633238 0.066397
v 1.305019 -0.854438 0.049756
v 1.810188 0.427574 -0.197819
v 1.681046 0.704042 -0.228104
v 1.815650 0.132861 -0.175802
v 1.645146 -0.139792 -0.193329
v 1.512222 -0.382778 -0.207762
v 1.434866 -0.627033 -0.204767
v 1.270327 -0.823550 -0.218269
v 1.901380 0.411336 -0.493156
v 1.727985 0.675136 -0.522079
v 1.917314 0.104002 -0.461192
v 1.704923 -0.168972 -0.468906
v 1.711846 -0.457697 -0.449214
v 1.667970 -0.731210 -0.419072
v 1.464326 -0.941493 -0.423231
v 1.848648 0.377537 -0.811465
v 1.642414 0.632877 -0.806793
v 1.854967 0.071280 -0.772363
v 1.761072 -0.215300 -0.746065
v 1.869832 -0.515920 -0.703814
v 1.800695 -0.810481 -0.680500
v 1.571981 -1.026485 -0.681896
v 1.051323 1.002121 0.738405
v 0.817042 -0.888650 0.719239
v 0.913601 -0.916159 0.475081
v 1.051418 -1.008400 0.269513
v 1.103765 -1.001106 0.013500
v 1.080111 -0.938837 -0.247089
v 1.189593 -1.040417 -0.449734
v 1.262421 -1.081175 -0.716391
v 1.424685 -1.283282 -0.971072
v 1.591271 -1.049897 -0.973965
v 1.738426 -0.814444 -0.990335
v 1.833441 -0.548368 -1.011999
v 1.884372 -0.270547 -1.047593
v 1.839036 0.027022 -1.078239
v 1.598834 0.274161 -1.084367
v 1.440971 0.536445 -1.091395
v 1.503924 0.921584 -0.807693
v 1.559981 0.939633 -0.527621
v 1.719617 0.988994 -0.237121
v 1.778961 1.024037 0.080820
v 1.676000 1.042237 0.379479
v 1.383609 1.037785 0.564742
v 0.742655 -1.137094 0.726658
v 0.594195 -1.303839 0.701370
v 0.608008 -1.264850 0.468101
v 0.743832 -1.027285 0.462504
v 0.386280 -1.436558 0.689131
v 0.424358 -1.462508 0.455503
v 0.136899 -1.472415 0.669119
v 0.172577 -1.542763 0.434276
v -0.099462 -1.405273 0.655058
v -0.081363 -1.493311 0.413930
v -0.268568 -1.241979 0.664197
v -0.287295 -1.343652 0.403223
v -0.393681 -1.042877 0.674856
v -0.451184 -1.127906 0.401936
v 0.657078 -1.240403 0.237727
v 0.855822 -1.094930 0.243230
v 0.453493 -1.428680 0.232500
v 0.209797 -1.538041 0.209959
v -0.063446 -1.536782 0.185308
v -0.284356 -1.368905 0.179194
v -0.463049 -1.143095 0.166462
v 0.691916 -1.146903 -0.013344
v 0.908801 -1.097519 0.001073
v 0.490586 -1.340404 -0.008112
v 0.254578 -1.481218 -0.044560
v -0.026825 -1.491530 -0.081270
v -0.262317 -1.324859 -0.081237
v -0.439477 -1.121758 -0.088690
v 0.702429 -1.043276 -0.266318
v 0.911751 -1.021497 -0.255719
v 0.534792 -1.194326 -0.293436
v 0.302140 -1.317107 -0.311481
v 0.043414 -1.300216 -0.320040
v -0.214519 -1.253799 -0.326026
v -0.456221 -1.175024 -0.333992
v 0.711499 -0.947540 -0.536958
v 0.937301 -0.989684 -0.511546
v 0.550096 -1.139062 -0.538987
v 0.355889 -1.278551 -0.546259
v 0.047483 -1.439795 -0.543282
v -0.274899 -1.447336 -0.572178
v -0.558047 -1.338048 -0.590559
v 0.795942 -1.150831 -0.784128
v 1.051047 -1.166212 -0.754868
v 0.554409 -1.114198 -0.802666
v 0.324498 -1.340307 -0.815071
v 0.006990 -1.504341 -0.832224
v -0.314877 -1.534491 -0.848894
v -0.610380 -1.419429 -0.867867
v -0.610534 -1.391472 -1.159927
v -0.325735 -1.502606 -1.125500
v -0.016308 -1.497993 -1.110896
v 0.291142 -1.331082 -1.108207
v 0.558579 -1.195923 -1.092656
v 0.856794 -1.389177 -1.034571
v 1.157163 -1.384418 -1.011880
v 1.132642 1.285280 -1.235975
v 0.837336 1.328039 -1.301453
v 0.857455 1.562955 -1.306922
v 1.102595 1.510179 -1.171215
v 0.575672 1.399446 -1.409764
v 0.580337 1.600219 -1.370605
v 0.281348 1.346435 -1.332670
v 0.288607 1.561700 -1.298372
v -0.003467 1.260797 -1.225303
v 0.016926 1.475413 -1.134210
v -0.286488 1.363920 -1.315169
v -0.265502 1.566199 -1.223585
v -0.549381 1.364675 -1.266700
v -0.547568 1.601494 -1.234653
v 0.830680 1.764689 -1.286607
v 1.073527 1.737049 -1.158049
v 0.552607 1.761450 -1.303943
v 0.271179 1.729484 -1.227578
v 0.020206 1.659893 -1.058832
v -0.258616 1.753507 -1.165976
v -0.550257 1.816202 -1.195622
v 0.757967 1.926918 -1.203581
v 1.018669 1.941033 -1.129609
v 0.501444 1.924199 -1.240233
v 0.237569 1.891367 -1.179542
v 0.004216 1.869649 -1.074119
v -0.264260 1.928566 -1.129230
v -0.534407 1.971483 -1.110770
v 0.688583 2.073597 -1.127064
v 0.938134 2.120155 -1.085902
v 0.461729 2.084161 -1.197644
v 0.213075 2.078306 -1.183904
v -0.017644 2.049724 -1.093696
v -0.261315 2.061351 -1.051591
v -0.511486 2.098191 -1.042528
v 0.648924 2.254915 -1.098660
v 0.831020 2.234482 -0.975675
v 0.419392 2.258909 -1.140477
v 0.183595 2.245061 -1.129022
v -0.037966 2.204121 -1.050587
v -0.249407 2.171603 -0.966681
v -0.478622 2.197402 -0.950945
v 0.591883 2.412408 -1.005018
v 0.759460 2.363504 -0.897460
v 0.376135 2.423666 -1.050767
v 0.152326 2.393171 -1.030493
v -0.049640 2.324744 -0.948448
v -0.237788 2.263191 -0.865685
v -0.443826 2.309320 -0.870047
v 1.411217 1.259949 -1.090313
v -0.863594 1.403117 -1.185180
v -0.798150 1.605446 -1.076854
v -0.818729 1.829761 -1.081343
v -0.783986 1.998209 -1.029861
v -0.734621 2.134928 -0.965262
v -0.671931 2.247995 -0.887615
v -0.599648 2.332982 -0.801931
v -0.538314 2.383623 -0.732316
v -0.419860 2.391463 -0.756727
v -0.238934 2.340927 -0.748996
v -0.067605 2.426115 -0.821308
v 0.124376 2.507514 -0.881576
v 0.335775 2.553463 -0.902138
v 0.546008 2.547876 -0.874253
v 0.706730 2.474350 -0.795880
v 0.873050 2.319075 -0.765492
v 0.799767 2.400109 -0.722589
v 1.001988 2.231110 -0.845495
v 1.116422 2.097875 -0.907426
v 1.231691 1.947315 -0.973428
v 1.292424 1.729155 -0.995159
v 1.365561 1.512249 -1.042046
v -0.882732 -1.035961 -3.290449
v -0.977473 -0.924382 -3.372069
v -0.814591 -1.013386 -3.472673
v -0.756697 -1.189523 -3.399772
v -1.100248 -0.837941 -3.505383
v -0.906280 -0.898304 -3.650795
v -1.160530 -0.672033 -3.555531
v -0.975953 -0.719163 -3.777556
v -1.152409 -0.482257 -3.533627
v -0.985466 -0.478937 -3.775403
v -1.100132 -0.320195 -3.440383
v -0.936861 -0.288023 -3.631967
v -1.075433 -0.118167 -3.438033
v -0.890456 -0.131284 -3.471798
v -0.593348 -1.067184 -3.491210
v -0.534800 -1.283445 -3.471581
v -0.653658 -0.951321 -3.718042
v -0.687849 -0.744691 -3.850524
v -0.698168 -0.495036 -3.863290
v -0.690331 -0.272661 -3.731204
v -0.664530 -0.103429 -3.543452
v -0.343747 -1.051402 -3.388999
v -0.274419 -1.248001 -3.383982
v -0.381100 -0.930803 -3.585446
v -0.406527 -0.751013 -3.718493
v -0.402995 -0.527856 -3.767235
v -0.409753 -0.312132 -3.674008
v -0.390156 -0.047392 -3.664934
v -0.069107 -1.041500 -3.344592
v -0.048291 -1.132400 -3.199972
v -0.092767 -0.940350 -3.493203
v -0.130262 -0.763945 -3.501388
v -0.155346 -0.576067 -3.495286
v -0.111045 -0.328415 -3.650408
v -0.087376 -0.057560 -3.635458
v 0.245195 -1.089444 -3.393346
v 0.231451 -1.168993 -3.197391
v 0.252444 -0.958126 -3.535415
v 0.233297 -0.762352 -3.582357
v 0.179955 -0.558201 -3.528896
v 0.148614 -0.357591 -3.484010
v 0.182713 -0.110022 -3.504991
v 0.507526 -1.089233 -3.277826
v 0.450817 -1.138051 -3.077992
v 0.547431 -0.950684 -3.419384
v 0.553891 -0.746321 -3.495925
v 0.521909 -0.532337 -3.488488
v 0.466444 -0.329884 -3.440030
v 0.378393 -0.184444 -3.287416
v -0.946385 -1.083639 -3.187017
v -1.012132 -0.981400 -3.226110
v -0.869797 -1.209274 -3.235620
v -1.114063 -0.866216 -3.281687
v -1.248625 -0.782694 -3.372907
v -1.304110 -0.623320 -3.416713
v -1.298008 -0.444355 -3.396368
v -1.249996 -0.270380 -3.364559
v -1.206996 -0.094211 -3.346293
v 0.605736 -0.170246 -3.185306
v 0.709439 -0.323243 -3.278498
v 0.786160 -0.508061 -3.322013
v 0.810699 -0.718958 -3.291745
v 0.786748 -0.911205 -3.204310
v 0.788369 -1.082402 -3.163137
v 0.732351 -1.196895 -3.061034
v 0.526577 -1.315915 -3.036588
v 0.678194 -1.278495 -2.979621
v 0.281506 -1.270234 -3.043707
v 0.027383 -1.242713 -3.104971
v -0.215627 -1.356574 -3.236602
v -0.474500 -1.447064 -3.322936
v -0.705695 -1.359534 -3.295003
v -1.103704 -1.010192 -1.515099
v -1.251708 -0.747489 -1.529300
v -1.194212 -0.729636 -1.886354
v -1.085872 -0.979731 -1.852150
v -1.192725 -0.444234 -1.571589
v -1.150879 -0.464466 -1.934592
v -1.170665 -0.167326 -1.598053
v -1.232489 -0.227401 -1.934489
v -1.304607 0.106486 -1.581432
v -1.252636 0.019305 -1.929820
v -1.274969 0.402926 -1.587983
v -1.180076 0.263177 -1.925040
v -1.089300 0.642417 -1.593130
v -0.988466 0.445927 -1.921637
v -1.293655 -0.801947 -2.191079
v -1.274918 -1.106905 -2.120848
v -1.311987 -0.540874 -2.235865
v -1.503950 -0.314991 -2.189788
v -1.536867 -0.033469 -2.201260
v -1.439981 0.228474 -2.228270
v -1.231193 0.408250 -2.254808
v -1.408720 -0.872521 -2.472279
v -1.307709 -1.132945 -2.433003
v -1.601280 -0.658527 -2.468143
v -1.647888 -0.386249 -2.486430
v -1.620091 -0.111553 -2.506608
v -1.544005 0.153271 -2.525994
v -1.385460 0.382470 -2.547557
v -1.522264 -0.968670 -2.734622
v -1.265557 -1.114251 -2.733975
v -1.704247 -0.739473 -2.750704
v -1.778251 -0.459760 -2.774321
v -1.727819 -0.169090 -2.802108
v -1.559285 0.060831 -2.823422
v -1.432429 0.292514 -2.840595
v -1.469868 -0.977154 -2.998270
v -1.210766 -1.065027 -2.959781
v -1.682244 -0.803493 -3.047768
v -1.775182 -0.530966 -3.087345
v -1.734878 -0.236264 -3.109837
v -1.562013 -0.005272 -3.101813
v -1.348243 0.113143 -3.051447
v -1.301744 -0.897860 -3.171494
v -1.110612 -0.986002 -3.121776
v -1.470594 -0.790657 -3.258582
v -1.556720 -0.583599 -3.312027
v -1.534272 -0.349384 -3.316228
v -1.432910 -0.142464 -3.288939
v -1.272711 -0.028056 -3.202742
v -0.797561 -1.115236 -1.531155
v -0.933110 -1.053104 -3.085212
v -0.970200 -1.111832 -2.924802
v -1.076062 -1.285177 -2.699328
v -1.095645 -1.330391 -2.407171
v -1.035271 -1.297496 -2.114015
v -0.852179 -1.120105 -1.849271
v 1.299777 0.389289 -1.362088
v 1.601355 0.206809 -1.402154
v 1.468802 0.099283 -1.684103
v 1.409968 0.363267 -1.749853
v 1.850452 -0.033506 -1.401186
v 1.683612 -0.123995 -1.683499
v 1.888122 -0.322938 -1.355456
v 1.770678 -0.384599 -1.662057
v 1.824227 -0.591069 -1.318759
v 1.684354 -0.638270 -1.618565
v 1.693157 -0.847982 -1.297999
v 1.603424 -0.885616 -1.592858
v 1.652076 -1.146684 -1.279088
v 1.610203 -1.189516 -1.593873
v 1.473037 0.043410 -2.024840
v 1.478963 0.350716 -2.139364
v 1.377889 -0.245738 -1.913945
v 1.534351 -0.458583 -1.933540
v 1.582033 -0.697585 -1.926769
v 1.480945 -0.909473 -1.899843
v 1.408356 -1.135119 -1.886186
v 1.402878 -0.038500 -2.332520
v 1.340647 0.245009 -2.435674
v 1.410290 -0.299468 -2.259904
v 1.559977 -0.538199 -2.287358
v 1.657750 -0.778747 -2.282613
v 1.568620 -1.023767 -2.242541
v 1.359447 -1.191906 -2.194931
v 1.172582 -0.168212 -2.534388
v 1.106435 0.080186 -2.612105
v 1.316284 -0.367649 -2.542932
v 1.497594 -0.572611 -2.604665
v 1.556713 -0.833100 -2.604142
v 1.489895 -1.094301 -2.563569
v 1.283810 -1.253034 -2.486877
v 0.839594 -0.345788 -2.602010
v 0.783928 -0.139269 -2.659552
v 1.045745 -0.477938 -2.705429
v 1.203783 -0.641743 -2.786121
v 1.266856 -0.856121 -2.809089
v 1.233533 -1.071540 -2.779542
v 1.165170 -1.277987 -2.759136
v 0.813983 -0.341375 -2.988066
v 0.686825 -0.191582 -2.934363
v 0.943145 -0.493263 -3.016086
v 1.021515 -0.683762 -3.032056
v 1.062462 -0.893719 -3.040247
v 1.037940 -1.085792 -3.001719
v 0.924611 -1.213258 -2.913494
v 1.483655 -1.412503 -1.266769
v 1.405705 -1.406245 -1.582671
v 1.288342 -1.377411 -1.882180
v 1.167753 -1.348033 -2.184914
v 1.121965 -1.436366 -2.477740
v 0.991026 -1.424129 -2.732084
v 0.813165 -1.348672 -2.893771
v 1.185495 -1.531163 -1.282897
v 0.851255 -1.510335 -1.313406
v 0.837394 -1.686223 -1.606308
v 1.145193 -1.562372 -1.593217
v 0.546466 -1.432317 -1.353196
v 0.505730 -1.574454 -1.651663
v 0.270312 -1.372327 -1.406655
v 0.213954 -1.501562 -1.702672
v -0.016223 -1.340670 -1.412942
v -0.042772 -1.272507 -1.771085
v -0.312339 -1.373640 -1.447587
v -0.265177 -1.100290 -1.824349
v -0.548518 -1.218931 -1.494706
v -0.535547 -1.073589 -1.856798
v 0.776373 -1.683444 -1.926054
v 1.092264 -1.611736 -1.905778
v 0.453213 -1.537696 -1.966197
v 0.142948 -1.506496 -2.002973
v -0.124027 -1.329527 -2.062675
v -0.366336 -1.253112 -2.111376
v -0.704180 -1.346753 -2.111014
v 0.713362 -1.700259 -2.225413
v 0.957967 -1.500969 -2.203044
v 0.401702 -1.727104 -2.263103
v 0.078230 -1.613123 -2.298492
v -0.193182 -1.342324 -2.356961
v -0.430209 -1.300610 -2.402363
v -0.785722 -1.406473 -2.401505
v 0.647751 -1.795697 -2.529520
v 0.917947 -1.629125 -2.498460
v 0.334634 -1.727805 -2.553443
v 0.015818 -1.587873 -2.586167
v -0.240750 -1.290484 -2.621870
v -0.470802 -1.232789 -2.660245
v -0.793504 -1.320259 -2.674070
v 0.533982 -1.682624 -2.783812
v 0.789462 -1.592958 -2.753356
v 0.251976 -1.602243 -2.791701
v -0.028980 -1.377276 -2.820667
v -0.314076 -1.370528 -2.852845
v -0.570946 -1.350551 -2.883801
v -0.767278 -1.198322 -2.904046
v 0.413738 -1.512449 -2.973306
v 0.653021 -1.484422 -2.937679
v 0.138986 -1.370510 -2.958283
v -0.134713 -1.333817 -3.027288
v -0.404188 -1.445548 -3.102326
v -0.648010 -1.414976 -3.112128
v -0.845354 -1.269824 -3.087389
v -0.462698 2.396667 0.380535
v -0.344245 2.515115 0.419950
v -0.338101 2.526284 0.236904
v -0.462495 2.382305 0.200650
v -0.174294 2.574424 0.447886
v -0.169657 2.603917 0.256622
v 0.019994 2.597589 0.452068
v 0.026458 2.602373 0.257380
v 0.212684 2.594458 0.449568
v 0.216846 2.596558 0.251109
v 0.410795 2.636267 0.453494
v 0.414686 2.637305 0.256645
v 0.604108 2.609812 0.439502
v 0.613946 2.583140 0.258119
v -0.350798 2.576108 0.059540
v -0.524295 2.512948 0.055564
v -0.170051 2.666684 0.068486
v 0.034487 2.648187 0.067891
v 0.224078 2.558398 0.060930
v 0.434484 2.630158 0.074026
v 0.638597 2.587475 0.077481
v -0.347554 2.592572 -0.126762
v -0.552623 2.610212 -0.122006
v -0.158117 2.623106 -0.128815
v 0.041176 2.613182 -0.131240
v 0.246790 2.602053 -0.127446
v 0.466992 2.656860 -0.124554
v 0.668963 2.615763 -0.117524
v -0.333165 2.576738 -0.311708
v -0.540742 2.638907 -0.322203
v -0.134933 2.509127 -0.306396
v 0.050263 2.562724 -0.314203
v 0.254668 2.620854 -0.317919
v 0.477058 2.641376 -0.315781
v 0.672949 2.591474 -0.299786
v -0.299388 2.498253 -0.474723
v -0.492705 2.557863 -0.496311
v -0.120631 2.509882 -0.483976
v 0.069992 2.607122 -0.512576
v 0.276838 2.669838 -0.519284
v 0.486321 2.638915 -0.506704
v 0.675188 2.560737 -0.482478
v -0.256949 2.397414 -0.606898
v -0.426543 2.436753 -0.615520
v -0.095534 2.493580 -0.663231
v 0.098758 2.576653 -0.704876
v 0.304201 2.629804 -0.717820
v 0.514579 2.631485 -0.700156
v 0.689853 2.543676 -0.652768
v -0.558894 2.333942 0.478878
v -0.495145 2.423612 0.540912
v -0.547945 2.281956 0.348500
v -0.363097 2.511628 0.610269
v -0.189508 2.569768 0.656418
v 0.011263 2.568401 0.662498
v 0.210474 2.526286 0.633230
v 0.409688 2.570457 0.640486
v 0.593530 2.557365 0.610511
v 0.719259 2.516949 0.567292
v 0.760334 2.522980 0.435229
v 0.782587 2.484519 0.262417
v 0.805174 2.477926 0.084636
v 0.847422 2.515473 -0.102953
v 0.843332 2.490621 -0.285292
v 0.826371 2.439610 -0.455508
v 0.818365 2.417935 -0.609905
v -0.583177 2.428532 -0.626258
v -0.674996 2.520109 -0.504343
v -0.760788 2.614943 -0.332299
v -0.751261 2.570195 -0.112235
v -0.697236 2.471061 0.069730
v -0.595411 2.316255 0.194286
v 1.078220 1.269075 0.723616
v 1.357986 1.290025 0.559317
v 1.270083 1.523724 0.516931
v 1.070738 1.502194 0.690447
v 1.631178 1.312868 0.358717
v 1.477772 1.526735 0.293153
v 1.742630 1.298567 0.061689
v 1.564316 1.503890 0.023975
v 1.696569 1.258977 -0.249804
v 1.527549 1.471213 -0.253049
v 1.620143 1.229905 -0.534925
v 1.573644 1.482181 -0.524162
v 1.573967 1.241862 -0.829089
v 1.526903 1.496830 -0.803865
v 1.192234 1.702168 0.433565
v 1.146307 1.730428 0.699396
v 1.277279 1.696043 0.213848
v 1.346833 1.670705 -0.018609
v 1.315716 1.625856 -0.256845
v 1.421324 1.672679 -0.496477
v 1.412787 1.705182 -0.756504
v 1.206490 1.897404 0.395425
v 1.149213 1.954660 0.668295
v 1.114691 1.811090 0.133811
v 1.119670 1.781955 -0.047875
v 1.295941 1.845379 -0.249738
v 1.365981 1.893927 -0.500853
v 1.333213 1.923836 -0.743071
v 1.138662 2.069895 0.350712
v 1.050853 2.119441 0.585605
v 1.126401 1.999338 0.127643
v 1.049002 1.927464 -0.065956
v 1.198736 2.016393 -0.266045
v 1.253412 2.062340 -0.497096
v 1.210291 2.074936 -0.710715
v 1.022123 2.221886 0.316706
v 0.958885 2.264665 0.522125
v 1.036042 2.166258 0.113695
v 1.004104 2.115510 -0.079365
v 1.037234 2.129289 -0.278841
v 1.098490 2.171510 -0.481305
v 1.081732 2.190096 -0.669482
v 0.899529 2.346065 0.279729
v 0.863153 2.395265 0.468456
v 0.911295 2.305433 0.093482
v 0.951152 2.331432 -0.091620
v 0.953499 2.312063 -0.273935
v 0.937684 2.275046 -0.444974
v 0.936445 2.297145 -0.619613
v 0.901249 1.299845 0.930821
v 0.775709 2.429944 0.634093
v 0.838366 2.301333 0.709081
v 0.904342 2.149026 0.787348
v 0.936731 1.958224 0.841597
v 0.932278 1.746501 0.857667
v 0.886980 1.518257 0.846995
v -0.857031 1.513539 1.250246
v -0.568133 1.521036 1.297926
v -0.555734 1.685668 1.212909
v -0.812203 1.685132 1.132104
v -0.313625 1.549594 1.333138
v -0.297024 1.706425 1.254848
v -0.031752 1.563506 1.375529
v -0.028370 1.664729 1.195325
v 0.247456 1.580074 1.382442
v 0.247095 1.733240 1.305903
v 0.545911 1.557156 1.341197
v 0.529052 1.705375 1.252528
v 0.777152 1.424596 1.156552
v 0.753852 1.606764 1.066906
v -0.550336 1.884500 1.173805
v -0.742412 1.824333 0.993403
v -0.291529 1.901747 1.235149
v -0.025465 1.854917 1.164126
v 0.244786 1.896742 1.242984
v 0.521009 1.880009 1.187941
v 0.718280 1.787469 0.990162
v -0.520133 2.058047 1.104465
v -0.700235 1.994655 0.930419
v -0.274804 2.069584 1.172719
v -0.016668 2.032540 1.138828
v 0.234765 2.028506 1.125266
v 0.482381 2.012328 1.067312
v 0.711497 1.979329 0.959936
v -0.476055 2.197248 0.999273
v -0.616896 2.117826 0.832488
v -0.247629 2.200620 1.051100
v -0.007764 2.209939 1.090171
v 0.226744 2.162880 1.023679
v 0.460583 2.167566 0.989520
v 0.691873 2.165566 0.916714
v -0.428428 2.324475 0.887355
v -0.554909 2.234462 0.739465
v -0.230696 2.371470 0.976821
v -0.000871 2.373141 0.998491
v 0.220896 2.315981 0.931499
v 0.445059 2.331248 0.917333
v 0.664088 2.331633 0.851963
v -0.393598 2.445321 0.769326
v -0.516770 2.350200 0.656130
v -0.209831 2.500601 0.840282
v 0.003433 2.490122 0.846105
v 0.213891 2.437032 0.798078
v 0.425363 2.478864 0.806686
v 0.623612 2.466228 0.749894
v -1.018264 1.402188 1.015500
v -0.593310 2.264864 0.524297
v -0.630303 2.151391 0.573971
v -0.686409 2.029489 0.634691
v -0.755293 1.890878 0.698008
v -0.861419 1.764102 0.808267
v -0.948789 1.598574 0.915998
v -1.077573 1.377110 -0.930101
v -1.093720 1.333447 -0.615388
v -1.064032 1.555259 -0.589696
v -0.942158 1.572519 -0.834436
v -1.204481 1.340441 -0.351172
v -1.183337 1.557400 -0.339519
v -1.203582 1.332283 -0.057056
v -1.199089 1.561270 -0.051544
v -1.176563 1.332542 0.222096
v -1.107082 1.554029 0.207370
v -1.279191 1.351459 0.512654
v -1.102491 1.545979 0.455050
v -1.239121 1.387228 0.800039
v -1.022240 1.531929 0.687149
v -1.053670 1.766951 -0.571857
v -1.005975 1.806544 -0.857374
v -1.122599 1.766160 -0.318877
v -1.177746 1.764795 -0.067073
v -1.135435 1.757438 0.194620
v -0.946555 1.708117 0.381621
v -0.848273 1.677568 0.568293
v -1.068763 1.966757 -0.560799
v -0.968641 1.989790 -0.828592
v -1.050859 1.938233 -0.303420
v -1.121212 1.950983 -0.079390
v -1.057961 1.927916 0.155482
v -0.885891 1.867412 0.334391
v -0.720892 1.799751 0.458821
v -1.002148 2.130999 -0.534861
v -0.913178 2.147970 -0.786064
v -0.952084 2.071204 -0.285530
v -1.002515 2.086901 -0.082623
v -0.939275 2.051067 0.118030
v -0.788269 1.969408 0.263389
v -0.651693 1.914013 0.393667
v -0.913719 2.266980 -0.511204
v -0.813833 2.263731 -0.722695
v -0.995365 2.269064 -0.313794
v -0.983224 2.251275 -0.090196
v -0.855836 2.176090 0.091716
v -0.712028 2.072769 0.226085
v -0.632123 2.059581 0.372869
v -0.815257 2.408092 -0.509749
v -0.723816 2.384254 -0.672019
v -0.925294 2.466552 -0.330585
v -0.907177 2.435950 -0.102311
v -0.809183 2.343069 0.076185
v -0.689976 2.225995 0.213121
v -0.601542 2.179591 0.351999
vn -0.7279 -0.3706 0.5769
vn -0.6907 -0.2790 0.6671
vn -0.7714 -0.4470 0.4528
vn -0.8246 -0.4823 0.2956
vn -0.5800 -0.3233 0.7477
vn -0.7085 -0.3955 0.5844
vn -0.5958 -0.1353 0.7916
vn -0.7152 -0.1411 0.6846
vn -0.5570 0.1491 0.8170
vn -0.6799 0.1627 0.7150
vn -0.3422 0.5122 0.7877
vn -0.5285 0.5022 0.6844
vn -0.1113 0.6173 0.7789
vn -0.3747 0.4887 0.7879
vn -0.7400 -0.6412 0.2034
vn -0.7747 -0.6278 -0.0752
vn -0.7797 -0.4661 0.4180
vn -0.8326 -0.1632 0.5292
vn -0.7863 0.2258 0.5750
vn -0.6260 0.5175 0.5833
vn -0.6511 0.3134 0.6913
vn -0.6632 -0.7376 -0.1268
vn -0.7138 -0.6566 -0.2438
vn -0.8527 -0.5194 0.0550
vn -0.9707 -0.1530 0.1852
vn -0.9150 0.2969 0.2733
vn -0.7748 0.5082 0.3760
vn -0.8588 0.2180 0.4637
vn -0.6100 -0.7297 -0.3087
vn -0.8377 -0.5373 -0.0976
vn -0.8083 -0.5159 -0.2837
vn -0.9730 -0.1259 -0.1934
vn -0.9567 0.2873 -0.0468
vn -0.9270 0.3016 0.2227
vn -0.9029 0.1073 0.4163
vn -0.6705 -0.7362 -0.0920
vn -0.9159 -0.4003 0.0303
vn -0.8174 -0.5483 -0.1768
vn -0.9648 -0.2460 -0.0933
vn -0.9770 0.0598 0.2046
vn -0.9081 -0.0025 0.4187
vn -0.8347 0.0112 0.5506
vn -0.6489 -0.7563 0.0830
vn -0.8942 -0.4363 -0.0997
vn -0.8124 -0.5513 0.1901
vn -0.8685 -0.4020 0.2901
vn -0.8885 -0.1461 0.4351
vn -0.9113 -0.0394 0.4100
vn -0.9224 0.1157 0.3686
vn -0.4561 -0.5558 0.6950
vn -0.5389 -0.3273 0.7762
vn -0.5573 -0.6532 0.5126
vn -0.5551 -0.1755 0.8131
vn -0.5709 -0.2818 0.7712
vn -0.6124 -0.1966 0.7657
vn -0.5846 0.2083 0.7842
vn -0.3664 0.6239 0.6903
vn -0.2131 0.7554 0.6197
vn -0.2754 0.5542 0.7855
vn -0.2042 0.2874 0.9358
vn -0.3423 0.1042 0.9338
vn -0.5938 0.0402 0.8036
vn -0.8203 0.1777 0.5436
vn -0.8327 0.3579 0.4225
vn -0.6675 0.4305 0.6076
vn -0.6885 0.5186 0.5070
vn -0.8024 0.5085 0.3122
vn -0.9810 0.1757 0.0826
vn -0.9906 0.1213 0.0637
vn -0.9859 -0.0927 0.1393
vn -0.8975 -0.3751 0.2317
vn -0.7858 -0.5464 0.2897
vn -0.5252 -0.8361 0.1587
vn -0.7571 -0.6367 -0.1464
vn -0.9633 -0.1302 -0.2347
vn -0.8610 -0.2372 -0.4498
vn -0.9810 -0.1229 0.1501
vn -0.9222 -0.2649 0.2817
vn -0.8154 -0.5736 -0.0783
vn -0.6755 -0.7178 -0.1687
vn -0.6505 -0.7347 0.1927
vn -0.5987 -0.7979 0.0705
vn -0.5132 -0.8556 0.0678
vn -0.6182 -0.7480 -0.2414
vn -0.6871 -0.6965 0.2069
vn -0.8420 -0.5365 0.0569
vn -0.7892 -0.4968 -0.3611
vn -0.9766 -0.2132 -0.0276
vn -0.9319 -0.0811 -0.3534
vn -0.9805 0.0616 -0.1866
vn -0.8940 0.1884 -0.4065
vn -0.9666 0.1423 -0.2131
vn -0.9105 0.0364 -0.4119
vn -0.9990 0.0306 -0.0333
vn -0.9508 -0.1596 -0.2654
vn -0.9059 -0.3987 -0.1426
vn -0.8943 -0.3850 0.2281
vn -0.7534 -0.4199 -0.5061
vn -0.8259 -0.0325 -0.5629
vn -0.8404 0.2010 -0.5033
vn -0.8709 -0.0105 -0.4913
vn -0.8529 -0.2636 -0.4506
vn -0.9272 -0.1672 0.3353
vn -0.8655 -0.4434 0.2330
vn -0.9534 -0.2540 0.1627
vn -0.9960 -0.0798 0.0392
vn -0.9883 0.1237 0.0895
vn -0.9979 0.0553 0.0326
vn -0.9611 -0.2682 -0.0664
vn -0.8903 -0.2683 0.3679
vn -0.7297 -0.6456 0.2253
vn -0.8740 -0.1217 0.4705
vn -0.8507 -0.1177 0.5124
vn -0.8456 0.0023 0.5338
vn -0.8554 0.2342 0.4620
vn -0.9626 -0.0807 0.2585
vn -0.9279 -0.3720 0.0260
vn -0.7481 -0.6537 0.1143
vn -0.9772 -0.2050 0.0554
vn -0.9692 -0.2085 0.1308
vn -0.9877 -0.0255 0.1546
vn -0.9197 0.3782 0.1055
vn -0.9863 0.1618 0.0322
vn -0.9479 -0.3185 0.0053
vn -0.8176 -0.5660 0.1055
vn -0.9720 -0.2276 -0.0579
vn -0.9583 -0.2835 -0.0345
vn -0.9993 -0.0227 -0.0312
vn -0.9002 0.4281 -0.0804
vn -0.9493 0.2751 -0.1523
vn -0.8469 -0.5307 -0.0337
vn -0.9607 0.2176 0.1723
vn -0.9857 0.0386 -0.1637
vn -0.9305 -0.1118 -0.3488
vn -0.9505 -0.3055 -0.0569
vn -0.9712 -0.2382 -0.0033
vn -0.9937 -0.0780 -0.0804
vn -0.9660 0.0951 -0.2402
vn -0.6777 0.3879 -0.6247
vn -0.8357 0.4803 -0.2663
vn -0.9016 0.4290 -0.0555
vn -0.9988 -0.0484 -0.0083
vn -0.9527 -0.3039 -0.0041
vn -0.9907 -0.1150 0.0725
vn -0.9559 -0.1978 0.2171
vn -0.7686 -0.6114 0.1883
vn -0.7715 -0.6188 0.1476
vn -0.6641 -0.7456 -0.0549
vn -0.6750 -0.6711 0.3066
vn -0.5606 -0.8065 0.1879
vn -0.5331 -0.8447 0.0477
vn -0.6170 -0.7497 0.2391
vn -0.6910 -0.6078 0.3913
vn 0.7850 -0.6087 0.1149
vn 0.8576 -0.4682 0.2129
vn 0.7830 -0.4525 0.4268
vn 0.7345 -0.5375 0.4142
vn 0.9533 -0.1806 0.2421
vn 0.8448 -0.1700 0.5074
vn 0.9834 0.0789 0.1633
vn 0.8684 -0.0817 0.4891
vn 0.9964 0.0328 -0.0785
vn 0.9320 -0.2391 0.2726
vn 0.9555 0.1829 -0.2315
vn 0.9870 0.0362 0.1567
vn 0.7830 0.5884 -0.2015
vn 0.8158 0.5627 0.1335
vn 0.9222 -0.3831 0.0531
vn 0.7926 -0.6096 -0.0089
vn 0.9561 -0.0210 0.2923
vn 0.9117 -0.1033 0.3977
vn 0.8587 -0.3786 0.3454
vn 0.9338 -0.1030 0.3426
vn 0.8411 0.4126 0.3497
vn 0.9561 -0.2181 -0.1959
vn 0.7302 -0.6274 -0.2704
vn 0.9894 0.1273 -0.0702
vn 0.9957 0.0569 0.0727
vn 0.9253 -0.3218 0.2008
vn 0.9175 -0.1821 0.3536
vn 0.8262 0.2987 0.4776
vn 0.9660 -0.2433 0.0875
vn 0.6786 -0.7257 0.1133
vn 0.9927 0.1172 0.0285
vn 0.9688 0.2414 0.0566
vn 0.9608 -0.0448 0.2734
vn 0.8209 -0.1932 0.5375
vn 0.6889 0.1566 0.7077
vn 0.8830 -0.3811 0.2739
vn 0.4991 -0.7924 0.3508
vn 0.9740 0.0452 0.2220
vn 0.8983 0.3334 0.2862
vn 0.7656 0.3412 0.5454
vn 0.6460 -0.0687 0.7602
vn 0.5508 -0.0048 0.8346
vn 0.6729 -0.5088 0.5370
vn 0.3178 -0.8501 0.4199
vn 0.8092 -0.0057 0.5875
vn 0.7314 0.3737 0.5704
vn 0.5959 0.5442 0.5905
vn 0.5638 0.2346 0.7919
vn 0.4574 -0.1068 0.8828
vn 0.7862 -0.5208 -0.3326
vn 0.7047 -0.6665 -0.2433
vn 0.8778 -0.4790 -0.0098
vn 0.8881 -0.4414 -0.1285
vn 0.9842 -0.1423 -0.1051
vn 0.9919 0.1190 -0.0441
vn 0.9880 0.1049 0.1138
vn 0.9428 0.3186 0.0979
vn 0.8364 0.5272 0.1499
vn 0.9190 0.3081 0.2458
vn 0.8555 0.5149 -0.0536
vn 0.7207 0.6760 0.1535
vn 0.6268 0.7001 0.3421
vn 0.5588 0.6228 0.5475
vn 0.4476 0.4904 0.7478
vn 0.3648 0.3519 0.8620
vn 0.2457 0.1459 0.9583
vn 0.1155 -0.0746 0.9905
vn 0.2019 0.0010 0.9794
vn 0.3120 0.4752 0.8227
vn 0.3840 0.5729 0.7241
vn 0.4467 0.3355 0.8294
vn 0.4421 -0.0595 0.8950
vn 0.3154 -0.5365 0.7828
vn 0.1764 -0.8228 0.5403
vn 0.2877 -0.8826 0.3717
vn 0.2940 -0.8395 0.4569
vn 0.2120 -0.9245 0.3169
vn 0.2441 -0.9659 0.0866
vn 0.4103 -0.9031 -0.1265
vn 0.7072 -0.6550 0.2661
vn 0.7953 -0.4154 0.4414
vn 0.3655 -0.6003 0.7113
vn 0.0596 -0.4257 0.9029
vn 0.2453 -0.0923 0.9651
vn 0.5877 -0.2623 0.7654
vn 0.0172 -0.0999 0.9948
vn -0.0413 -0.0212 0.9989
vn 0.0269 0.2623 0.9646
vn -0.0854 0.1979 0.9765
vn -0.0210 0.5164 0.8561
vn -0.0189 0.5122 0.8586
vn -0.1360 0.5158 0.8458
vn 0.0075 0.5968 0.8023
vn -0.2387 0.1270 0.9627
vn -0.0764 0.3277 0.9417
vn 0.3491 0.1335 0.9275
vn 0.4342 -0.2151 0.8747
vn 0.1662 0.1696 0.9714
vn 0.0623 0.1618 0.9849
vn 0.1354 0.4410 0.8872
vn 0.2875 0.5771 0.7644
vn 0.2718 0.5043 0.8196
vn 0.0958 0.1613 0.9823
vn 0.0628 -0.2807 0.9578
vn 0.1028 0.2791 0.9547
vn 0.1420 0.1129 0.9834
vn 0.2352 0.3302 0.9141
vn 0.2706 0.5364 0.7994
vn 0.2692 0.5644 0.7804
vn -0.2551 0.1445 0.9561
vn -0.3730 -0.3034 0.8768
vn -0.0584 0.1415 0.9882
vn 0.2340 -0.0700 0.9697
vn 0.3742 0.2451 0.8944
vn 0.2825 0.5962 0.7515
vn 0.1449 0.6202 0.7709
vn -0.5596 0.0653 0.8262
vn -0.6887 -0.2744 0.6711
vn -0.3031 -0.1780 0.9362
vn -0.1113 -0.2823 0.9529
vn -0.0630 0.2630 0.9627
vn -0.0230 0.6878 0.7255
vn -0.0933 0.7464 0.6589
vn -0.5805 -0.0979 0.8084
vn -0.6618 -0.2853 0.6933
vn -0.5531 -0.3168 0.7705
vn -0.5942 -0.2754 0.7557
vn -0.5826 0.2516 0.7729
vn -0.4287 0.6607 0.6161
vn -0.3530 0.7930 0.4965
vn 0.6639 -0.5707 0.4832
vn -0.2064 0.0131 0.9784
vn -0.3740 0.1229 0.9192
vn -0.0323 0.4467 0.8941
vn 0.2316 0.6358 0.7363
vn 0.1277 0.6455 0.7530
vn -0.1838 0.5871 0.7883
vn -0.3966 0.5184 0.7576
vn -0.6392 -0.5276 0.5595
vn -0.6898 -0.5319 0.4911
vn -0.4194 -0.6696 0.6129
vn 0.0164 -0.7194 0.6944
vn 0.4218 -0.6158 0.6655
vn 0.7013 -0.4602 0.5444
vn -0.7699 -0.5443 -0.3330
vn -0.4741 -0.8110 -0.3427
vn -0.4900 -0.8574 0.1575
vn -0.8151 -0.5543 0.1683
vn -0.1357 -0.9401 -0.3126
vn -0.1512 -0.9754 0.1606
vn 0.0866 -0.9674 -0.2381
vn 0.1851 -0.9578 0.2201
vn 0.0764 -0.9924 -0.0969
vn 0.1833 -0.9273 0.3265
vn 0.3371 -0.9409 -0.0322
vn 0.2458 -0.8816 0.4029
vn 0.8095 -0.5863 -0.0311
vn 0.6995 -0.5593 0.4449
vn -0.4348 -0.7195 0.5415
vn -0.7134 -0.4885 0.5024
vn -0.1364 -0.8286 0.5430
vn 0.2194 -0.7899 0.5727
vn 0.2313 -0.7363 0.6359
vn 0.2008 -0.7132 0.6716
vn 0.5442 -0.5604 0.6243
vn -0.4703 -0.7660 0.4383
vn -0.6641 -0.7076 0.2414
vn -0.2171 -0.8903 0.4002
vn 0.2327 -0.9425 0.2400
vn 0.3607 -0.9142 0.1848
vn 0.3737 -0.8837 0.2819
vn 0.4175 -0.8813 0.2214
vn -0.4783 -0.8781 -0.0164
vn -0.4882 -0.8656 -0.1117
vn -0.3663 -0.9260 -0.0911
vn 0.0299 -0.9733 -0.2275
vn 0.3820 -0.8757 -0.2952
vn 0.5516 -0.8073 -0.2098
vn 0.3739 -0.9273 -0.0174
vn -0.5227 -0.8515 -0.0429
vn -0.4895 -0.8680 0.0830
vn -0.3968 -0.9171 -0.0377
vn -0.0422 -0.9990 0.0119
vn 0.3581 -0.9336 -0.0140
vn 0.6854 -0.7268 -0.0436
vn 0.5454 -0.8276 0.1327
vn -0.6421 -0.7111 0.2865
vn -0.5762 -0.7036 0.4158
vn -0.4007 -0.8710 0.2843
vn -0.0190 -0.9477 0.3186
vn 0.3673 -0.8745 0.3169
vn 0.7270 -0.6429 0.2411
vn 0.7132 -0.6513 0.2590
vn -0.6764 -0.4671 -0.5696
vn -0.5061 -0.6783 -0.5327
vn -0.2178 -0.8949 -0.3895
vn -0.0361 -0.9748 -0.2202
vn 0.0709 -0.9654 -0.2508
vn 0.4508 -0.8236 -0.3440
vn 0.8092 -0.4757 -0.3450
vn 0.8468 0.4715 0.2462
vn 0.4235 0.7416 0.5203
vn 0.3782 0.5929 0.7109
vn 0.7067 0.5566 0.4367
vn 0.0131 0.8413 0.5405
vn 0.0418 0.6826 0.7296
vn -0.0907 0.8476 0.5228
vn -0.1117 0.6993 0.7061
vn -0.4130 0.7883 0.4562
vn -0.2893 0.7285 0.6209
vn -0.3950 0.7764 0.4910
vn -0.3887 0.8213 0.4176
vn -0.2862 0.7591 0.5846
vn -0.4307 0.7768 0.4594
vn 0.2049 0.5777 0.7901
vn 0.4684 0.7102 0.5256
vn 0.0164 0.4402 0.8978
vn -0.0796 0.4665 0.8809
vn -0.0730 0.6323 0.7713
vn -0.1783 0.8206 0.5430
vn -0.5373 0.7473 0.3909
vn -0.0786 0.6423 0.7625
vn 0.2784 0.7356 0.6176
vn -0.1536 0.4134 0.8975
vn 0.0917 0.3692 0.9248
vn 0.1593 0.6129 0.7740
vn -0.0012 0.7216 0.6924
vn -0.4568 0.5691 0.6838
vn -0.2509 0.5877 0.7692
vn 0.1548 0.6152 0.7730
vn -0.3529 0.4166 0.8378
vn 0.1735 0.3597 0.9168
vn 0.3569 0.4377 0.8252
vn 0.0283 0.4617 0.8866
vn -0.2988 0.2509 0.9208
vn -0.3488 0.4527 0.8206
vn 0.0102 0.5032 0.8641
vn -0.4579 0.4058 0.7910
vn 0.1066 0.4667 0.8780
vn 0.4329 0.2834 0.8558
vn 0.0070 0.1866 0.9824
vn -0.2398 0.0505 0.9695
vn -0.4266 0.3632 0.8283
vn -0.1390 0.3500 0.9264
vn -0.3752 0.4299 0.8212
vn 0.1260 0.6028 0.7879
vn 0.3346 0.5201 0.7859
vn -0.0707 0.2711 0.9600
vn -0.2952 0.0910 0.9511
vn 0.8767 0.4565 0.1519
vn 0.4191 0.8420 0.3397
vn 0.0078 0.9058 0.4236
vn -0.0823 0.8931 0.4422
vn -0.3725 0.7780 0.5059
vn -0.3143 0.6469 0.6948
vn -0.3529 0.6928 0.6289
vn -0.2526 0.5244 -0.8131
vn -0.1193 0.5841 -0.8029
vn -0.3897 0.8402 -0.3770
vn -0.2352 0.8840 -0.4041
vn -0.0944 0.8247 -0.5576
vn -0.3606 0.9033 -0.2323
vn -0.2871 0.9229 -0.2564
vn -0.3181 0.9197 -0.2300
vn -0.1803 0.9670 -0.1799
vn -0.1829 0.8900 -0.4177
vn 0.2889 0.9418 -0.1719
vn 0.1839 0.8508 -0.4922
vn 0.6711 0.7332 -0.1094
vn 0.6009 0.7365 -0.3106
vn -0.3529 0.9315 -0.0879
vn -0.0986 0.9939 -0.0489
vn -0.3869 0.9010 -0.1963
vn -0.2305 0.9059 -0.3553
vn -0.0283 0.8392 -0.5431
vn 0.0585 0.7662 -0.6400
vn 0.3403 0.7617 -0.5514
vn -0.1299 0.9560 -0.2631
vn 0.0887 0.9876 -0.1298
vn -0.2994 0.8886 -0.3474
vn -0.1547 0.8612 -0.4842
vn 0.1474 0.7061 -0.6926
vn 0.0904 0.6169 -0.7818
vn 0.1033 0.6116 -0.7844
vn 0.0141 0.9847 -0.1740
vn 0.0756 0.9471 -0.3118
vn -0.2408 0.9589 -0.1503
vn -0.0566 0.9620 -0.2673
vn 0.3435 0.7981 -0.4950
vn 0.3056 0.6597 -0.6866
vn 0.1464 0.4445 -0.8837
vn -0.0818 0.9822 -0.1691
vn -0.1507 0.9255 -0.3475
vn -0.2241 0.9724 -0.0645
vn 0.0183 0.9919 -0.1259
vn 0.4264 0.8807 -0.2064
vn 0.5196 0.8025 -0.2932
vn 0.5343 0.6831 -0.4979
vn -0.1666 0.8017 -0.5740
vn -0.3035 0.7703 -0.5608
vn -0.2855 0.8051 -0.5199
vn -0.0153 0.8488 -0.5285
vn 0.4284 0.7716 -0.4701
vn 0.6211 0.6695 -0.4075
vn 0.6457 0.6520 -0.3974
vn -0.2710 0.5395 -0.7972
vn -0.3903 0.6362 -0.6655
vn 0.0774 0.6008 -0.7956
vn 0.1490 0.6399 -0.7539
vn -0.2171 0.7027 -0.6775
vn -0.1341 0.7634 -0.6319
vn 0.4046 0.7514 -0.5213
vn 0.6765 0.4867 -0.5527
vn 0.7996 0.1972 -0.5672
vn 0.8876 0.4498 -0.0988
vn 0.8496 0.5259 -0.0398
vn 0.6991 0.6224 -0.3520
vn 0.4444 0.4644 -0.7660
vn 0.2451 0.2089 -0.9467
vn 0.5910 0.3789 -0.7121
vn 0.7702 0.5570 -0.3107
vn 0.6334 0.5133 -0.5792
vn 0.6250 0.4535 -0.6354
vn 0.6334 0.4536 -0.6270
vn 0.3542 0.5348 -0.7672
vn -0.1083 0.5511 -0.8274
vn -0.3284 0.4871 -0.8092
vn -0.1828 0.4291 -0.8846
vn -0.2847 0.3910 -0.8753
vn -0.6847 0.5285 -0.5018
vn -0.6450 0.3042 -0.7010
vn -0.5059 0.7152 -0.4822
vn -0.3420 0.8506 -0.3995
vn -0.2665 0.9638 -0.0118
vn -0.2037 0.9721 0.1162
vn -0.1417 0.9202 -0.3649
vn 0.7333 0.3560 0.5793
vn 0.8245 0.2616 0.5017
vn 0.9239 0.1927 0.3306
vn 0.7782 0.0381 0.6269
vn 0.8829 0.0247 0.4688
vn 0.8945 0.1581 0.4183
vn 0.9333 -0.0401 0.3569
vn 0.7711 -0.0545 0.6343
vn 0.9581 -0.2350 0.1635
vn 0.6974 -0.3492 0.6259
vn 0.8810 -0.4724 0.0273
vn 0.7190 -0.4832 0.4996
vn 0.6393 -0.7689 -0.0028
vn 0.5683 -0.6871 0.4527
vn 0.9170 0.0536 0.3953
vn 0.7777 -0.3213 0.5403
vn 0.8774 0.3376 0.3408
vn 0.9145 -0.0116 0.4045
vn 0.8114 -0.4453 0.3785
vn 0.7513 -0.5665 0.3385
vn 0.6639 -0.6798 0.3116
vn 0.8619 0.0482 0.5047
vn 0.9190 -0.2700 0.2872
vn 0.9093 0.1991 0.3654
vn 0.9858 -0.1587 0.0544
vn 0.8886 -0.4510 -0.0836
vn 0.8322 -0.5519 -0.0534
vn 0.7215 -0.6912 -0.0417
vn 0.9040 0.2063 0.3744
vn 0.9890 0.1363 0.0567
vn 0.9219 -0.1343 0.3633
vn 0.9183 -0.3635 0.1570
vn 0.9216 -0.3264 0.2100
vn 0.8137 -0.4631 0.3513
vn 0.5961 -0.7463 0.2962
vn 0.9555 0.2949 0.0097
vn 0.8788 0.4559 -0.1406
vn 0.9622 -0.2424 0.1238
vn 0.9111 -0.2814 0.3013
vn 0.8547 -0.0465 0.5171
vn 0.6985 -0.3488 0.6249
vn 0.4182 -0.7234 0.5493
vn 0.8485 0.3503 -0.3967
vn 0.7549 0.4617 -0.4658
vn 0.9920 -0.0575 -0.1122
vn 0.9813 -0.0551 0.1843
vn 0.9756 -0.0304 0.2176
vn 0.8658 -0.4484 0.2220
vn 0.5478 -0.7731 0.3198
vn 0.7102 0.1473 0.6884
vn 0.7059 -0.7038 -0.0801
vn 0.4681 -0.8082 0.3575
vn 0.4218 -0.8635 0.2764
vn 0.5032 -0.8600 -0.0854
vn 0.3513 -0.9322 0.0867
vn 0.1390 -0.9093 0.3923
vn 0.1962 -0.8615 0.4683
vn 0.4571 -0.7346 0.5015
vn 0.7736 -0.5917 0.2268
vn 0.9056 -0.4232 -0.0272
vn 0.9804 -0.1971 -0.0059
vn 0.9967 0.0008 0.0806
vn 0.9445 0.3106 -0.1072
vn 0.7066 0.5605 -0.4319
vn 0.7537 0.4183 -0.5069
vn 0.8921 0.0873 -0.4434
vn 0.9597 0.1071 -0.2598
vn 0.9755 -0.0001 -0.2198
vn 0.9920 -0.0561 0.1128
vn 0.7938 -0.0542 0.6058
vn 0.5644 0.0039 0.8255
vn 0.8444 -0.4842 -0.2294
vn 0.6570 -0.7162 -0.2355
vn 0.7359 -0.6754 0.0483
vn 0.7201 -0.6629 0.2052
vn 0.2999 -0.9535 -0.0281
vn 0.4863 -0.8709 0.0711
vn -0.0526 -0.9881 0.1444
vn 0.0558 -0.9883 0.1420
vn -0.3990 -0.9145 0.0670
vn -0.3991 -0.8982 0.1845
vn -0.7126 -0.6936 -0.1057
vn -0.7022 -0.6876 0.1848
vn -0.8168 -0.5587 -0.1437
vn -0.7361 -0.6223 0.2663
vn 0.6624 -0.7486 0.0285
vn 0.4919 -0.8441 0.2134
vn 0.5622 -0.8229 -0.0822
vn 0.1944 -0.9775 -0.0819
vn -0.3227 -0.9446 -0.0607
vn -0.6877 -0.7245 -0.0457
vn -0.6421 -0.7643 0.0591
vn 0.5014 -0.8377 -0.2165
vn 0.3696 -0.9180 -0.1437
vn 0.5811 -0.7764 -0.2439
vn 0.2631 -0.9043 -0.3361
vn -0.2231 -0.8986 -0.3779
vn -0.5762 -0.7814 -0.2398
vn -0.5246 -0.8500 -0.0476
vn 0.4091 -0.8747 -0.2599
vn 0.1688 -0.9701 -0.1745
vn 0.6127 -0.7604 -0.2154
vn 0.3497 -0.9141 -0.2051
vn -0.0389 -0.9965 -0.0741
vn -0.3626 -0.9153 0.1751
vn -0.5088 -0.8150 0.2773
vn 0.2371 -0.9619 0.1360
vn -0.0521 -0.9682 0.2449
vn 0.5835 -0.8117 0.0253
vn 0.4977 -0.8652 0.0603
vn 0.1764 -0.9312 0.3189
vn -0.1750 -0.8776 0.4463
vn -0.5479 -0.7072 0.4468
vn -0.1179 -0.8429 0.5250
vn -0.0148 -0.8110 0.5848
vn 0.3066 -0.9170 0.2552
vn 0.5374 -0.8419 0.0485
vn 0.2557 -0.9643 0.0687
vn -0.1630 -0.9807 0.1081
vn -0.5915 -0.7936 0.1425
vn -0.5280 -0.8197 -0.2219
vn -0.1492 -0.9562 -0.2518
vn 0.2086 -0.9595 -0.1892
vn 0.3449 -0.9352 0.0803
vn -0.0224 -0.9204 0.3904
vn -0.2298 -0.8195 0.5249
vn 0.0921 -0.8245 0.5583
vn 0.4487 0.1034 -0.8877
vn 0.3533 0.1583 -0.9220
vn 0.3464 0.1377 -0.9279
vn 0.4503 0.1923 -0.8719
vn 0.0164 0.1745 -0.9845
vn -0.0079 0.2143 -0.9767
vn -0.3042 0.2681 -0.9141
vn -0.3993 0.2724 -0.8754
vn 0.0553 0.4802 -0.8754
vn -0.0863 0.3398 -0.9365
vn 0.1746 0.5334 -0.8277
vn 0.2211 0.2916 -0.9306
vn -0.2122 0.5039 -0.8373
vn -0.1866 0.2324 -0.9545
vn 0.2811 0.3057 -0.9097
vn 0.4924 0.2413 -0.8363
vn -0.0710 0.3366 -0.9390
vn -0.4089 0.2313 -0.8828
vn -0.1072 0.2088 -0.9721
vn 0.2279 0.2269 -0.9469
vn -0.1574 0.2615 -0.9523
vn 0.1883 0.4139 -0.8906
vn 0.4331 0.4105 -0.8024
vn -0.0351 0.3081 -0.9507
vn -0.3336 0.0547 -0.9411
vn -0.1291 0.0353 -0.9910
vn 0.1123 0.2787 -0.9538
vn -0.1068 0.4382 -0.8925
vn 0.2199 0.4109 -0.8848
vn 0.3715 0.5727 -0.7307
vn 0.0559 0.2627 -0.9632
vn -0.2383 0.1286 -0.9626
vn -0.2430 0.1742 -0.9543
vn -0.0383 0.4455 -0.8945
vn -0.0705 0.5672 -0.8206
vn 0.3166 0.4841 -0.8158
vn 0.4461 0.6690 -0.5945
vn 0.0632 0.4083 -0.9107
vn -0.2409 0.3844 -0.8912
vn -0.3717 0.4441 -0.8152
vn -0.1458 0.6030 -0.7843
vn -0.0291 0.6576 -0.7528
vn 0.3479 0.6508 -0.6749
vn 0.5641 0.6808 -0.4673
vn 0.0067 0.6374 -0.7705
vn -0.2978 0.6116 -0.7329
vn -0.4534 0.6198 -0.6406
vn -0.1793 0.7248 -0.6653
vn 0.0132 0.7457 -0.6661
vn 0.6908 0.0334 -0.7223
vn -0.5620 0.4666 -0.6830
vn -0.6289 0.2110 -0.7483
vn -0.6060 0.1524 -0.7807
vn -0.4919 0.4220 -0.7615
vn -0.3907 0.5832 -0.7122
vn -0.3071 0.6948 -0.6503
vn -0.2262 0.7775 -0.5868
vn -0.1184 0.8832 -0.4538
vn 0.0762 0.8869 -0.4557
vn -0.1811 0.8491 -0.4962
vn -0.4914 0.7251 -0.4824
vn -0.3400 0.7842 -0.5190
vn -0.0621 0.8388 -0.5409
vn 0.3081 0.8153 -0.4902
vn 0.6045 0.7161 -0.3490
vn 0.6039 0.7555 -0.2540
vn 0.6938 0.6769 -0.2460
vn 0.5528 0.7792 -0.2956
vn 0.6209 0.6744 -0.3996
vn 0.7115 0.4516 -0.5384
vn 0.7127 0.3183 -0.6250
vn 0.6685 0.3066 -0.6776
vn -0.7000 -0.5280 -0.4809
vn -0.5548 -0.7809 -0.2871
vn -0.5005 -0.7340 -0.4591
vn -0.5506 -0.4597 -0.6968
vn -0.6037 -0.7004 -0.3808
vn -0.4453 -0.7316 -0.5163
vn -0.7411 -0.2159 -0.6358
vn -0.5391 -0.2904 -0.7906
vn -0.6865 0.2823 -0.6701
vn -0.5479 0.2846 -0.7867
vn -0.5421 0.3960 -0.7412
vn -0.4596 0.5854 -0.6679
vn -0.4085 0.2677 -0.8726
vn -0.3098 0.4594 -0.8324
vn 0.0225 -0.5812 -0.8134
vn 0.0032 -0.4198 -0.9076
vn 0.0306 -0.7302 -0.6826
vn 0.0360 -0.3273 -0.9442
vn 0.0168 0.2257 -0.9741
vn -0.1014 0.5576 -0.8239
vn -0.2831 0.4831 -0.8285
vn 0.3269 -0.4958 -0.8045
vn 0.4561 -0.3460 -0.8199
vn 0.3478 -0.6109 -0.7112
vn 0.4874 -0.2401 -0.8395
vn 0.4501 0.0379 -0.8922
vn 0.1909 0.2010 -0.9608
vn -0.0930 0.3235 -0.9417
vn 0.0857 -0.7310 -0.6770
vn 0.2865 -0.6414 -0.7117
vn 0.0519 -0.5735 -0.8176
vn 0.2231 -0.0966 -0.9700
vn 0.3297 -0.0739 -0.9412
vn 0.3157 -0.1004 -0.9435
vn 0.3003 0.2019 -0.9322
vn 0.0436 -0.8478 -0.5285
vn 0.0493 -0.8425 -0.5364
vn 0.0750 -0.5110 -0.8563
vn 0.0454 -0.0384 -0.9982
vn 0.0692 0.0836 -0.9941
vn 0.3180 0.0579 -0.9463
vn 0.5588 0.2340 -0.7956
vn 0.2659 -0.7949 -0.5454
vn 0.1587 -0.7335 -0.6609
vn 0.4444 -0.4699 -0.7627
vn 0.4436 -0.1039 -0.8902
vn 0.3511 0.2094 -0.9126
vn 0.3421 0.4264 -0.8373
vn 0.5055 0.4693 -0.7240
vn -0.7729 -0.5747 -0.2689
vn -0.5349 -0.7380 -0.4114
vn -0.7968 -0.5256 -0.2980
vn -0.3924 -0.8287 -0.3991
vn -0.4723 -0.6657 -0.5778
vn -0.5525 -0.1576 -0.8185
vn -0.4215 0.2117 -0.8818
vn -0.3678 0.3090 -0.8771
vn -0.5223 0.2956 -0.7999
vn 0.5984 0.6295 -0.4957
vn 0.6101 0.5867 -0.5325
vn 0.6953 0.2882 -0.6584
vn 0.6948 -0.0608 -0.7166
vn 0.5859 -0.2925 -0.7558
vn 0.3865 -0.6003 -0.7002
vn 0.2314 -0.7001 -0.6755
vn 0.1731 -0.3722 -0.9119
vn 0.3164 -0.4052 -0.8577
vn 0.0391 -0.5508 -0.8337
vn 0.2074 -0.7418 -0.6378
vn 0.4886 -0.7336 -0.4724
vn 0.0346 -0.8951 -0.4444
vn -0.5266 -0.7598 -0.3813
vn -0.7073 -0.7032 0.0723
vn -0.9829 -0.1670 0.0780
vn -0.9859 -0.0617 0.1556
vn -0.7461 -0.5973 0.2942
vn -0.9996 0.0079 0.0281
vn -0.9609 -0.0931 0.2607
vn -0.9714 -0.2374 -0.0010
vn -0.8792 -0.2349 0.4146
vn -0.9890 -0.0759 -0.1269
vn -0.9328 0.0251 0.3596
vn -0.8742 0.4126 -0.2559
vn -0.8513 0.5186 0.0789
vn -0.6281 0.6683 -0.3986
vn -0.5261 0.8356 -0.1583
vn -0.8846 -0.1078 0.4537
vn -0.7921 -0.4482 0.4143
vn -0.7659 -0.2392 0.5967
vn -0.7658 -0.2093 0.6080
vn -0.8592 0.1453 0.4906
vn -0.7767 0.5001 0.3831
vn -0.5506 0.7857 0.2819
vn -0.8076 -0.4218 0.4121
vn -0.7989 -0.5889 0.1223
vn -0.7620 -0.3435 0.5490
vn -0.8827 -0.0874 0.4617
vn -0.9399 0.2379 0.2450
vn -0.8692 0.4847 0.0980
vn -0.6713 0.7395 0.0492
vn -0.6710 -0.7298 0.1306
vn -0.5487 -0.8168 -0.1783
vn -0.8650 -0.4458 0.2305
vn -0.9810 -0.0353 0.1907
vn -0.9345 0.3481 0.0744
vn -0.8114 0.5665 -0.1443
vn -0.6672 0.6626 -0.3402
vn -0.4564 -0.8310 -0.3180
vn -0.2803 -0.8589 -0.4286
vn -0.7636 -0.5670 -0.3088
vn -0.9250 -0.1234 -0.3594
vn -0.8494 0.3224 -0.4178
vn -0.5875 0.6295 -0.5085
vn -0.5547 0.6193 -0.5557
vn -0.2639 -0.7966 -0.5439
vn -0.2967 -0.8356 -0.4622
vn -0.4452 -0.5910 -0.6727
vn -0.5677 -0.1646 -0.8066
vn -0.4912 0.1887 -0.8503
vn -0.3508 0.4714 -0.8091
vn -0.5432 0.5138 -0.6640
vn -0.3799 -0.9173 -0.1192
vn -0.6069 -0.7851 -0.1232
vn -0.3647 -0.8522 -0.3751
vn -0.3568 -0.8621 -0.3599
vn -0.4477 -0.8942 0.0013
vn -0.3589 -0.8265 0.4337
vn -0.2423 -0.9094 0.3379
vn 0.8565 0.4720 -0.2088
vn 0.6880 0.6602 -0.3012
vn 0.8724 0.3934 -0.2901
vn 0.9215 0.3868 0.0340
vn 0.8621 0.4136 -0.2928
vn 0.7515 0.3126 -0.5809
vn 0.9792 -0.0551 -0.1954
vn 0.8514 -0.0004 -0.5245
vn 0.9320 -0.3287 -0.1531
vn 0.8889 -0.2998 -0.3463
vn 0.9454 -0.3066 -0.1104
vn 0.9198 -0.2406 -0.3099
vn 0.9188 -0.3930 0.0374
vn 0.8793 -0.3569 -0.3155
vn 0.9854 0.0063 -0.1701
vn 0.9374 0.2932 -0.1879
vn 0.9037 0.2219 -0.3662
vn 0.8886 0.2997 -0.3472
vn 0.9856 -0.1383 -0.0974
vn 0.9304 -0.3584 -0.0763
vn 0.8447 -0.4771 -0.2427
vn 0.8981 -0.0355 -0.4384
vn 0.7397 0.1592 -0.6539
vn 0.9152 0.3213 -0.2434
vn 0.8870 0.4405 -0.1386
vn 0.9992 -0.0264 -0.0301
vn 0.8585 -0.5079 0.0707
vn 0.7360 -0.6770 0.0057
vn 0.4901 0.0856 -0.8675
vn 0.4088 0.0053 -0.9126
vn 0.5391 0.4959 -0.6807
vn 0.6890 0.4287 -0.5844
vn 0.8293 -0.0335 -0.5578
vn 0.7561 -0.5270 -0.3880
vn 0.6704 -0.7207 -0.1765
vn 0.5942 0.4330 -0.6778
vn 0.6074 0.2186 -0.7637
vn 0.4620 0.6465 -0.6071
vn 0.5781 0.4133 -0.7035
vn 0.6661 -0.0089 -0.7458
vn 0.6436 -0.3982 -0.6536
vn 0.5806 -0.6077 -0.5418
vn 0.7520 0.6216 -0.2194
vn 0.8082 0.5395 -0.2361
vn 0.7535 0.5421 -0.3720
vn 0.7575 0.2324 -0.6100
vn 0.6836 -0.0814 -0.7253
vn 0.5685 -0.4174 -0.7089
vn 0.4160 -0.5946 -0.6881
vn 0.6162 -0.7682 0.1736
vn 0.6623 -0.7205 -0.2056
vn 0.7068 -0.6418 -0.2974
vn 0.7040 -0.6995 -0.1229
vn 0.6673 -0.7389 -0.0939
vn 0.5649 -0.6140 -0.5513
vn 0.4321 -0.4784 -0.7644
vn 0.2187 -0.9337 0.2835
vn -0.1679 -0.8800 0.4443
vn -0.0440 -0.9759 0.2139
vn 0.4012 -0.9152 0.0368
vn -0.2399 -0.8465 0.4753
vn -0.3005 -0.9240 0.2363
vn -0.1190 -0.9683 0.2197
vn -0.3691 -0.9117 0.1802
vn -0.0872 -0.9703 -0.2258
vn -0.4605 -0.8856 0.0613
vn -0.1756 -0.8804 -0.4404
vn -0.2758 -0.9605 0.0367
vn -0.3147 -0.8718 -0.3754
vn -0.0664 -0.9828 0.1726
vn 0.0419 -0.9991 -0.0032
vn 0.5158 -0.8308 -0.2088
vn -0.2458 -0.9482 0.2011
vn -0.4557 -0.8448 0.2803
vn -0.5373 -0.7867 0.3041
vn -0.1087 -0.9268 0.3596
vn 0.0559 -0.9163 0.3966
vn 0.1984 -0.9670 0.1598
vn 0.5889 -0.8045 -0.0768
vn -0.2181 -0.9376 0.2709
vn -0.5087 -0.8333 0.2166
vn -0.4955 -0.8637 0.0923
vn 0.0403 -0.9968 -0.0689
vn 0.0282 -0.9984 -0.0482
vn 0.2029 -0.9722 -0.1168
vn 0.5989 -0.7938 -0.1056
vn -0.2798 -0.9488 -0.1466
vn -0.5420 -0.8270 -0.1492
vn -0.3981 -0.9173 0.0080
vn -0.0517 -0.9981 0.0329
vn -0.0446 -0.9573 -0.2856
vn 0.0520 -0.8367 -0.5452
vn 0.4793 -0.6698 -0.5671
vn -0.3350 -0.8015 -0.4954
vn -0.3144 -0.9066 -0.2814
vn -0.1212 -0.9758 0.1822
vn -0.2407 -0.9236 0.2986
vn -0.4271 -0.9041 -0.0139
vn -0.0554 -0.6001 -0.7980
vn 0.3319 -0.4772 -0.8137
vn -0.1669 -0.7553 -0.6338
vn 0.1912 -0.9535 -0.2327
vn 0.0752 -0.9953 0.0611
vn -0.4008 -0.9038 0.1502
vn -0.7088 -0.6933 0.1301
vn -0.6876 0.7206 -0.0895
vn -0.5145 0.8572 -0.0211
vn -0.5456 0.8096 0.2166
vn -0.5620 0.7340 0.3814
vn -0.2058 0.9767 0.0607
vn -0.2137 0.9586 0.1881
vn 0.0115 0.9940 0.1083
vn 0.0640 0.9924 0.1050
vn -0.0676 0.9860 0.1527
vn -0.0473 0.9986 -0.0217
vn -0.0212 0.9877 0.1549
vn -0.0146 0.9989 -0.0457
vn 0.3187 0.9431 0.0950
vn 0.3675 0.9297 -0.0237
vn -0.3630 0.8939 0.2630
vn -0.2554 0.8003 0.5425
vn -0.1622 0.9838 0.0766
vn 0.1519 0.9877 0.0368
vn -0.0080 0.9998 0.0170
vn -0.0339 0.9983 0.0481
vn 0.3688 0.9209 0.1259
vn -0.0357 0.9993 -0.0123
vn -0.0620 0.9634 0.2608
vn -0.0618 0.9645 -0.2567
vn 0.0225 0.9848 -0.1722
vn -0.0904 0.9956 0.0239
vn 0.0019 0.9986 0.0528
vn 0.3654 0.9296 0.0477
vn 0.1890 0.9568 -0.2209
vn 0.0426 0.9854 -0.1651
vn -0.0621 0.9719 -0.2270
vn -0.2269 0.9718 -0.0639
vn -0.1425 0.9879 0.0608
vn 0.1044 0.9945 -0.0119
vn 0.4113 0.9030 -0.1243
vn 0.1141 0.9087 -0.4016
vn 0.0934 0.8419 -0.5315
vn -0.2728 0.9454 -0.1783
vn -0.3461 0.9378 -0.0286
vn -0.1158 0.9932 -0.0097
vn 0.2082 0.9779 -0.0198
vn 0.5022 0.8598 -0.0928
vn -0.1084 0.8931 -0.4366
vn 0.1162 0.8616 -0.4941
vn -0.4604 0.8234 -0.3317
vn -0.3536 0.8854 -0.3016
vn -0.0981 0.9534 -0.2852
vn 0.2635 0.9392 -0.2202
vn 0.5787 0.8000 -0.1585
vn -0.8314 0.5443 -0.1113
vn -0.7196 0.6943 0.0084
vn -0.7804 0.6225 0.0589
vn -0.4960 0.8614 0.1094
vn -0.1850 0.9626 0.1977
vn 0.0957 0.9536 0.2855
vn 0.0022 0.9260 0.3775
vn -0.0304 0.9102 0.4129
vn 0.2928 0.8746 0.3866
vn 0.5466 0.7740 0.3197
vn 0.6241 0.7777 0.0745
vn 0.6695 0.7426 -0.0155
vn 0.6894 0.7088 0.1492
vn 0.6994 0.7099 0.0826
vn 0.7081 0.6895 -0.1522
vn 0.7249 0.6756 -0.1345
vn 0.7164 0.6864 -0.1253
vn -0.1500 0.8307 -0.5361
vn -0.2717 0.7758 -0.5695
vn -0.4129 0.8899 -0.1940
vn -0.4083 0.8402 0.3569
vn -0.3450 0.6635 0.6639
vn -0.4882 0.6263 0.6077
vn 0.6513 0.1327 0.7472
vn 0.5480 0.2229 0.8063
vn 0.6841 0.3813 0.6217
vn 0.6874 0.0871 0.7211
vn 0.7556 0.3674 0.5423
vn 0.6527 0.6599 0.3721
vn 0.9175 0.3941 0.0534
vn 0.6999 0.7142 -0.0093
vn 0.9383 0.2759 -0.2087
vn 0.7574 0.6518 -0.0387
vn 0.9770 0.0735 -0.2003
vn 0.8815 0.4723 -0.0019
vn 0.9320 -0.0095 -0.3624
vn 0.8849 0.3603 -0.2952
vn 0.9042 0.3294 0.2718
vn 0.8094 -0.0041 0.5873
vn 0.6953 0.7110 0.1053
vn 0.6325 0.7738 0.0360
vn 0.7870 0.5899 0.1808
vn 0.8771 0.4532 0.1588
vn 0.8817 0.4160 -0.2224
vn 0.9674 0.2533 0.0041
vn 0.8444 0.2703 0.4625
vn 0.8815 0.4466 -0.1532
vn 0.8040 0.5632 0.1906
vn 0.8086 0.4157 0.4163
vn 0.9061 0.4001 0.1374
vn 0.8603 0.4688 -0.2002
vn 0.8964 0.4422 -0.0302
vn 0.7756 0.5408 0.3255
vn 0.9288 0.2723 -0.2512
vn 0.9051 0.3906 0.1682
vn 0.6929 0.5721 0.4389
vn 0.7209 0.6820 0.1232
vn 0.7069 0.6929 -0.1421
vn 0.7864 0.6175 -0.0176
vn 0.7566 0.6141 0.2246
vn 0.8548 0.4942 -0.1582
vn 0.9038 0.4254 0.0473
vn 0.7703 0.5871 0.2490
vn 0.6252 0.7717 0.1163
vn 0.6102 0.7896 -0.0651
vn 0.7710 0.6364 -0.0253
vn 0.7544 0.6415 0.1393
vn 0.8294 0.5578 0.0321
vn 0.8895 0.4511 0.0721
vn 0.8670 0.4976 -0.0276
vn 0.7515 0.6596 -0.0125
vn 0.6505 0.7578 -0.0514
vn 0.8686 0.1735 0.4642
vn 0.6347 0.6576 0.4058
vn 0.6515 0.5683 0.5026
vn 0.6169 0.4555 0.6419
vn 0.5797 0.2323 0.7810
vn 0.6209 0.0158 0.7838
vn 0.7557 0.0995 0.6473
vn -0.5003 0.5612 0.6594
vn -0.2276 0.5294 0.8173
vn -0.2713 0.4214 0.8654
vn -0.6026 0.5524 0.5759
vn -0.1770 0.7054 0.6863
vn -0.0130 0.3733 0.9276
vn -0.0908 0.8309 0.5490
vn -0.0742 0.4711 0.8790
vn -0.0114 0.7982 0.6022
vn -0.0599 0.4599 0.8859
vn 0.4656 0.7036 0.5368
vn 0.4717 0.4116 0.7798
vn 0.8554 0.3797 0.3523
vn 0.7663 0.2739 0.5812
vn -0.4318 0.3593 0.8273
vn -0.7323 0.5220 0.4373
vn 0.0003 0.2305 0.9731
vn -0.0080 0.2544 0.9671
vn -0.0240 0.4408 0.8973
vn 0.4470 0.4579 0.7685
vn 0.6484 0.2327 0.7249
vn -0.4826 0.5369 0.6920
vn -0.7957 0.5185 0.3132
vn -0.0548 0.4513 0.8907
vn 0.0740 0.3901 0.9178
vn 0.1043 0.5232 0.8458
vn 0.3436 0.5055 0.7915
vn 0.5025 0.2893 0.8147
vn -0.5085 0.6416 0.5743
vn -0.7962 0.5673 0.2101
vn -0.1588 0.5428 0.8247
vn 0.1089 0.4646 0.8788
vn 0.1957 0.4760 0.8574
vn 0.2214 0.4404 0.8701
vn 0.4227 0.3799 0.8228
vn -0.5808 0.6158 0.5324
vn -0.8191 0.5170 0.2485
vn -0.2286 0.6277 0.7441
vn 0.1368 0.6239 0.7694
vn 0.1802 0.5949 0.7834
vn 0.1281 0.5442 0.8291
vn 0.4123 0.5313 0.7401
vn -0.5667 0.7280 0.3859
vn -0.7943 0.5537 0.2499
vn -0.2063 0.8425 0.4977
vn 0.1550 0.8366 0.5254
vn 0.0940 0.8069 0.5831
vn 0.0325 0.7699 0.6373
vn 0.3640 0.7232 0.5869
vn -0.7190 0.5915 0.3649
vn -0.9153 0.4015 0.0315
vn -0.9354 0.3533 0.0110
vn -0.9110 0.4040 -0.0831
vn -0.8670 0.4859 -0.1105
vn -0.8186 0.5738 0.0243
vn -0.7667 0.6056 0.2132
vn -0.8704 0.3836 -0.3085
vn -0.9529 0.2070 -0.2218
vn -0.9351 0.1580 -0.3173
vn -0.8957 0.1903 -0.4019
vn -0.9871 0.0213 -0.1589
vn -0.9628 0.1453 -0.2280
vn -0.9985 -0.0227 0.0508
vn -0.9910 0.1041 0.0838
vn -0.9769 0.1807 -0.1141
vn -0.9420 0.2735 0.1944
vn -0.8913 0.4428 -0.0973
vn -0.7465 0.6472 0.1548
vn -0.7700 0.5960 0.2277
vn -0.6676 0.7297 0.1481
vn -0.9637 0.0764 -0.2556
vn -0.8889 0.0205 -0.4576
vn -0.9542 0.2188 -0.2041
vn -0.9722 0.2330 0.0241
vn -0.8588 0.2976 0.4169
vn -0.6156 0.5847 0.5284
vn -0.7158 0.6879 0.1201
vn -0.9540 0.2777 -0.1128
vn -0.8313 0.3128 -0.4595
vn -0.9087 0.4052 -0.1003
vn -0.8571 0.5152 -0.0025
vn -0.6823 0.5538 0.4773
vn -0.4376 0.6007 0.6691
vn -0.7391 0.6366 0.2202
vn -0.9015 0.4190 -0.1088
vn -0.7104 0.5497 -0.4394
vn -0.9489 0.3107 -0.0548
vn -0.8904 0.4365 0.1287
vn -0.5826 0.5760 0.5735
vn -0.4454 0.5694 0.6909
vn -0.8119 0.5102 0.2836
vn -0.8362 0.4484 -0.3158
vn -0.6025 0.6634 -0.4437
vn -0.9693 0.2161 -0.1170
vn -0.9272 0.2372 0.2900
vn -0.6583 0.3348 0.6741
vn -0.6426 0.3523 0.6804
vn -0.9236 0.2999 0.2386
vn -0.6182 0.6027 -0.5045
vn -0.4330 0.7490 -0.5015
vn -0.7907 0.5778 -0.2022
vn -0.7645 0.5344 0.3606
vn -0.5947 0.4105 0.6912
vn -0.6384 0.3645 0.6779
vn -0.9015 0.3740 0.2177
s 1
f 1//1 2//2 3//3
f 1//1 3//3 4//4
f 2//2 5//5 6//6
f 2//2 6//6 3//3
f 5//5 7//7 8//8
f 5//5 8//8 6//6
f 7//7 9//9 10//10
f 7//7 10//10 8//8
f 9//9 11//11 12//12
f 9//9 12//12 10//10
f 11//11 13//13 14//14
f 11//11 14//14 12//12
f 4//4 3//3 15//15
f 4//4 15//15 16//16
f 3//3 6//6 17//17
f 3//3 17//17 15//15
f 6//6 8//8 18//18
f 6//6 18//18 17//17
f 8//8 10//10 19//19
f 8//8 19//19 18//18
f 10//10 12//12 20//20
f 10//10 20//20 19//19
f 12//12 14//14 21//21
f 12//12 21//21 20//20
f 16//16 15//15 22//22
f 16//16 22//22 23//23
f 15//15 17//17 24//24
f 15//15 24//24 22//22
f 17//17 18//18 25//25
f 17//17 25//25 24//24
f 18//18 19//19 26//26
f 18//18 26//26 25//25
f 19//19 20//20 27//27
f 19//19 27//27 26//26
f 20//20 21//21 28//28
f 20//20 28//28 27//27
f 23//23 22//22 29//29
f 23//23 29//29 30//30
f 22//22 24//24 31//31
f 22//22 31//31 29//29
f 24//24 25//25 32//32
f 24//24 32//32 31//31
f 25//25 26//26 33//33
f 25//25 33//33 32//32
f 26//26 27//27 34//34
f 26//26 34//34 33//33
f 27//27 28//28 35//35
f 27//27 35//35 34//34
f 30//30 29//29 36//36
f 30//30 36//36 37//37
f 29//29 31//31 38//38
f 29//29 38//38 36//36
f 31//31 32//32 39//39
f 31//31 39//39 38//38
f 32//32 33//33 40//40
f 32//32 40//40 39//39
f 33//33 34//34 41//41
f 33//33 41//41 40//40
f 34//34 35//35 42//42
f 34//34 42//42 41//41
f 37//37 36//36 43//43
f 37//37 43//43 44//44
f 36//36 38//38 45//45
f 36//36 45//45 43//43
f 38//38 39//39 46//46
f 38//38 46//46 45//45
f 39//39 40//40 47//47
f 39//39 47//47 46//46
f 40//40 41//41 48//48
f 40//40 48//48 47//47
f 41//41 42//42 49//49
f 41//41 49//49 48//48
f 50//50 51//51 1//1
f 50//50 1//1 52//52
f 51//51 53//53 2//2
f 51//51 2//2 1//1
f 53//53 54//54 5//5
f 53//53 5//5 2//2
f 54//54 55//55 7//7
f 54//54 7//7 5//5
f 55//55 56//56 9//9
f 55//55 9//9 7//7
f 56//56 57//57 11//11
f 56//56 11//11 9//9
f 57//57 58//58 13//13
f 57//57 13//13 11//11
f 58//58 59//59 60//60
f 58//58 60//60 13//13
f 13//13 60//60 61//61
f 13//13 61//61 14//14
f 14//14 61//61 62//62
f 14//14 62//62 21//21
f 21//21 62//62 63//63
f 21//21 63//63 28//28
f 28//28 63//63 64//64
f 28//28 64//64 35//35
f 35//35 64//64 65//65
f 35//35 65//65 42//42
f 42//42 65//65 66//66
f 42//42 66//66 49//49
f 49//49 66//66 67//67
f 49//49 67//67 68//68
f 48//48 49//49 68//68
f 48//48 68//68 69//69
f 47//47 48//48 69//69
f 47//47 69//69 70//70
f 46//46 47//47 70//70
f 46//46 70//70 71//71
f 45//45 46//46 71//71
f 45//45 71//71 72//72
f 43//43 45//45 72//72
f 43//43 72//72 73//73
f 44//44 43//43 73//73
f 44//44 73//73 74//74
f 75//75 44//44 74//74
f 75//75 74//74 76//76
f 77//77 37//37 44//44
f 77//77 44//44 75//75
f 78//78 30//30 37//37
f 78//78 37//37 77//77
f 79//79 23//23 30//30
f 79//79 30//30 78//78
f 80//80 16//16 23//23
f 80//80 23//23 79//79
f 81//81 4//4 16//16
f 81//81 16//16 80//80
f 52//52 1//1 4//4
f 52//52 4//4 81//81
f 82//82 83//83 84//84
f 82//82 84//84 85//85
f 83//83 86//86 87//87
f 83//83 87//87 84//84
f 86//86 88//88 89//89
f 86//86 89//89 87//87
f 88//88 90//90 91//91
f 88//88 91//91 89//89
f 90//90 92//92 93//93
f 90//90 93//93 91//91
f 92//92 94//94 95//95
f 92//92 95//95 93//93
f 85//85 84//84 96//96
f 85//85 96//96 97//97
f 84//84 87//87 98//98
f 84//84 98//98 96//96
f 87//87 89//89 99//99
f 87//87 99//99 98//98
f 89//89 91//91 100//100
f 89//89 100//100 99//99
f 91//91 93//93 101//101
f 91//91 101//101 100//100
f 93//93 95//95 102//102
f 93//93 102//102 101//101
f 97//97 96//96 103//103
f 97//97 103//103 104//104
f 96//96 98//98 105//105
f 96//96 105//105 103//103
f 98//98 99//99 106//106
f 98//98 106//106 105//105
f 99//99 100//100 107//107
f 99//99 107//107 106//106
f 100//100 101//101 108//108
f 100//100 108//108 107//107
f 101//101 102//102 109//109
f 101//101 109//109 108//108
f 104//104 103//103 110//110
f 104//104 110//110 111//111
f 103//103 105//105 112//112
f 103//103 112//112 110//110
f 105//105 106//106 113//113
f 105//105 113//113 112//112
f 106//106 107//107 114//114
f 106//106 114//114 113//113
f 107//107 108//108 115//115
f 107//107 115//115 114//114
f 108//108 109//109 116//116
f 108//108 116//116 115//115
f 111//111 110//110 117//117
f 111//111 117//117 118//118
f 110//110 112//112 119//119
f 110//110 119//119 117//117
f 112//112 113//113 120//120
f 112//112 120//120 119//119
f 113//113 114//114 121//121
f 113//113 121//121 120//120
f 114//114 115//115 122//122
f 114//114 122//122 121//121
f 115//115 116//116 123//123
f 115//115 123//123 122//122
f 118//118 117//117 124//124
f 118//118 124//124 125//125
f 117//117 119//119 126//126
f 117//117 126//126 124//124
f 119//119 120//120 127//127
f 119//119 127//127 126//126
f 120//120 121//121 128//128
f 120//120 128//128 127//127
f 121//121 122//122 129//129
f 121//121 129//129 128//128
f 122//122 123//123 130//130
f 122//122 130//130 129//129
f 76//76 74//74 82//82
f 76//76 82//82 131//131
f 74//74 73//73 83//83
f 74//74 83//83 82//82
f 73//73 72//72 86//86
f 73//73 86//86 83//83
f 72//72 71//71 88//88
f 72//72 88//88 86//86
f 71//71 70//70 90//90
f 71//71 90//90 88//88
f 70//70 69//69 92//92
f 70//70 92//92 90//90
f 69//69 68//68 94//94
f 69//69 94//94 92//92
f 68//68 67//67 132//132
f 68//68 132//132 94//94
f 94//94 132//132 133//133
f 94//94 133//133 95//95
f 95//95 133//133 134//134
f 95//95 134//134 102//102
f 102//102 134//134 135//135
f 102//102 135//135 109//109
f 109//109 135//135 136//136
f 109//109 136//136 116//116
f 116//116 136//136 137//137
f 116//116 137//137 123//123
f 123//123 137//137 138//138
f 123//123 138//138 130//130
f 130//130 138//138 139//139
f 130//130 139//139 140//140
f 129//129 130//130 140//140
f 129//129 140//140 141//141
f 128//128 129//129 141//141
f 128//128 141//141 142//142
f 127//127 128//128 142//142
f 127//127 142//142 143//143
f 126//126 127//127 143//143
f 126//126 143//143 144//144
f 124//124 126//126 144//144
f 124//124 144//144 145//145
f 125//125 124//124 145//145
f 125//125 145//145 146//146
f 147//147 125//125 146//146
f 147//147 146//146 148//148
f 149//149 118//118 125//125
f 149//149 125//125 147//147
f 150//150 111//111 118//118
f 150//150 118//118 149//149
f 151//151 104//104 111//111
f 151//151 111//111 150//150
f 152//152 97//97 104//104
f 152//152 104//104 151//151
f 153//153 85//85 97//97
f 153//153 97//97 152//152
f 131//131 82//82 85//85
f 131//131 85//85 153//153
f 154//154 155//155 156//156
f 154//154 156//156 157//157
f 155//155 158//158 159//159
f 155//155 159//159 156//156
f 158//158 160//160 161//161
f 158//158 161//161 159//159
f 160//160 162//162 163//163
f 160//160 163//163 161//161
f 162//162 164//164 165//165
f 162//162 165//165 163//163
f 164//164 166//166 167//167
f 164//164 167//167 165//165
f 157//157 156//156 168//168
f 157//157 168//168 169//169
f 156//156 159//159 170//170
f 156//156 170//170 168//168
f 159//159 161//161 171//171
f 159//159 171//171 170//170
f 161//161 163//163 172//172
f 161//161 172//172 171//171
f 163//163 165//165 173//173
f 163//163 173//173 172//172
f 165//165 167//167 174//174
f 165//165 174//174 173//173
f 169//169 168//168 175//175
f 169//169 175//175 176//176
f 168//168 170//170 177//177
f 168//168 177//177 175//175
f 170//170 171//171 178//178
f 170//170 178//178 177//177
f 171//171 172//172 179//179
f 171//171 179//179 178//178
f 172//172 173//173 180//180
f 172//172 180//180 179//179
f 173//173 174//174 181//181
f 173//173 181//181 180//180
f 176//176 175//175 182//182
f 176//176 182//182 183//183
f 175//175 177//177 184//184
f 175//175 184//184 182//182
f 177//177 178//178 185//185
f 177//177 185//185 184//184
f 178//178 179//179 186//186
f 178//178 186//186 185//185
f 179//179 180//180 187//187
f 179//179 187//187 186//186
f 180//180 181//181 188//188
f 180//180 188//188 187//187
f 183//183 182//182 189//189
f 183//183 189//189 190//190
f 182//182 184//184 191//191
f 182//182 191//191 189//189
f 184//184 185//185 192//192
f 184//184 192//192 191//191
f 185//185 186//186 193//193
f 185//185 193//193 192//192
f 186//186 187//187 194//194
f 186//186 194//194 193//193
f 187//187 188//188 195//195
f 187//187 195//195 194//194
f 190//190 189//189 196//196
f 190//190 196//196 197//197
f 189//189 191//191 198//198
f 189//189 198//198 196//196
f 191//191 192//192 199//199
f 191//191 199//199 198//198
f 192//192 193//193 200//200
f 192//192 200//200 199//199
f 193//193 194//194 201//201
f 193//193 201//201 200//200
f 194//194 195//195 202//202
f 194//194 202//202 201//201
f 203//203 204//204 154//154
f 203//203 154//154 205//205
f 204//204 206//206 155//155
f 204//204 155//155 154//154
f 206//206 207//207 158//158
f 206//206 158//158 155//155
f 207//207 208//208 160//160
f 207//207 160//160 158//158
f 208//208 209//209 162//162
f 208//208 162//162 160//160
f 209//209 210//210 164//164
f 209//209 164//164 162//162
f 210//210 211//211 166//166
f 210//210 166//166 164//164
f 211//211 212//212 213//213
f 211//211 213//213 166//166
f 166//166 213//213 214//214
f 166//166 214//214 167//167
f 167//167 214//214 215//215
f 167//167 215//215 174//174
f 174//174 215//215 216//216
f 174//174 216//216 181//181
f 181//181 216//216 217//217
f 181//181 217//217 188//188
f 188//188 217//217 218//218
f 188//188 218//218 195//195
f 195//195 218//218 219//219
f 195//195 219//219 202//202
f 202//202 219//219 220//220
f 202//202 220//220 221//221
f 201//201 202//202 221//221
f 201//201 221//221 222//222
f 200//200 201//201 222//222
f 200//200 222//222 223//223
f 199//199 200//200 223//223
f 199//199 223//223 224//224
f 198//198 199//199 224//224
f 198//198 224//224 225//225
f 196//196 198//198 225//225
f 196//196 225//225 226//226
f 197//197 196//196 226//226
f 197//197 226//226 227//227
f 228//228 197//197 227//227
f 228//228 227//227 229//229
f 230//230 190//190 197//197
f 230//230 197//197 228//228
f 231//231 183//183 190//190
f 231//231 190//190 230//230
f 232//232 176//176 183//183
f 232//232 183//183 231//231
f 233//233 169//169 176//176
f 233//233 176//176 232//232
f 234//234 157//157 169//169
f 234//234 169//169 233//233
f 205//205 154//154 157//157
f 205//205 157//157 234//234
f 235//235 236//236 237//237
f 235//235 237//237 238//238
f 236//236 239//239 240//240
f 236//236 240//240 237//237
f 239//239 241//241 242//242
f 239//239 242//242 240//240
f 241//241 243//243 244//244
f 241//241 244//244 242//242
f 243//243 245//245 246//246
f 243//243 246//246 244//244
f 245//245 247//247 248//248
f 245//245 248//248 246//246
f 238//238 237//237 249//249
f 238//238 249//249 250//250
f 237//237 240//240 251//251
f 237//237 251//251 249//249
f 240//240 242//242 252//252
f 240//240 252//252 251//251
f 242//242 244//244 253//253
f 242//242 253//253 252//252
f 244//244 246//246 254//254
f 244//244 254//254 253//253
f 246//246 248//248 255//255
f 246//246 255//255 254//254
f 250//250 249//249 256//256
f 250//250 256//256 257//257
f 249//249 251//251 258//258
f 249//249 258//258 256//256
f 251//251 252//252 259//259
f 251//251 259//259 258//258
f 252//252 253//253 260//260
f 252//252 260//260 259//259
f 253//253 254//254 261//261
f 253//253 261//261 260//260
f 254//254 255//255 262//262
f 254//254 262//262 261//261
f 257//257 256//256 263//263
f 257//257 263//263 264//264
f 256//256 258//258 265//265
f 256//256 265//265 263//263
f 258//258 259//259 266//266
f 258//258 266//266 265//265
f 259//259 260//260 267//267
f 259//259 267//267 266//266
f 260//260 261//261 268//268
f 260//260 268//268 267//267
f 261//261 262//262 269//269
f 261//261 269//269 268//268
f 264//264 263//263 270//270
f 264//264 270//270 271//271
f 263//263 265//265 272//272
f 263//263 272//272 270//270
f 265//265 266//266 273//273
f 265//265 273//273 272//272
f 266//266 267//267 274//274
f 266//266 274//274 273//273
f 267//267 268//268 275//275
f 267//267 275//275 274//274
f 268//268 269//269 276//276
f 268//268 276//276 275//275
f 271//271 270//270 277//277
f 271//271 277//277 278//278
f 270//270 272//272 279//279
f 270//270 279//279 277//277
f 272//272 273//273 280//280
f 272//272 280//280 279//279
f 273//273 274//274 281//281
f 273//273 281//281 280//280
f 274//274 275//275 282//282
f 274//274 282//282 281//281
f 275//275 276//276 283//283
f 275//275 283//283 282//282
f 229//229 227//227 235//235
f 229//229 235//235 284//284
f 227//227 226//226 236//236
f 227//227 236//236 235//235
f 226//226 225//225 239//239
f 226//226 239//239 236//236
f 225//225 224//224 241//241
f 225//225 241//241 239//239
f 224//224 223//223 243//243
f 224//224 243//243 241//241
f 223//223 222//222 245//245
f 223//223 245//245 243//243
f 222//222 221//221 247//247
f 222//222 247//247 245//245
f 221//221 220//220 285//285
f 221//221 285//285 247//247
f 247//247 285//285 286//286
f 247//247 286//286 248//248
f 248//248 286//286 287//287
f 248//248 287//287 255//255
f 255//255 287//287 288//288
f 255//255 288//288 262//262
f 262//262 288//288 289//289
f 262//262 289//289 269//269
f 269//269 289//289 290//290
f 269//269 290//290 276//276
f 276//276 290//290 291//291
f 276//276 291//291 283//283
f 283//283 291//291 59//59
f 283//283 59//59 58//58
f 282//282 283//283 58//58
f 282//282 58//58 57//57
f 281//281 282//282 57//57
f 281//281 57//57 56//56
f 280//280 281//281 56//56
f 280//280 56//56 55//55
f 279//279 280//280 55//55
f 279//279 55//55 54//54
f 277//277 279//279 54//54
f 277//277 54//54 53//53
f 278//278 277//277 53//53
f 278//278 53//53 51//51
f 292//292 278//278 51//51
f 292//292 51//51 50//50
f 293//293 271//271 278//278
f 293//293 278//278 292//292
f 294//294 264//264 271//271
f 294//294 271//271 293//293
f 295//295 257//257 264//264
f 295//295 264//264 294//294
f 296//296 250//250 257//257
f 296//296 257//257 295//295
f 297//297 238//238 250//250
f 297//297 250//250 296//296
f 284//284 235//235 238//238
f 284//284 238//238 297//297
f 298//298 299//299 300//300
f 298//298 300//300 301//301
f 299//299 302//302 303//303
f 299//299 303//303 300//300
f 302//302 304//304 305//305
f 302//302 305//305 303//303
f 304//304 306//306 307//307
f 304//304 307//307 305//305
f 306//306 308//308 309//309
f 306//306 309//309 307//307
f 308//308 310//310 311//311
f 308//308 311//311 309//309
f 301//301 300//300 312//312
f 301//301 312//312 313//313
f 300//300 303//303 314//314
f 300//300 314//314 312//312
f 303//303 305//305 315//315
f 303//303 315//315 314//314
f 305//305 307//307 316//316
f 305//305 316//316 315//315
f 307//307 309//309 317//317
f 307//307 317//317 316//316
f 309//309 311//311 318//318
f 309//309 318//318 317//317
f 313//313 312//312 319//319
f 313//313 319//319 320//320
f 312//312 314//314 321//321
f 312//312 321//321 319//319
f 314//314 315//315 322//322
f 314//314 322//322 321//321
f 315//315 316//316 323//323
f 315//315 323//323 322//322
f 316//316 317//317 324//324
f 316//316 324//324 323//323
f 317//317 318//318 325//325
f 317//317 325//325 324//324
f 320//320 319//319 326//326
f 320//320 326//326 327//327
f 319//319 321//321 328//328
f 319//319 328//328 326//326
f 321//321 322//322 329//329
f 321//321 329//329 328//328
f 322//322 323//323 330//330
f 322//322 330//330 329//329
f 323//323 324//324 331//331
f 323//323 331//331 330//330
f 324//324 325//325 332//332
f 324//324 332//332 331//331
f 327//327 326//326 333//333
f 327//327 333//333 334//334
f 326//326 328//328 335//335
f 326//326 335//335 333//333
f 328//328 329//329 336//336
f 328//328 336//336 335//335
f 329//329 330//330 337//337
f 329//329 337//337 336//336
f 330//330 331//331 338//338
f 330//330 338//338 337//337
f 331//331 332//332 339//339
f 331//331 339//339 338//338
f 334//334 333//333 340//340
f 334//334 340//340 341//341
f 333//333 335//335 342//342
f 333//333 342//342 340//340
f 335//335 336//336 343//343
f 335//335 343//343 342//342
f 336//336 337//337 344//344
f 336//336 344//344 343//343
f 337//337 338//338 345//345
f 337//337 345//345 344//344
f 338//338 339//339 346//346
f 338//338 346//346 345//345
f 76//76 347//347 298//298
f 76//76 298//298 75//75
f 347//347 348//348 299//299
f 347//347 299//299 298//298
f 348//348 349//349 302//302
f 348//348 302//302 299//299
f 349//349 350//350 304//304
f 349//349 304//304 302//302
f 350//350 351//351 306//306
f 350//350 306//306 304//304
f 351//351 352//352 308//308
f 351//351 308//308 306//306
f 352//352 353//353 310//310
f 352//352 310//310 308//308
f 353//353 203//203 205//205
f 353//353 205//205 310//310
f 310//310 205//205 234//234
f 310//310 234//234 311//311
f 311//311 234//234 233//233
f 311//311 233//233 318//318
f 318//318 233//233 232//232
f 318//318 232//232 325//325
f 325//325 232//232 231//231
f 325//325 231//231 332//332
f 332//332 231//231 230//230
f 332//332 230//230 339//339
f 339//339 230//230 228//228
f 339//339 228//228 346//346
f 346//346 228//228 229//229
f 346//346 229//229 284//284
f 345//345 346//346 284//284
f 345//345 284//284 297//297
f 344//344 345//345 297//297
f 344//344 297//297 296//296
f 343//343 344//344 296//296
f 343//343 296//296 295//295
f 342//342 343//343 295//295
f 342//342 295//295 294//294
f 340//340 342//342 294//294
f 340//340 294//294 293//293
f 341//341 340//340 293//293
f 341//341 293//293 292//292
f 52//52 341//341 292//292
f 52//52 292//292 50//50
f 81//81 334//334 341//341
f 81//81 341//341 52//52
f 80//80 327//327 334//334
f 80//80 334//334 81//81
f 79//79 320//320 327//327
f 79//79 327//327 80//80
f 78//78 313//313 320//320
f 78//78 320//320 79//79
f 77//77 301//301 313//313
f 77//77 313//313 78//78
f 75//75 298//298 301//301
f 75//75 301//301 77//77
f 354//354 355//355 356//356
f 354//354 356//356 357//357
f 355//355 358//358 359//359
f 355//355 359//359 356//356
f 358//358 360//360 361//361
f 358//358 361//361 359//359
f 360//360 362//362 363//363
f 360//360 363//363 361//361
f 362//362 364//364 365//365
f 362//362 365//365 363//363
f 364//364 366//366 367//367
f 364//364 367//367 365//365
f 357//357 356//356 368//368
f 357//357 368//368 369//369
f 356//356 359//359 370//370
f 356//356 370//370 368//368
f 359//359 361//361 371//371
f 359//359 371//371 370//370
f 361//361 363//363 372//372
f 361//361 372//372 371//371
f 363//363 365//365 373//373
f 363//363 373//373 372//372
f 365//365 367//367 374//374
f 365//365 374//374 373//373
f 369//369 368//368 375//375
f 369//369 375//375 376//376
f 368//368 370//370 377//377
f 368//368 377//377 375//375
f 370//370 371//371 378//378
f 370//370 378//378 377//377
f 371//371 372//372 379//379
f 371//371 379//379 378//378
f 372//372 373//373 380//380
f 372//372 380//380 379//379
f 373//373 374//374 381//381
f 373//373 381//381 380//380
f 376//376 375//375 382//382
f 376//376 382//382 383//383
f 375//375 377//377 384//384
f 375//375 384//384 382//382
f 377//377 378//378 385//385
f 377//377 385//385 384//384
f 378//378 379//379 386//386
f 378//378 386//386 385//385
f 379//379 380//380 387//387
f 379//379 387//387 386//386
f 380//380 381//381 388//388
f 380//380 388//388 387//387
f 383//383 382//382 389//389
f 383//383 389//389 390//390
f 382//382 384//384 391//391
f 382//382 391//391 389//389
f 384//384 385//385 392//392
f 384//384 392//392 391//391
f 385//385 386//386 393//393
f 385//385 393//393 392//392
f 386//386 387//387 394//394
f 386//386 394//394 393//393
f 387//387 388//388 395//395
f 387//387 395//395 394//394
f 390//390 389//389 396//396
f 390//390 396//396 397//397
f 389//389 391//391 398//398
f 389//389 398//398 396//396
f 391//391 392//392 399//399
f 391//391 399//399 398//398
f 392//392 393//393 400//400
f 392//392 400//400 399//399
f 393//393 394//394 401//401
f 393//393 401//401 400//400
f 394//394 395//395 402//402
f 394//394 402//402 401//401
f 212//212 403//403 354//354
f 212//212 354//354 213//213
f 403//403 404//404 355//355
f 403//403 355//355 354//354
f 404//404 405//405 358//358
f 404//404 358//358 355//355
f 405//405 406//406 360//360
f 405//405 360//360 358//358
f 406//406 407//407 362//362
f 406//406 362//362 360//360
f 407//407 408//408 364//364
f 407//407 364//364 362//362
f 408//408 409//409 366//366
f 408//408 366//366 364//364
f 409//409 67//67 66//66
f 409//409 66//66 366//366
f 366//366 66//66 65//65
f 366//366 65//65 367//367
f 367//367 65//65 64//64
f 367//367 64//64 374//374
f 374//374 64//64 63//63
f 374//374 63//63 381//381
f 381//381 63//63 62//62
f 381//381 62//62 388//388
f 388//388 62//62 61//61
f 388//388 61//61 395//395
f 395//395 61//61 60//60
f 395//395 60//60 402//402
f 402//402 60//60 59//59
f 402//402 59//59 291//291
f 401//401 402//402 291//291
f 401//401 291//291 290//290
f 400//400 401//401 290//290
f 400//400 290//290 289//289
f 399//399 400//400 289//289
f 399//399 289//289 288//288
f 398//398 399//399 288//288
f 398//398 288//288 287//287
f 396//396 398//398 287//287
f 396//396 287//287 286//286
f 397//397 396//396 286//286
f 397//397 286//286 285//285
f 219//219 397//397 285//285
f 219//219 285//285 220//220
f 218//218 390//390 397//397
f 218//218 397//397 219//219
f 217//217 383//383 390//390
f 217//217 390//390 218//218
f 216//216 376//376 383//383
f 216//216 383//383 217//217
f 215//215 369//369 376//376
f 215//215 376//376 216//216
f 214//214 357//357 369//369
f 214//214 369//369 215//215
f 213//213 354//354 357//357
f 213//213 357//357 214//214
f 410//410 411//411 412//412
f 410//410 412//412 413//413
f 411//411 414//414 415//415
f 411//411 415//415 412//412
f 414//414 416//416 417//417
f 414//414 417//417 415//415
f 416//416 418//418 419//419
f 416//416 419//419 417//417
f 418//418 420//420 421//421
f 418//418 421//421 419//419
f 420//420 422//422 423//423
f 420//420 423//423 421//421
f 413//413 412//412 424//424
f 413//413 424//424 425//425
f 412//412 415//415 426//426
f 412//412 426//426 424//424
f 415//415 417//417 427//427
f 415//415 427//427 426//426
f 417//417 419//419 428//428
f 417//417 428//428 427//427
f 419//419 421//421 429//429
f 419//419 429//429 428//428
f 421//421 423//423 430//430
f 421//421 430//430 429//429
f 425//425 424//424 431//431
f 425//425 431//431 432//432
f 424//424 426//426 433//433
f 424//424 433//433 431//431
f 426//426 427//427 434//434
f 426//426 434//434 433//433
f 427//427 428//428 435//435
f 427//427 435//435 434//434
f 428//428 429//429 436//436
f 428//428 436//436 435//435
f 429//429 430//430 437//437
f 429//429 437//437 436//436
f 432//432 431//431 438//438
f 432//432 438//438 439//439
f 431//431 433//433 440//440
f 431//431 440//440 438//438
f 433//433 434//434 441//441
f 433//433 441//441 440//440
f 434//434 435//435 442//442
f 434//434 442//442 441//441
f 435//435 436//436 443//443
f 435//435 443//443 442//442
f 436//436 437//437 444//444
f 436//436 444//444 443//443
f 439//439 438//438 445//445
f 439//439 445//445 446//446
f 438//438 440//440 447//447
f 438//438 447//447 445//445
f 440//440 441//441 448//448
f 440//440 448//448 447//447
f 441//441 442//442 449//449
f 441//441 449//449 448//448
f 442//442 443//443 450//450
f 442//442 450//450 449//449
f 443//443 444//444 451//451
f 443//443 451//451 450//450
f 446//446 445//445 452//452
f 446//446 452//452 453//453
f 445//445 447//447 454//454
f 445//445 454//454 452//452
f 447//447 448//448 455//455
f 447//447 455//455 454//454
f 448//448 449//449 456//456
f 448//448 456//456 455//455
f 449//449 450//450 457//457
f 449//449 457//457 456//456
f 450//450 451//451 458//458
f 450//450 458//458 457//457
f 139//139 459//459 410//410
f 139//139 410//410 460//460
f 459//459 461//461 411//411
f 459//459 411//411 410//410
f 461//461 462//462 414//414
f 461//461 414//414 411//411
f 462//462 463//463 416//416
f 462//462 416//416 414//414
f 463//463 464//464 418//418
f 463//463 418//418 416//416
f 464//464 465//465 420//420
f 464//464 420//420 418//418
f 465//465 466//466 422//422
f 465//465 422//422 420//420
f 466//466 467//467 468//468
f 466//466 468//468 422//422
f 422//422 468//468 469//469
f 422//422 469//469 423//423
f 423//423 469//469 470//470
f 423//423 470//470 430//430
f 430//430 470//470 471//471
f 430//430 471//471 437//437
f 437//437 471//471 472//472
f 437//437 472//472 444//444
f 444//444 472//472 473//473
f 444//444 473//473 451//451
f 451//451 473//473 474//474
f 451//451 474//474 458//458
f 458//458 474//474 475//475
f 458//458 475//475 476//476
f 457//457 458//458 476//476
f 457//457 476//476 477//477
f 456//456 457//457 477//477
f 456//456 477//477 478//478
f 455//455 456//456 478//478
f 455//455 478//478 479//479
f 454//454 455//455 479//479
f 454//454 479//479 480//480
f 452//452 454//454 480//480
f 452//452 480//480 481//481
f 453//453 452//452 481//481
f 453//453 481//481 482//482
f 483//483 453//453 482//482
f 483//483 482//482 484//484
f 485//485 446//446 453//453
f 485//485 453//453 483//483
f 486//486 439//439 446//446
f 486//486 446//446 485//485
f 487//487 432//432 439//439
f 487//487 439//439 486//486
f 488//488 425//425 432//432
f 488//488 432//432 487//487
f 489//489 413//413 425//425
f 489//489 425//425 488//488
f 460//460 410//410 413//413
f 460//460 413//413 489//489
f 490//490 491//491 492//492
f 490//490 492//492 493//493
f 491//491 494//494 495//495
f 491//491 495//495 492//492
f 494//494 496//496 497//497
f 494//494 497//497 495//495
f 496//496 498//498 499//499
f 496//496 499//499 497//497
f 498//498 500//500 501//501
f 498//498 501//501 499//499
f 500//500 502//502 503//503
f 500//500 503//503 501//501
f 493//493 492//492 504//504
f 493//493 504//504 505//505
f 492//492 495//495 506//506
f 492//492 506//506 504//504
f 495//495 497//497 507//507
f 495//495 507//507 506//506
f 497//497 499//499 508//508
f 497//497 508//508 507//507
f 499//499 501//501 509//509
f 499//499 509//509 508//508
f 501//501 503//503 510//510
f 501//501 510//510 509//509
f 505//505 504//504 511//511
f 505//505 511//511 512//512
f 504//504 506//506 513//513
f 504//504 513//513 511//511
f 506//506 507//507 514//514
f 506//506 514//514 513//513
f 507//507 508//508 515//515
f 507//507 515//515 514//514
f 508//508 509//509 516//516
f 508//508 516//516 515//515
f 509//509 510//510 517//517
f 509//509 517//517 516//516
f 512//512 511//511 518//518
f 512//512 518//518 519//519
f 511//511 513//513 520//520
f 511//511 520//520 518//518
f 513//513 514//514 521//521
f 513//513 521//521 520//520
f 514//514 515//515 522//522
f 514//514 522//522 521//521
f 515//515 516//516 523//523
f 515//515 523//523 522//522
f 516//516 517//517 524//524
f 516//516 524//524 523//523
f 519//519 518//518 525//525
f 519//519 525//525 526//526
f 518//518 520//520 527//527
f 518//518 527//527 525//525
f 520//520 521//521 528//528
f 520//520 528//528 527//527
f 521//521 522//522 529//529
f 521//521 529//529 528//528
f 522//522 523//523 530//530
f 522//522 530//530 529//529
f 523//523 524//524 531//531
f 523//523 531//531 530//530
f 526//526 525//525 532//532
f 526//526 532//532 533//533
f 525//525 527//527 534//534
f 525//525 534//534 532//532
f 527//527 528//528 535//535
f 527//527 535//535 534//534
f 528//528 529//529 536//536
f 528//528 536//536 535//535
f 529//529 530//530 537//537
f 529//529 537//537 536//536
f 530//530 531//531 538//538
f 530//530 538//538 537//537
f 212//212 211//211 490//490
f 212//212 490//490 539//539
f 211//211 210//210 491//491
f 211//211 491//491 490//490
f 210//210 209//209 494//494
f 210//210 494//494 491//491
f 209//209 208//208 496//496
f 209//209 496//496 494//494
f 208//208 207//207 498//498
f 208//208 498//498 496//496
f 207//207 206//206 500//500
f 207//207 500//500 498//498
f 206//206 204//204 502//502
f 206//206 502//502 500//500
f 204//204 203//203 540//540
f 204//204 540//540 502//502
f 502//502 540//540 541//541
f 502//502 541//541 503//503
f 503//503 541//541 542//542
f 503//503 542//542 510//510
f 510//510 542//542 543//543
f 510//510 543//543 517//517
f 517//517 543//543 544//544
f 517//517 544//544 524//524
f 524//524 544//544 545//545
f 524//524 545//545 531//531
f 531//531 545//545 546//546
f 531//531 546//546 538//538
f 538//538 546//546 547//547
f 538//538 547//547 548//548
f 537//537 538//538 548//548
f 537//537 548//548 549//549
f 536//536 537//537 549//549
f 536//536 549//549 550//550
f 535//535 536//536 550//550
f 535//535 550//550 551//551
f 534//534 535//535 551//551
f 534//534 551//551 552//552
f 532//532 534//534 552//552
f 532//532 552//552 553//553
f 533//533 532//532 553//553
f 533//533 553//553 554//554
f 555//555 533//533 554//554
f 555//555 554//554 467//467
f 556//556 526//526 533//533
f 556//556 533//533 555//555
f 557//557 519//519 526//526
f 557//557 526//526 556//556
f 558//558 512//512 519//519
f 558//558 519//519 557//557
f 559//559 505//505 512//512
f 559//559 512//512 558//558
f 560//560 493//493 505//505
f 560//560 505//505 559//559
f 539//539 490//490 493//493
f 539//539 493//493 560//560
f 561//561 562//562 563//563
f 561//561 563//563 564//564
f 562//562 565//565 566//566
f 562//562 566//566 563//563
f 565//565 567//567 568//568
f 565//565 568//568 566//566
f 567//567 569//569 570//570
f 567//567 570//570 568//568
f 569//569 571//571 572//572
f 569//569 572//572 570//570
f 571//571 573//573 574//574
f 571//571 574//574 572//572
f 564//564 563//563 575//575
f 564//564 575//575 576//576
f 563//563 566//566 577//577
f 563//563 577//577 575//575
f 566//566 568//568 578//578
f 566//566 578//578 577//577
f 568//568 570//570 579//579
f 568//568 579//579 578//578
f 570//570 572//572 580//580
f 570//570 580//580 579//579
f 572//572 574//574 581//581
f 572//572 581//581 580//580
f 576//576 575//575 582//582
f 576//576 582//582 583//583
f 575//575 577//577 584//584
f 575//575 584//584 582//582
f 577//577 578//578 585//585
f 577//577 585//585 584//584
f 578//578 579//579 586//586
f 578//578 586//586 585//585
f 579//579 580//580 587//587
f 579//579 587//587 586//586
f 580//580 581//581 588//588
f 580//580 588//588 587//587
f 583//583 582//582 589//589
f 583//583 589//589 590//590
f 582//582 584//584 591//591
f 582//582 591//591 589//589
f 584//584 585//585 592//592
f 584//584 592//592 591//591
f 585//585 586//586 593//593
f 585//585 593//593 592//592
f 586//586 587//587 594//594
f 586//586 594//594 593//593
f 587//587 588//588 595//595
f 587//587 595//595 594//594
f 590//590 589//589 596//596
f 590//590 596//596 597//597
f 589//589 591//591 598//598
f 589//589 598//598 596//596
f 591//591 592//592 599//599
f 591//591 599//599 598//598
f 592//592 593//593 600//600
f 592//592 600//600 599//599
f 593//593 594//594 601//601
f 593//593 601//601 600//600
f 594//594 595//595 602//602
f 594//594 602//602 601//601
f 597//597 596//596 603//603
f 597//597 603//603 604//604
f 596//596 598//598 605//605
f 596//596 605//605 603//603
f 598//598 599//599 606//606
f 598//598 606//606 605//605
f 599//599 600//600 607//607
f 599//599 607//607 606//606
f 600//600 601//601 608//608
f 600//600 608//608 607//607
f 601//601 602//602 609//609
f 601//601 609//609 608//608
f 203//203 353//353 561//561
f 203//203 561//561 540//540
f 353//353 352//352 562//562
f 353//353 562//562 561//561
f 352//352 351//351 565//565
f 352//352 565//565 562//562
f 351//351 350//350 567//567
f 351//351 567//567 565//565
f 350//350 349//349 569//569
f 350//350 569//569 567//567
f 349//349 348//348 571//571
f 349//349 571//571 569//569
f 348//348 347//347 573//573
f 348//348 573//573 571//571
f 347//347 76//76 131//131
f 347//347 131//131 573//573
f 573//573 131//131 153//153
f 573//573 153//153 574//574
f 574//574 153//153 152//152
f 574//574 152//152 581//581
f 581//581 152//152 151//151
f 581//581 151//151 588//588
f 588//588 151//151 150//150
f 588//588 150//150 595//595
f 595//595 150//150 149//149
f 595//595 149//149 602//602
f 602//602 149//149 147//147
f 602//602 147//147 609//609
f 609//609 147//147 148//148
f 609//609 148//148 610//610
f 608//608 609//609 610//610
f 608//608 610//610 611//611
f 607//607 608//608 611//611
f 607//607 611//611 612//612
f 606//606 607//607 612//612
f 606//606 612//612 613//613
f 605//605 606//606 613//613
f 605//605 613//613 614//614
f 603//603 605//605 614//614
f 603//603 614//614 615//615
f 604//604 603//603 615//615
f 604//604 615//615 616//616
f 546//546 604//604 616//616
f 546//546 616//616 547//547
f 545//545 597//597 604//604
f 545//545 604//604 546//546
f 544//544 590//590 597//597
f 544//544 597//597 545//545
f 543//543 583//583 590//590
f 543//543 590//590 544//544
f 542//542 576//576 583//583
f 542//542 583//583 543//543
f 541//541 564//564 576//576
f 541//541 576//576 542//542
f 540//540 561//561 564//564
f 540//540 564//564 541//541
f 617//617 618//618 619//619
f 617//617 619//619 620//620
f 618//618 621//621 622//622
f 618//618 622//622 619//619
f 621//621 623//623 624//624
f 621//621 624//624 622//622
f 623//623 625//625 626//626
f 623//623 626//626 624//624
f 625//625 627//627 628//628
f 625//625 628//628 626//626
f 627//627 629//629 630//630
f 627//627 630//630 628//628
f 620//620 619//619 631//631
f 620//620 631//631 632//632
f 619//619 622//622 633//633
f 619//619 633//633 631//631
f 622//622 624//624 634//634
f 622//622 634//634 633//633
f 624//624 626//626 635//635
f 624//624 635//635 634//634
f 626//626 628//628 636//636
f 626//626 636//636 635//635
f 628//628 630//630 637//637
f 628//628 637//637 636//636
f 632//632 631//631 638//638
f 632//632 638//638 639//639
f 631//631 633//633 640//640
f 631//631 640//640 638//638
f 633//633 634//634 641//641
f 633//633 641//641 640//640
f 634//634 635//635 642//642
f 634//634 642//642 641//641
f 635//635 636//636 643//643
f 635//635 643//643 642//642
f 636//636 637//637 644//644
f 636//636 644//644 643//643
f 639//639 638//638 645//645
f 639//639 645//645 646//646
f 638//638 640//640 647//647
f 638//638 647//647 645//645
f 640//640 641//641 648//648
f 640//640 648//648 647//647
f 641//641 642//642 649//649
f 641//641 649//649 648//648
f 642//642 643//643 650//650
f 642//642 650//650 649//649
f 643//643 644//644 651//651
f 643//643 651//651 650//650
f 646//646 645//645 652//652
f 646//646 652//652 653//653
f 645//645 647//647 654//654
f 645//645 654//654 652//652
f 647//647 648//648 655//655
f 647//647 655//655 654//654
f 648//648 649//649 656//656
f 648//648 656//656 655//655
f 649//649 650//650 657//657
f 649//649 657//657 656//656
f 650//650 651//651 658//658
f 650//650 658//658 657//657
f 653//653 652//652 659//659
f 653//653 659//659 660//660
f 652//652 654//654 661//661
f 652//652 661//661 659//659
f 654//654 655//655 662//662
f 654//654 662//662 661//661
f 655//655 656//656 663//663
f 655//655 663//663 662//662
f 656//656 657//657 664//664
f 656//656 664//664 663//663
f 657//657 658//658 665//665
f 657//657 665//665 664//664
f 467//467 466//466 617//617
f 467//467 617//617 666//666
f 466//466 465//465 618//618
f 466//466 618//618 617//617
f 465//465 464//464 621//621
f 465//465 621//621 618//618
f 464//464 463//463 623//623
f 464//464 623//623 621//621
f 463//463 462//462 625//625
f 463//463 625//625 623//623
f 462//462 461//461 627//627
f 462//462 627//627 625//625
f 461//461 459//459 629//629
f 461//461 629//629 627//627
f 459//459 139//139 667//667
f 459//459 667//667 629//629
f 629//629 667//667 668//668
f 629//629 668//668 630//630
f 630//630 668//668 669//669
f 630//630 669//669 637//637
f 637//637 669//669 670//670
f 637//637 670//670 644//644
f 644//644 670//670 671//671
f 644//644 671//671 651//651
f 651//651 671//671 672//672
f 651//651 672//672 658//658
f 658//658 672//672 673//673
f 658//658 673//673 665//665
f 665//665 673//673 674//674
f 665//665 674//674 675//675
f 664//664 665//665 675//675
f 664//664 675//675 676//676
f 663//663 664//664 676//676
f 663//663 676//676 677//677
f 662//662 663//663 677//677
f 662//662 677//677 678//678
f 661//661 662//662 678//678
f 661//661 678//678 679//679
f 659//659 661//661 679//679
f 659//659 679//679 680//680
f 660//660 659//659 680//680
f 660//660 680//680 681//681
f 682//682 660//660 681//681
f 682//682 681//681 683//683
f 684//684 653//653 660//660
f 684//684 660//660 682//682
f 685//685 646//646 653//653
f 685//685 653//653 684//684
f 686//686 639//639 646//646
f 686//686 646//646 685//685
f 687//687 632//632 639//639
f 687//687 639//639 686//686
f 688//688 620//620 632//632
f 688//688 632//632 687//687
f 666//666 617//617 620//620
f 666//666 620//620 688//688
f 689//689 690//690 691//691
f 689//689 691//691 692//692
f 690//690 693//693 694//694
f 690//690 694//694 691//691
f 693//693 695//695 696//696
f 693//693 696//696 694//694
f 695//695 697//697 698//698
f 695//695 698//698 696//696
f 697//697 699//699 700//700
f 697//697 700//700 698//698
f 699//699 701//701 702//702
f 699//699 702//702 700//700
f 692//692 691//691 703//703
f 692//692 703//703 704//704
f 691//691 694//694 705//705
f 691//691 705//705 703//703
f 694//694 696//696 706//706
f 694//694 706//706 705//705
f 696//696 698//698 707//707
f 696//696 707//707 706//706
f 698//698 700//700 708//708
f 698//698 708//708 707//707
f 700//700 702//702 709//709
f 700//700 709//709 708//708
f 704//704 703//703 710//710
f 704//704 710//710 711//711
f 703//703 705//705 712//712
f 703//703 712//712 710//710
f 705//705 706//706 713//713
f 705//705 713//713 712//712
f 706//706 707//707 714//714
f 706//706 714//714 713//713
f 707//707 708//708 715//715
f 707//707 715//715 714//714
f 708//708 709//709 716//716
f 708//708 716//716 715//715
f 711//711 710//710 717//717
f 711//711 717//717 718//718
f 710//710 712//712 719//719
f 710//710 719//719 717//717
f 712//712 713//713 720//720
f 712//712 720//720 719//719
f 713//713 714//714 721//721
f 713//713 721//721 720//720
f 714//714 715//715 722//722
f 714//714 722//722 721//721
f 715//715 716//716 723//723
f 715//715 723//723 722//722
f 718//718 717//717 724//724
f 718//718 724//724 725//725
f 717//717 719//719 726//726
f 717//717 726//726 724//724
f 719//719 720//720 727//727
f 719//719 727//727 726//726
f 720//720 721//721 728//728
f 720//720 728//728 727//727
f 721//721 722//722 729//729
f 721//721 729//729 728//728
f 722//722 723//723 730//730
f 722//722 730//730 729//729
f 725//725 724//724 731//731
f 725//725 731//731 732//732
f 724//724 726//726 733//733
f 724//724 733//733 731//731
f 726//726 727//727 734//734
f 726//726 734//734 733//733
f 727//727 728//728 735//735
f 727//727 735//735 734//734
f 728//728 729//729 736//736
f 728//728 736//736 735//735
f 729//729 730//730 737//737
f 729//729 737//737 736//736
f 738//738 739//739 689//689
f 738//738 689//689 740//740
f 739//739 741//741 690//690
f 739//739 690//690 689//689
f 741//741 742//742 693//693
f 741//741 693//693 690//690
f 742//742 743//743 695//695
f 742//742 695//695 693//693
f 743//743 744//744 697//697
f 743//743 697//697 695//695
f 744//744 745//745 699//699
f 744//744 699//699 697//697
f 745//745 746//746 701//701
f 745//745 701//701 699//699
f 746//746 484//484 482//482
f 746//746 482//482 701//701
f 701//701 482//482 481//481
f 701//701 481//481 702//702
f 702//702 481//481 480//480
f 702//702 480//480 709//709
f 709//709 480//480 479//479
f 709//709 479//479 716//716
f 716//716 479//479 478//478
f 716//716 478//478 723//723
f 723//723 478//478 477//477
f 723//723 477//477 730//730
f 730//730 477//477 476//476
f 730//730 476//476 737//737
f 737//737 476//476 475//475
f 737//737 475//475 747//747
f 736//736 737//737 747//747
f 736//736 747//747 748//748
f 735//735 736//736 748//748
f 735//735 748//748 749//749
f 734//734 735//735 749//749
f 734//734 749//749 750//750
f 733//733 734//734 750//750
f 733//733 750//750 751//751
f 731//731 733//733 751//751
f 731//731 751//751 752//752
f 732//732 731//731 752//752
f 732//732 752//752 753//753
f 754//754 732//732 753//753
f 754//754 753//753 755//755
f 756//756 725//725 732//732
f 756//756 732//732 754//754
f 757//757 718//718 725//725
f 757//757 725//725 756//756
f 758//758 711//711 718//718
f 758//758 718//718 757//757
f 759//759 704//704 711//711
f 759//759 711//711 758//758
f 760//760 692//692 704//704
f 760//760 704//704 759//759
f 740//740 689//689 692//692
f 740//740 692//692 760//760
f 761//761 762//762 763//763
f 761//761 763//763 764//764
f 762//762 765//765 766//766
f 762//762 766//766 763//763
f 765//765 767//767 768//768
f 765//765 768//768 766//766
f 767//767 769//769 770//770
f 767//767 770//770 768//768
f 769//769 771//771 772//772
f 769//769 772//772 770//770
f 771//771 773//773 774//774
f 771//771 774//774 772//772
f 764//764 763//763 775//775
f 764//764 775//775 776//776
f 763//763 766//766 777//777
f 763//763 777//777 775//775
f 766//766 768//768 778//778
f 766//766 778//778 777//777
f 768//768 770//770 779//779
f 768//768 779//779 778//778
f 770//770 772//772 780//780
f 770//770 780//780 779//779
f 772//772 774//774 781//781
f 772//772 781//781 780//780
f 776//776 775//775 782//782
f 776//776 782//782 783//783
f 775//775 777//777 784//784
f 775//775 784//784 782//782
f 777//777 778//778 785//785
f 777//777 785//785 784//784
f 778//778 779//779 786//786
f 778//778 786//786 785//785
f 779//779 780//780 787//787
f 779//779 787//787 786//786
f 780//780 781//781 788//788
f 780//780 788//788 787//787
f 783//783 782//782 789//789
f 783//783 789//789 790//790
f 782//782 784//784 791//791
f 782//782 791//791 789//789
f 784//784 785//785 792//792
f 784//784 792//792 791//791
f 785//785 786//786 793//793
f 785//785 793//793 792//792
f 786//786 787//787 794//794
f 786//786 794//794 793//793
f 787//787 788//788 795//795
f 787//787 795//795 794//794
f 790//790 789//789 796//796
f 790//790 796//796 797//797
f 789//789 791//791 798//798
f 789//789 798//798 796//796
f 791//791 792//792 799//799
f 791//791 799//799 798//798
f 792//792 793//793 800//800
f 792//792 800//800 799//799
f 793//793 794//794 801//801
f 793//793 801//801 800//800
f 794//794 795//795 802//802
f 794//794 802//802 801//801
f 797//797 796//796 803//803
f 797//797 803//803 804//804
f 796//796 798//798 805//805
f 796//796 805//805 803//803
f 798//798 799//799 806//806
f 798//798 806//806 805//805
f 799//799 800//800 807//807
f 799//799 807//807 806//806
f 800//800 801//801 808//808
f 800//800 808//808 807//807
f 801//801 802//802 809//809
f 801//801 809//809 808//808
f 148//148 146//146 761//761
f 148//148 761//761 810//810
f 146//146 145//145 762//762
f 146//146 762//762 761//761
f 145//145 144//144 765//765
f 145//145 765//765 762//762
f 144//144 143//143 767//767
f 144//144 767//767 765//765
f 143//143 142//142 769//769
f 143//143 769//769 767//767
f 142//142 141//141 771//771
f 142//142 771//771 769//769
f 141//141 140//140 773//773
f 141//141 773//773 771//771
f 140//140 139//139 460//460
f 140//140 460//460 773//773
f 773//773 460//460 489//489
f 773//773 489//489 774//774
f 774//774 489//489 488//488
f 774//774 488//488 781//781
f 781//781 488//488 487//487
f 781//781 487//487 788//788
f 788//788 487//487 486//486
f 788//788 486//486 795//795
f 795//795 486//486 485//485
f 795//795 485//485 802//802
f 802//802 485//485 483//483
f 802//802 483//483 809//809
f 809//809 483//483 484//484
f 809//809 484//484 746//746
f 808//808 809//809 746//746
f 808//808 746//746 745//745
f 807//807 808//808 745//745
f 807//807 745//745 744//744
f 806//806 807//807 744//744
f 806//806 744//744 743//743
f 805//805 806//806 743//743
f 805//805 743//743 742//742
f 803//803 805//805 742//742
f 803//803 742//742 741//741
f 804//804 803//803 741//741
f 804//804 741//741 739//739
f 811//811 804//804 739//739
f 811//811 739//739 738//738
f 812//812 797//797 804//804
f 812//812 804//804 811//811
f 813//813 790//790 797//797
f 813//813 797//797 812//812
f 814//814 783//783 790//790
f 814//814 790//790 813//813
f 815//815 776//776 783//783
f 815//815 783//783 814//814
f 816//816 764//764 776//776
f 816//816 776//776 815//815
f 810//810 761//761 764//764
f 810//810 764//764 816//816
f 817//817 818//818 819//819
f 817//817 819//819 820//820
f 818//818 821//821 822//822
f 818//818 822//822 819//819
f 821//821 823//823 824//824
f 821//821 824//824 822//822
f 823//823 825//825 826//826
f 823//823 826//826 824//824
f 825//825 827//827 828//828
f 825//825 828//828 826//826
f 827//827 829//829 830//830
f 827//827 830//830 828//828
f 820//820 819//819 831//831
f 820//820 831//831 832//832
f 819//819 822//822 833//833
f 819//819 833//833 831//831
f 822//822 824//824 834//834
f 822//822 834//834 833//833
f 824//824 826//826 835//835
f 824//824 835//835 834//834
f 826//826 828//828 836//836
f 826//826 836//836 835//835
f 828//828 830//830 837//837
f 828//828 837//837 836//836
f 832//832 831//831 838//838
f 832//832 838//838 839//839
f 831//831 833//833 840//840
f 831//831 840//840 838//838
f 833//833 834//834 841//841
f 833//833 841//841 840//840
f 834//834 835//835 842//842
f 834//834 842//842 841//841
f 835//835 836//836 843//843
f 835//835 843//843 842//842
f 836//836 837//837 844//844
f 836//836 844//844 843//843
f 839//839 838//838 845//845
f 839//839 845//845 846//846
f 838//838 840//840 847//847
f 838//838 847//847 845//845
f 840//840 841//841 848//848
f 840//840 848//848 847//847
f 841//841 842//842 849//849
f 841//841 849//849 848//848
f 842//842 843//843 850//850
f 842//842 850//850 849//849
f 843//843 844//844 851//851
f 843//843 851//851 850//850
f 846//846 845//845 852//852
f 846//846 852//852 853//853
f 845//845 847//847 854//854
f 845//845 854//854 852//852
f 847//847 848//848 855//855
f 847//847 855//855 854//854
f 848//848 849//849 856//856
f 848//848 856//856 855//855
f 849//849 850//850 857//857
f 849//849 857//857 856//856
f 850//850 851//851 858//858
f 850//850 858//858 857//857
f 853//853 852//852 859//859
f 853//853 859//859 860//860
f 852//852 854//854 861//861
f 852//852 861//861 859//859
f 854//854 855//855 862//862
f 854//854 862//862 861//861
f 855//855 856//856 863//863
f 855//855 863//863 862//862
f 856//856 857//857 864//864
f 856//856 864//864 863//863
f 857//857 858//858 865//865
f 857//857 865//865 864//864
f 467//467 554//554 817//817
f 467//467 817//817 468//468
f 554//554 553//553 818//818
f 554//554 818//818 817//817
f 553//553 552//552 821//821
f 553//553 821//821 818//818
f 552//552 551//551 823//823
f 552//552 823//823 821//821
f 551//551 550//550 825//825
f 551//551 825//825 823//823
f 550//550 549//549 827//827
f 550//550 827//827 825//825
f 549//549 548//548 829//829
f 549//549 829//829 827//827
f 548//548 547//547 866//866
f 548//548 866//866 829//829
f 829//829 866//866 867//867
f 829//829 867//867 830//830
f 830//830 867//867 868//868
f 830//830 868//868 837//837
f 837//837 868//868 869//869
f 837//837 869//869 844//844
f 844//844 869//869 870//870
f 844//844 870//870 851//851
f 851//851 870//870 871//871
f 851//851 871//871 858//858
f 858//858 871//871 872//872
f 858//858 872//872 865//865
f 865//865 872//872 755//755
f 865//865 755//755 753//753
f 864//864 865//865 753//753
f 864//864 753//753 752//752
f 863//863 864//864 752//752
f 863//863 752//752 751//751
f 862//862 863//863 751//751
f 862//862 751//751 750//750
f 861//861 862//862 750//750
f 861//861 750//750 749//749
f 859//859 861//861 749//749
f 859//859 749//749 748//748
f 860//860 859//859 748//748
f 860//860 748//748 747//747
f 474//474 860//860 747//747
f 474//474 747//747 475//475
f 473//473 853//853 860//860
f 473//473 860//860 474//474
f 472//472 846//846 853//853
f 472//472 853//853 473//473
f 471//471 839//839 846//846
f 471//471 846//846 472//472
f 470//470 832//832 839//839
f 470//470 839//839 471//471
f 469//469 820//820 832//832
f 469//469 832//832 470//470
f 468//468 817//817 820//820
f 468//468 820//820 469//469
f 873//873 874//874 875//875
f 873//873 875//875 876//876
f 874//874 877//877 878//878
f 874//874 878//878 875//875
f 877//877 879//879 880//880
f 877//877 880//880 878//878
f 879//879 881//881 882//882
f 879//879 882//882 880//880
f 881//881 883//883 884//884
f 881//881 884//884 882//882
f 883//883 885//885 886//886
f 883//883 886//886 884//884
f 876//876 875//875 887//887
f 876//876 887//887 888//888
f 875//875 878//878 889//889
f 875//875 889//889 887//887
f 878//878 880//880 890//890
f 878//878 890//890 889//889
f 880//880 882//882 891//891
f 880//880 891//891 890//890
f 882//882 884//884 892//892
f 882//882 892//892 891//891
f 884//884 886//886 893//893
f 884//884 893//893 892//892
f 888//888 887//887 894//894
f 888//888 894//894 895//895
f 887//887 889//889 896//896
f 887//887 896//896 894//894
f 889//889 890//890 897//897
f 889//889 897//897 896//896
f 890//890 891//891 898//898
f 890//890 898//898 897//897
f 891//891 892//892 899//899
f 891//891 899//899 898//898
f 892//892 893//893 900//900
f 892//892 900//900 899//899
f 895//895 894//894 901//901
f 895//895 901//901 902//902
f 894//894 896//896 903//903
f 894//894 903//903 901//901
f 896//896 897//897 904//904
f 896//896 904//904 903//903
f 897//897 898//898 905//905
f 897//897 905//905 904//904
f 898//898 899//899 906//906
f 898//898 906//906 905//905
f 899//899 900//900 907//907
f 899//899 907//907 906//906
f 902//902 901//901 908//908
f 902//902 908//908 909//909
f 901//901 903//903 910//910
f 901//901 910//910 908//908
f 903//903 904//904 911//911
f 903//903 911//911 910//910
f 904//904 905//905 912//912
f 904//904 912//912 911//911
f 905//905 906//906 913//913
f 905//905 913//913 912//912
f 906//906 907//907 914//914
f 906//906 914//914 913//913
f 909//909 908//908 915//915
f 909//909 915//915 916//916
f 908//908 910//910 917//917
f 908//908 917//917 915//915
f 910//910 911//911 918//918
f 910//910 918//918 917//917
f 911//911 912//912 919//919
f 911//911 919//919 918//918
f 912//912 913//913 920//920
f 912//912 920//920 919//919
f 913//913 914//914 921//921
f 913//913 921//921 920//920
f 547//547 616//616 873//873
f 547//547 873//873 866//866
f 616//616 615//615 874//874
f 616//616 874//874 873//873
f 615//615 614//614 877//877
f 615//615 877//877 874//874
f 614//614 613//613 879//879
f 614//614 879//879 877//877
f 613//613 612//612 881//881
f 613//613 881//881 879//879
f 612//612 611//611 883//883
f 612//612 883//883 881//881
f 611//611 610//610 885//885
f 611//611 885//885 883//883
f 610//610 148//148 810//810
f 610//610 810//810 885//885
f 885//885 810//810 816//816
f 885//885 816//816 886//886
f 886//886 816//816 815//815
f 886//886 815//815 893//893
f 893//893 815//815 814//814
f 893//893 814//814 900//900
f 900//900 814//814 813//813
f 900//900 813//813 907//907
f 907//907 813//813 812//812
f 907//907 812//812 914//914
f 914//914 812//812 811//811
f 914//914 811//811 921//921
f 921//921 811//811 738//738
f 921//921 738//738 740//740
f 920//920 921//921 740//740
f 920//920 740//740 760//760
f 919//919 920//920 760//760
f 919//919 760//760 759//759
f 918//918 919//919 759//759
f 918//918 759//759 758//758
f 917//917 918//918 758//758
f 917//917 758//758 757//757
f 915//915 917//917 757//757
f 915//915 757//757 756//756
f 916//916 915//915 756//756
f 916//916 756//756 754//754
f 872//872 916//916 754//754
f 872//872 754//754 755//755
f 871//871 909//909 916//916
f 871//871 916//916 872//872
f 870//870 902//902 909//909
f 870//870 909//909 871//871
f 869//869 895//895 902//902
f 869//869 902//902 870//870
f 868//868 888//888 895//895
f 868//868 895//895 869//869
f 867//867 876//876 888//888
f 867//867 888//888 868//868
f 866//866 873//873 876//876
f 866//866 876//876 867//867
f 922//922 923//923 924//924
f 922//922 924//924 925//925
f 923//923 926//926 927//927
f 923//923 927//927 924//924
f 926//926 928//928 929//929
f 926//926 929//929 927//927
f 928//928 930//930 931//931
f 928//928 931//931 929//929
f 930//930 932//932 933//933
f 930//930 933//933 931//931
f 932//932 934//934 935//935
f 932//932 935//935 933//933
f 925//925 924//924 936//936
f 925//925 936//936 937//937
f 924//924 927//927 938//938
f 924//924 938//938 936//936
f 927//927 929//929 939//939
f 927//927 939//939 938//938
f 929//929 931//931 940//940
f 929//929 940//940 939//939
f 931//931 933//933 941//941
f 931//931 941//941 940//940
f 933//933 935//935 942//942
f 933//933 942//942 941//941
f 937//937 936//936 943//943
f 937//937 943//943 944//944
f 936//936 938//938 945//945
f 936//936 945//945 943//943
f 938//938 939//939 946//946
f 938//938 946//946 945//945
f 939//939 940//940 947//947
f 939//939 947//947 946//946
f 940//940 941//941 948//948
f 940//940 948//948 947//947
f 941//941 942//942 949//949
f 941//941 949//949 948//948
f 944//944 943//943 950//950
f 944//944 950//950 951//951
f 943//943 945//945 952//952
f 943//943 952//952 950//950
f 945//945 946//946 953//953
f 945//945 953//953 952//952
f 946//946 947//947 954//954
f 946//946 954//954 953//953
f 947//947 948//948 955//955
f 947//947 955//955 954//954
f 948//948 949//949 956//956
f 948//948 956//956 955//955
f 951//951 950//950 957//957
f 951//951 957//957 958//958
f 950//950 952//952 959//959
f 950//950 959//959 957//957
f 952//952 953//953 960//960
f 952//952 960//960 959//959
f 953//953 954//954 961//961
f 953//953 961//961 960//960
f 954//954 955//955 962//962
f 954//954 962//962 961//961
f 955//955 956//956 963//963
f 955//955 963//963 962//962
f 958//958 957//957 964//964
f 958//958 964//964 965//965
f 957//957 959//959 966//966
f 957//957 966//966 964//964
f 959//959 960//960 967//967
f 959//959 967//967 966//966
f 960//960 961//961 968//968
f 960//960 968//968 967//967
f 961//961 962//962 969//969
f 961//961 969//969 968//968
f 962//962 963//963 970//970
f 962//962 970//970 969//969
f 971//971 972//972 922//922
f 971//971 922//922 973//973
f 972//972 974//974 923//923
f 972//972 923//923 922//922
f 974//974 975//975 926//926
f 974//974 926//926 923//923
f 975//975 976//976 928//928
f 975//975 928//928 926//926
f 976//976 977//977 930//930
f 976//976 930//930 928//928
f 977//977 978//978 932//932
f 977//977 932//932 930//930
f 978//978 979//979 934//934
f 978//978 934//934 932//932
f 979//979 980//980 981//981
f 979//979 981//981 934//934
f 934//934 981//981 982//982
f 934//934 982//982 935//935
f 935//935 982//982 983//983
f 935//935 983//983 942//942
f 942//942 983//983 984//984
f 942//942 984//984 949//949
f 949//949 984//984 985//985
f 949//949 985//985 956//956
f 956//956 985//985 986//986
f 956//956 986//986 963//963
f 963//963 986//986 987//987
f 963//963 987//987 970//970
f 970//970 987//987 683//683
f 970//970 683//683 681//681
f 969//969 970//970 681//681
f 969//969 681//681 680//680
f 968//968 969//969 680//680
f 968//968 680//680 679//679
f 967//967 968//968 679//679
f 967//967 679//679 678//678
f 966//966 967//967 678//678
f 966//966 678//678 677//677
f 964//964 966//966 677//677
f 964//964 677//677 676//676
f 965//965 964//964 676//676
f 965//965 676//676 675//675
f 988//988 965//965 675//675
f 988//988 675//675 674//674
f 989//989 958//958 965//965
f 989//989 965//965 988//988
f 990//990 951//951 958//958
f 990//990 958//958 989//989
f 991//991 944//944 951//951
f 991//991 951//951 990//990
f 992//992 937//937 944//944
f 992//992 944//944 991//991
f 993//993 925//925 937//937
f 993//993 937//937 992//992
f 973//973 922//922 925//925
f 973//973 925//925 993//993
f 994//994 995//995 996//996
f 994//994 996//996 997//997
f 995//995 998//998 999//999
f 995//995 999//999 996//996
f 998//998 1000//1000 1001//1001
f 998//998 1001//1001 999//999
f 1000//1000 1002//1002 1003//1003
f 1000//1000 1003//1003 1001//1001
f 1002//1002 1004//1004 1005//1005
f 1002//1002 1005//1005 1003//1003
f 1004//1004 1006//1006 1007//1007
f 1004//1004 1007//1007 1005//1005
f 997//997 996//996 1008//1008
f 997//997 1008//1008 1009//1009
f 996//996 999//999 1010//1010
f 996//996 1010//1010 1008//1008
f 999//999 1001//1001 1011//1011
f 999//999 1011//1011 1010//1010
f 1001//1001 1003//1003 1012//1012
f 1001//1001 1012//1012 1011//1011
f 1003//1003 1005//1005 1013//1013
f 1003//1003 1013//1013 1012//1012
f 1005//1005 1007//1007 1014//1014
f 1005//1005 1014//1014 1013//1013
f 1009//1009 1008//1008 1015//1015
f 1009//1009 1015//1015 1016//1016
f 1008//1008 1010//1010 1017//1017
f 1008//1008 1017//1017 1015//1015
f 1010//1010 1011//1011 1018//1018
f 1010//1010 1018//1018 1017//1017
f 1011//1011 1012//1012 1019//1019
f 1011//1011 1019//1019 1018//1018
f 1012//1012 1013//1013 1020//1020
f 1012//1012 1020//1020 1019//1019
f 1013//1013 1014//1014 1021//1021
f 1013//1013 1021//1021 1020//1020
f 1016//1016 1015//1015 1022//1022
f 1016//1016 1022//1022 1023//1023
f 1015//1015 1017//1017 1024//1024
f 1015//1015 1024//1024 1022//1022
f 1017//1017 1018//1018 1025//1025
f 1017//1017 1025//1025 1024//1024
f 1018//1018 1019//1019 1026//1026
f 1018//1018 1026//1026 1025//1025
f 1019//1019 1020//1020 1027//1027
f 1019//1019 1027//1027 1026//1026
f 1020//1020 1021//1021 1028//1028
f 1020//1020 1028//1028 1027//1027
f 1023//1023 1022//1022 1029//1029
f 1023//1023 1029//1029 1030//1030
f 1022//1022 1024//1024 1031//1031
f 1022//1022 1031//1031 1029//1029
f 1024//1024 1025//1025 1032//1032
f 1024//1024 1032//1032 1031//1031
f 1025//1025 1026//1026 1033//1033
f 1025//1025 1033//1033 1032//1032
f 1026//1026 1027//1027 1034//1034
f 1026//1026 1034//1034 1033//1033
f 1027//1027 1028//1028 1035//1035
f 1027//1027 1035//1035 1034//1034
f 1030//1030 1029//1029 1036//1036
f 1030//1030 1036//1036 1037//1037
f 1029//1029 1031//1031 1038//1038
f 1029//1029 1038//1038 1036//1036
f 1031//1031 1032//1032 1039//1039
f 1031//1031 1039//1039 1038//1038
f 1032//1032 1033//1033 1040//1040
f 1032//1032 1040//1040 1039//1039
f 1033//1033 1034//1034 1041//1041
f 1033//1033 1041//1041 1040//1040
f 1034//1034 1035//1035 1042//1042
f 1034//1034 1042//1042 1041//1041
f 212//212 539//539 994//994
f 212//212 994//994 1043//1043
f 539//539 560//560 995//995
f 539//539 995//995 994//994
f 560//560 559//559 998//998
f 560//560 998//998 995//995
f 559//559 558//558 1000//1000
f 559//559 1000//1000 998//998
f 558//558 557//557 1002//1002
f 558//558 1002//1002 1000//1000
f 557//557 556//556 1004//1004
f 557//557 1004//1004 1002//1002
f 556//556 555//555 1006//1006
f 556//556 1006//1006 1004//1004
f 555//555 467//467 666//666
f 555//555 666//666 1006//1006
f 1006//1006 666//666 688//688
f 1006//1006 688//688 1007//1007
f 1007//1007 688//688 687//687
f 1007//1007 687//687 1014//1014
f 1014//1014 687//687 686//686
f 1014//1014 686//686 1021//1021
f 1021//1021 686//686 685//685
f 1021//1021 685//685 1028//1028
f 1028//1028 685//685 684//684
f 1028//1028 684//684 1035//1035
f 1035//1035 684//684 682//682
f 1035//1035 682//682 1042//1042
f 1042//1042 682//682 683//683
f 1042//1042 683//683 987//987
f 1041//1041 1042//1042 987//987
f 1041//1041 987//987 986//986
f 1040//1040 1041//1041 986//986
f 1040//1040 986//986 985//985
f 1039//1039 1040//1040 985//985
f 1039//1039 985//985 984//984
f 1038//1038 1039//1039 984//984
f 1038//1038 984//984 983//983
f 1036//1036 1038//1038 983//983
f 1036//1036 983//983 982//982
f 1037//1037 1036//1036 982//982
f 1037//1037 982//982 981//981
f 1044//1044 1037//1037 981//981
f 1044//1044 981//981 980//980
f 1045//1045 1030//1030 1037//1037
f 1045//1045 1037//1037 1044//1044
f 1046//1046 1023//1023 1030//1030
f 1046//1046 1030//1030 1045//1045
f 1047//1047 1016//1016 1023//1023
f 1047//1047 1023//1023 1046//1046
f 1048//1048 1009//1009 1016//1016
f 1048//1048 1016//1016 1047//1047
f 1049//1049 997//997 1009//1009
f 1049//1049 1009//1009 1048//1048
f 1043//1043 994//994 997//997
f 1043//1043 997//997 1049//1049
f 1050//1050 1051//1051 1052//1052
f 1050//1050 1052//1052 1053//1053
f 1051//1051 1054//1054 1055//1055
f 1051//1051 1055//1055 1052//1052
f 1054//1054 1056//1056 1057//1057
f 1054//1054 1057//1057 1055//1055
f 1056//1056 1058//1058 1059//1059
f 1056//1056 1059//1059 1057//1057
f 1058//1058 1060//1060 1061//1061
f 1058//1058 1061//1061 1059//1059
f 1060//1060 1062//1062 1063//1063
f 1060//1060 1063//1063 1061//1061
f 1053//1053 1052//1052 1064//1064
f 1053//1053 1064//1064 1065//1065
f 1052//1052 1055//1055 1066//1066
f 1052//1052 1066//1066 1064//1064
f 1055//1055 1057//1057 1067//1067
f 1055//1055 1067//1067 1066//1066
f 1057//1057 1059//1059 1068//1068
f 1057//1057 1068//1068 1067//1067
f 1059//1059 1061//1061 1069//1069
f 1059//1059 1069//1069 1068//1068
f 1061//1061 1063//1063 1070//1070
f 1061//1061 1070//1070 1069//1069
f 1065//1065 1064//1064 1071//1071
f 1065//1065 1071//1071 1072//1072
f 1064//1064 1066//1066 1073//1073
f 1064//1064 1073//1073 1071//1071
f 1066//1066 1067//1067 1074//1074
f 1066//1066 1074//1074 1073//1073
f 1067//1067 1068//1068 1075//1075
f 1067//1067 1075//1075 1074//1074
f 1068//1068 1069//1069 1076//1076
f 1068//1068 1076//1076 1075//1075
f 1069//1069 1070//1070 1077//1077
f 1069//1069 1077//1077 1076//1076
f 1072//1072 1071//1071 1078//1078
f 1072//1072 1078//1078 1079//1079
f 1071//1071 1073//1073 1080//1080
f 1071//1071 1080//1080 1078//1078
f 1073//1073 1074//1074 1081//1081
f 1073//1073 1081//1081 1080//1080
f 1074//1074 1075//1075 1082//1082
f 1074//1074 1082//1082 1081//1081
f 1075//1075 1076//1076 1083//1083
f 1075//1075 1083//1083 1082//1082
f 1076//1076 1077//1077 1084//1084
f 1076//1076 1084//1084 1083//1083
f 1079//1079 1078//1078 1085//1085
f 1079//1079 1085//1085 1086//1086
f 1078//1078 1080//1080 1087//1087
f 1078//1078 1087//1087 1085//1085
f 1080//1080 1081//1081 1088//1088
f 1080//1080 1088//1088 1087//1087
f 1081//1081 1082//1082 1089//1089
f 1081//1081 1089//1089 1088//1088
f 1082//1082 1083//1083 1090//1090
f 1082//1082 1090//1090 1089//1089
f 1083//1083 1084//1084 1091//1091
f 1083//1083 1091//1091 1090//1090
f 1086//1086 1085//1085 1092//1092
f 1086//1086 1092//1092 1093//1093
f 1085//1085 1087//1087 1094//1094
f 1085//1085 1094//1094 1092//1092
f 1087//1087 1088//1088 1095//1095
f 1087//1087 1095//1095 1094//1094
f 1088//1088 1089//1089 1096//1096
f 1088//1088 1096//1096 1095//1095
f 1089//1089 1090//1090 1097//1097
f 1089//1089 1097//1097 1096//1096
f 1090//1090 1091//1091 1098//1098
f 1090//1090 1098//1098 1097//1097
f 67//67 409//409 1050//1050
f 67//67 1050//1050 1099//1099
f 409//409 408//408 1051//1051
f 409//409 1051//1051 1050//1050
f 408//408 407//407 1054//1054
f 408//408 1054//1054 1051//1051
f 407//407 406//406 1056//1056
f 407//407 1056//1056 1054//1054
f 406//406 405//405 1058//1058
f 406//406 1058//1058 1056//1056
f 405//405 404//404 1060//1060
f 405//405 1060//1060 1058//1058
f 404//404 403//403 1062//1062
f 404//404 1062//1062 1060//1060
f 403//403 212//212 1043//1043
f 403//403 1043//1043 1062//1062
f 1062//1062 1043//1043 1049//1049
f 1062//1062 1049//1049 1063//1063
f 1063//1063 1049//1049 1048//1048
f 1063//1063 1048//1048 1070//1070
f 1070//1070 1048//1048 1047//1047
f 1070//1070 1047//1047 1077//1077
f 1077//1077 1047//1047 1046//1046
f 1077//1077 1046//1046 1084//1084
f 1084//1084 1046//1046 1045//1045
f 1084//1084 1045//1045 1091//1091
f 1091//1091 1045//1045 1044//1044
f 1091//1091 1044//1044 1098//1098
f 1098//1098 1044//1044 980//980
f 1098//1098 980//980 979//979
f 1097//1097 1098//1098 979//979
f 1097//1097 979//979 978//978
f 1096//1096 1097//1097 978//978
f 1096//1096 978//978 977//977
f 1095//1095 1096//1096 977//977
f 1095//1095 977//977 976//976
f 1094//1094 1095//1095 976//976
f 1094//1094 976//976 975//975
f 1092//1092 1094//1094 975//975
f 1092//1092 975//975 974//974
f 1093//1093 1092//1092 974//974
f 1093//1093 974//974 972//972
f 1100//1100 1093//1093 972//972
f 1100//1100 972//972 971//971
f 1101//1101 1086//1086 1093//1093
f 1101//1101 1093//1093 1100//1100
f 1102//1102 1079//1079 1086//1086
f 1102//1102 1086//1086 1101//1101
f 1103//1103 1072//1072 1079//1079
f 1103//1103 1079//1079 1102//1102
f 1104//1104 1065//1065 1072//1072
f 1104//1104 1072//1072 1103//1103
f 1105//1105 1053//1053 1065//1065
f 1105//1105 1065//1065 1104//1104
f 1099//1099 1050//1050 1053//1053
f 1099//1099 1053//1053 1105//1105
f 1106//1106 1107//1107 1108//1108
f 1106//1106 1108//1108 1109//1109
f 1107//1107 1110//1110 1111//1111
f 1107//1107 1111//1111 1108//1108
f 1110//1110 1112//1112 1113//1113
f 1110//1110 1113//1113 1111//1111
f 1112//1112 1114//1114 1115//1115
f 1112//1112 1115//1115 1113//1113
f 1114//1114 1116//1116 1117//1117
f 1114//1114 1117//1117 1115//1115
f 1116//1116 1118//1118 1119//1119
f 1116//1116 1119//1119 1117//1117
f 1109//1109 1108//1108 1120//1120
f 1109//1109 1120//1120 1121//1121
f 1108//1108 1111//1111 1122//1122
f 1108//1108 1122//1122 1120//1120
f 1111//1111 1113//1113 1123//1123
f 1111//1111 1123//1123 1122//1122
f 1113//1113 1115//1115 1124//1124
f 1113//1113 1124//1124 1123//1123
f 1115//1115 1117//1117 1125//1125
f 1115//1115 1125//1125 1124//1124
f 1117//1117 1119//1119 1126//1126
f 1117//1117 1126//1126 1125//1125
f 1121//1121 1120//1120 1127//1127
f 1121//1121 1127//1127 1128//1128
f 1120//1120 1122//1122 1129//1129
f 1120//1120 1129//1129 1127//1127
f 1122//1122 1123//1123 1130//1130
f 1122//1122 1130//1130 1129//1129
f 1123//1123 1124//1124 1131//1131
f 1123//1123 1131//1131 1130//1130
f 1124//1124 1125//1125 1132//1132
f 1124//1124 1132//1132 1131//1131
f 1125//1125 1126//1126 1133//1133
f 1125//1125 1133//1133 1132//1132
f 1128//1128 1127//1127 1134//1134
f 1128//1128 1134//1134 1135//1135
f 1127//1127 1129//1129 1136//1136
f 1127//1127 1136//1136 1134//1134
f 1129//1129 1130//1130 1137//1137
f 1129//1129 1137//1137 1136//1136
f 1130//1130 1131//1131 1138//1138
f 1130//1130 1138//1138 1137//1137
f 1131//1131 1132//1132 1139//1139
f 1131//1131 1139//1139 1138//1138
f 1132//1132 1133//1133 1140//1140
f 1132//1132 1140//1140 1139//1139
f 1135//1135 1134//1134 1141//1141
f 1135//1135 1141//1141 1142//1142
f 1134//1134 1136//1136 1143//1143
f 1134//1134 1143//1143 1141//1141
f 1136//1136 1137//1137 1144//1144
f 1136//1136 1144//1144 1143//1143
f 1137//1137 1138//1138 1145//1145
f 1137//1137 1145//1145 1144//1144
f 1138//1138 1139//1139 1146//1146
f 1138//1138 1146//1146 1145//1145
f 1139//1139 1140//1140 1147//1147
f 1139//1139 1147//1147 1146//1146
f 1142//1142 1141//1141 1148//1148
f 1142//1142 1148//1148 1149//1149
f 1141//1141 1143//1143 1150//1150
f 1141//1141 1150//1150 1148//1148
f 1143//1143 1144//1144 1151//1151
f 1143//1143 1151//1151 1150//1150
f 1144//1144 1145//1145 1152//1152
f 1144//1144 1152//1152 1151//1151
f 1145//1145 1146//1146 1153//1153
f 1145//1145 1153//1153 1152//1152
f 1146//1146 1147//1147 1154//1154
f 1146//1146 1154//1154 1153//1153
f 139//139 138//138 1106//1106
f 139//139 1106//1106 667//667
f 138//138 137//137 1107//1107
f 138//138 1107//1107 1106//1106
f 137//137 136//136 1110//1110
f 137//137 1110//1110 1107//1107
f 136//136 135//135 1112//1112
f 136//136 1112//1112 1110//1110
f 135//135 134//134 1114//1114
f 135//135 1114//1114 1112//1112
f 134//134 133//133 1116//1116
f 134//134 1116//1116 1114//1114
f 133//133 132//132 1118//1118
f 133//133 1118//1118 1116//1116
f 132//132 67//67 1099//1099
f 132//132 1099//1099 1118//1118
f 1118//1118 1099//1099 1105//1105
f 1118//1118 1105//1105 1119//1119
f 1119//1119 1105//1105 1104//1104
f 1119//1119 1104//1104 1126//1126
f 1126//1126 1104//1104 1103//1103
f 1126//1126 1103//1103 1133//1133
f 1133//1133 1103//1103 1102//1102
f 1133//1133 1102//1102 1140//1140
f 1140//1140 1102//1102 1101//1101
f 1140//1140 1101//1101 1147//1147
f 1147//1147 1101//1101 1100//1100
f 1147//1147 1100//1100 1154//1154
f 1154//1154 1100//1100 971//971
f 1154//1154 971//971 973//973
f 1153//1153 1154//1154 973//973
f 1153//1153 973//973 993//993
f 1152//1152 1153//1153 993//993
f 1152//1152 993//993 992//992
f 1151//1151 1152//1152 992//992
f 1151//1151 992//992 991//991
f 1150//1150 1151//1151 991//991
f 1150//1150 991//991 990//990
f 1148//1148 1150//1150 990//990
f 1148//1148 990//990 989//989
f 1149//1149 1148//1148 989//989
f 1149//1149 989//989 988//988
f 673//673 1149//1149 988//988
f 673//673 988//988 674//674
f 672//672 1142//1142 1149//1149
f 672//672 1149//1149 673//673
f 671//671 1135//1135 1142//1142
f 671//671 1142//1142 672//672
f 670//670 1128//1128 1135//1135
f 670//670 1135//1135 671//671
f 669//669 1121//1121 1128//1128
f 669//669 1128//1128 670//670
f 668//668 1109//1109 1121//1121
f 668//668 1121//1121 669//669
f 667//667 1106//1106 1109//1109
f 667//667 1109//1109 668//668
