# Blender 4.5.4 LTS
# www.blender.org
o Object_8
v -1.022709 -1.330018 2.289927
v -1.102027 -1.184250 2.357210
v -1.166263 -1.154758 2.191100
v -1.061945 -1.307037 2.129688
v -1.157462 -1.015347 2.420346
v -1.238642 -0.975642 2.248572
v -1.175876 -0.821744 2.463650
v -1.285278 -0.772144 2.299323
v -1.151214 -0.623775 2.473223
v -1.242424 -0.571851 2.321296
v -1.124981 -0.448471 2.487374
v -1.230802 -0.381773 2.379432
v -1.095964 -0.279143 2.525108
v -1.148090 -0.200869 2.382859
v -1.193183 -1.117044 2.002238
v -1.038716 -1.248725 1.951892
v -1.267719 -0.922697 2.052924
v -1.316707 -0.723708 2.102203
v -1.431105 -0.535651 2.235126
v -1.405884 -0.291358 2.295233
v -1.287832 -0.087282 2.297801
v -1.116406 -1.035391 1.806960
v -0.941042 -1.174908 1.760038
v -1.235039 -0.854180 1.835418
v -1.446389 -0.698624 1.934971
v -1.584680 -0.463168 2.060631
v -1.578089 -0.186519 2.154383
v -1.414292 0.040208 2.172112
v -1.010093 -0.942993 1.565814
v -0.944482 -1.142227 1.528076
v -1.212321 -0.796373 1.613735
v -1.478769 -0.616330 1.718572
v -1.662394 -0.371467 1.827119
v -1.647705 -0.076381 1.924110
v -1.474966 0.163257 1.968766
v -1.124501 -0.952820 1.355311
v -1.020669 -1.160817 1.313813
v -1.211194 -0.736714 1.393465
v -1.453517 -0.543980 1.468059
v -1.623587 -0.274105 1.565928
v -1.605176 0.026005 1.658192
v -1.417517 0.265644 1.693924
v -1.149463 -0.923973 1.118401
v -1.064832 -1.155999 1.079045
v -1.160321 -0.659998 1.158475
v -1.407939 -0.467225 1.229624
v -1.595083 -0.186846 1.323784
v -1.601269 0.122314 1.407222
v -1.531333 0.411234 1.479393
v -0.867201 -1.398666 2.331791
v -0.932670 -1.337971 2.411987
v -0.890111 -1.398092 2.225015
v -1.005833 -1.221785 2.509248
v -1.055292 -1.057551 2.589389
v -1.051142 -0.859976 2.614139
v -1.025329 -0.668685 2.611284
v -1.001311 -0.497905 2.610017
v -0.995981 -0.336954 2.644752
v -0.969595 -0.211707 2.643224
v -1.022242 -0.131489 2.552234
v -1.039878 -0.057821 2.388159
v -1.121317 0.062483 2.284322
v -1.202774 0.191041 2.144424
v -1.224528 0.306914 1.936409
v -1.227332 0.443530 1.709146
v -1.297687 0.620776 1.498603
v -1.440773 0.860384 1.260688
v -1.730106 0.536990 1.228427
v -1.835886 0.198234 1.166859
v -1.731344 -0.125649 1.062589
v -1.514239 -0.411106 0.978091
v -1.287086 -0.647982 0.905110
v -1.179661 -0.905491 0.866528
v -0.984573 -1.083858 0.826829
v -0.921691 -1.328938 1.041842
v -0.814944 -1.217771 0.810286
v -0.899288 -1.341928 1.289511
v -0.905558 -1.397407 1.515465
v -0.871270 -1.383950 1.710525
v -0.847079 -1.335789 1.884730
v -0.894957 -1.376737 2.073020
v -1.085036 -1.100633 0.551171
v -1.382381 -0.952233 0.571692
v -1.520100 -1.015621 0.306089
v -1.197498 -1.230707 0.297577
v -1.519950 -0.685373 0.608744
v -1.703539 -0.724948 0.339104
v -1.538576 -0.359602 0.678579
v -1.733054 -0.371893 0.377361
v -1.716569 -0.062840 0.748285
v -1.718677 -0.017492 0.416858
v -1.821616 0.263870 0.822036
v -1.694550 0.315602 0.456760
v -1.802278 0.598305 0.887907
v -1.845958 0.645902 0.517326
v -1.511717 -1.006284 0.012265
v -1.209085 -1.225163 0.017570
v -1.692256 -0.701541 0.027125
v -1.737814 -0.349758 0.048762
v -1.715224 0.011280 0.072144
v -1.700740 0.336688 0.096703
v -1.898650 0.649947 0.129429
v -1.471287 -0.980538 -0.286074
v -1.308964 -1.283782 -0.286265
v -1.702198 -0.692824 -0.291076
v -1.692068 -0.333717 -0.280891
v -1.536410 0.065369 -0.277519
v -1.824606 0.356514 -0.275047
v -1.974707 0.678726 -0.266243
v -1.529294 -1.011176 -0.596264
v -1.363793 -1.343660 -0.568598
v -1.657166 -0.667948 -0.613146
v -1.618422 -0.300278 -0.608063
v -1.410344 0.101961 -0.614398
v -1.748100 0.410616 -0.635942
v -1.930746 0.708246 -0.664707
v -1.420839 -0.956937 -0.892764
v -1.296037 -1.303140 -0.855995
v -1.382691 -0.574534 -0.899824
v -1.353680 -0.228526 -0.937119
v -1.363798 0.110564 -0.962239
v -1.520432 0.424546 -0.994097
v -1.556511 0.738097 -0.998832
v -1.296860 -0.901088 -1.168861
v -1.272813 -1.302294 -1.128585
v -1.470769 -0.605504 -1.216492
v -1.532946 -0.262905 -1.275398
v -1.509846 0.087223 -1.312647
v -1.675650 0.415694 -1.372377
v -1.587644 0.757125 -1.406451
v -0.776424 -1.197286 0.549384
v -1.694229 0.902535 0.901888
v -1.928466 0.933654 0.552089
v -1.911708 0.951211 0.153156
v -1.984466 0.981951 -0.249229
v -1.902049 1.007351 -0.649486
v -1.610272 1.021159 -1.002714
v -1.590413 1.074997 -1.429094
v -1.479429 1.203950 -1.905928
v -1.542404 0.775916 -1.768011
v -1.567804 0.404905 -1.706381
v -1.502326 0.066282 -1.638606
v -1.643206 -0.305829 -1.597957
v -1.590346 -0.665968 -1.526164
v -1.360242 -0.961302 -1.444409
v -1.195810 -1.274569 -1.395529
v -1.008276 -1.584386 -1.070757
v -0.964488 -1.576509 -1.321895
v -1.046571 -1.580574 -0.806101
v -1.012090 -1.503201 -0.545069
v -0.982734 -1.437876 -0.272719
v -0.936197 -1.400743 0.048164
v -0.820116 -1.287426 0.309461
v 0.777978 -1.349531 1.206807
v 0.859315 -1.085948 1.244389
v 0.642996 -1.046168 1.420978
v 0.574367 -1.282262 1.379907
v 0.780815 -0.778233 1.248053
v 0.728153 -0.807134 1.498359
v 0.770065 -0.480663 1.301812
v 0.809967 -0.545838 1.591537
v 0.922832 -0.197435 1.441531
v 0.842352 -0.263691 1.660815
v 0.975409 0.126112 1.574334
v 0.825097 0.030647 1.757857
v 0.830774 0.432817 1.637688
v 0.687521 0.293078 1.800239
v 0.674345 -1.107473 1.664381
v 0.461941 -1.268509 1.572754
v 0.770498 -0.864961 1.749263
v 0.809368 -0.606681 1.812973
v 0.835454 -0.326186 1.893388
v 0.646598 -0.080419 1.902080
v 0.527911 0.145621 1.946783
v 0.659661 -1.149134 1.876172
v 0.442806 -1.285158 1.785497
v 0.776896 -0.921482 1.956238
v 0.793439 -0.664429 2.017061
v 0.734703 -0.403964 2.064163
v 0.619380 -0.153953 2.099416
v 0.405014 0.021745 2.071514
v 0.593900 -1.175113 2.062707
v 0.391697 -1.288491 1.963649
v 0.717398 -0.968085 2.150362
v 0.722376 -0.717406 2.201110
v 0.661583 -0.472933 2.238383
v 0.581693 -0.241975 2.264123
v 0.461167 -0.034520 2.282029
v 0.465372 -1.161513 2.204326
v 0.322261 -1.276391 2.113497
v 0.561235 -0.981751 2.286606
v 0.580861 -0.765235 2.340534
v 0.524068 -0.551890 2.355320
v 0.519713 -0.342150 2.417953
v 0.420817 -0.145497 2.439056
v 0.315443 -1.144664 2.315974
v 0.270253 -1.272314 2.259512
v 0.383550 -0.992809 2.389234
v 0.402652 -0.806304 2.432019
v 0.409265 -0.617888 2.475270
v 0.415454 -0.425704 2.538075
v 0.353943 -0.241006 2.566254
v 0.698402 -1.570085 0.923341
v 0.932746 -1.390366 1.017682
v 0.583619 -1.541572 1.142538
v 1.003440 -1.099954 1.051064
v 0.961736 -0.777758 1.053191
v 0.978025 -0.463156 1.102671
v 1.091656 -0.151528 1.230933
v 1.018859 0.184723 1.295576
v 0.909242 0.521814 1.357632
v 0.802308 0.922164 1.509836
v 0.591179 0.687086 1.696502
v 0.460431 0.498269 1.851112
v 0.334329 0.309614 1.975981
v 0.221531 0.147474 2.053326
v 0.263523 0.096190 2.254998
v 0.269872 0.014874 2.438967
v 0.255711 -0.079654 2.593827
v 0.217185 -0.167934 2.684850
v 0.277250 -0.297253 2.706207
v 0.307212 -0.481883 2.671174
v 0.299651 -0.673565 2.603949
v 0.231275 -0.838488 2.487046
v 0.191338 -0.993492 2.424008
v 0.139988 -1.109203 2.347936
v 0.174824 -1.257186 2.358213
v 0.229630 -1.425266 2.244419
v 0.171780 -1.376271 2.324635
v 0.298150 -1.470879 2.118875
v 0.329890 -1.479725 1.947540
v 0.346255 -1.462581 1.735807
v 0.287544 -1.387348 1.509782
v 0.445065 -1.480598 1.348122
v 0.055384 -1.269966 2.399111
v 0.008376 -1.103269 2.362092
v -0.075779 -1.153286 2.469424
v -0.081249 -1.278162 2.397364
v 0.062655 -1.001058 2.467202
v -0.037129 -1.039693 2.604786
v 0.086936 -0.852543 2.539743
v -0.009497 -0.888000 2.700509
v 0.138638 -0.696486 2.668926
v -0.016249 -0.708585 2.730793
v 0.143760 -0.512896 2.741718
v -0.023845 -0.526791 2.757478
v 0.130525 -0.325611 2.769382
v -0.017669 -0.329085 2.810022
v -0.192536 -1.197845 2.557362
v -0.219966 -1.252195 2.364141
v -0.172776 -1.074920 2.709771
v -0.163145 -0.907063 2.810221
v -0.165094 -0.714539 2.848990
v -0.183681 -0.523919 2.817249
v -0.185000 -0.318616 2.860311
v -0.340297 -1.216928 2.596412
v -0.346580 -1.283317 2.414713
v -0.341353 -1.091594 2.758827
v -0.344169 -0.917648 2.865755
v -0.349629 -0.716607 2.898512
v -0.358465 -0.522964 2.848664
v -0.370063 -0.315830 2.878965
v -0.496495 -1.221954 2.600282
v -0.487411 -1.323601 2.465041
v -0.515139 -1.077610 2.730268
v -0.533823 -0.915009 2.847473
v -0.542044 -0.715999 2.886642
v -0.543697 -0.523367 2.849810
v -0.555833 -0.325624 2.852872
v -0.665790 -1.220711 2.601828
v -0.641762 -1.348588 2.490310
v -0.684746 -1.068207 2.686997
v -0.702482 -0.898643 2.758878
v -0.717420 -0.710144 2.807472
v -0.706661 -0.528570 2.769737
v -0.716380 -0.344455 2.776614
v -0.840559 -1.226851 2.584542
v -0.795235 -1.342691 2.470955
v -0.870692 -1.067225 2.663080
v -0.887673 -0.886026 2.720169
v -0.879943 -0.694077 2.726610
v -0.859495 -0.522477 2.705037
v -0.863929 -0.351009 2.727379
v 0.081602 -1.420186 2.344746
v 0.109232 -0.155423 2.704690
v -0.029956 -0.136718 2.753196
v -0.198016 -0.114620 2.807436
v -0.384239 -0.111872 2.819294
v -0.567169 -0.129457 2.786710
v -0.729164 -0.159227 2.723091
v -0.871443 -0.180207 2.691169
v -0.767400 -1.436058 2.352376
v -0.623997 -1.439548 2.353507
v -0.482720 -1.432054 2.345834
v -0.340103 -1.383936 2.297305
v -0.193523 -1.424448 2.323261
v -0.048424 -1.449291 2.359834
v -0.780304 -1.491960 1.026348
v -0.663865 -1.695585 0.992209
v -0.714315 -1.800993 1.269532
v -0.830967 -1.599877 1.289667
v -0.461419 -1.793709 0.984477
v -0.514175 -1.913087 1.257312
v -0.242958 -1.741000 0.997575
v -0.290244 -1.880902 1.266101
v -0.055641 -1.682008 1.000059
v -0.076461 -1.797634 1.252124
v 0.164515 -1.739836 1.038958
v 0.070542 -1.622440 1.246922
v 0.387602 -1.681328 1.087038
v 0.262517 -1.580784 1.285952
v -0.745129 -1.850502 1.501831
v -0.870751 -1.654204 1.508001
v -0.546071 -1.976933 1.498924
v -0.311968 -1.962374 1.499944
v -0.121469 -1.837104 1.497999
v 0.071230 -1.694810 1.485874
v 0.189392 -1.529154 1.486417
v -0.742100 -1.830319 1.717939
v -0.859648 -1.639577 1.708906
v -0.545848 -1.928506 1.720709
v -0.324605 -1.948269 1.725417
v -0.133918 -1.830370 1.711244
v 0.039025 -1.690635 1.703202
v 0.233202 -1.631031 1.717597
v -0.699810 -1.733017 1.901811
v -0.798012 -1.558725 1.876621
v -0.537494 -1.855090 1.939688
v -0.330697 -1.852815 1.932803
v -0.149210 -1.756534 1.908599
v 0.033245 -1.715682 1.920796
v 0.219153 -1.650433 1.938162
v -0.651427 -1.595363 2.064135
v -0.735937 -1.438137 2.027078
v -0.507509 -1.688400 2.104239
v -0.337353 -1.684415 2.095250
v -0.167432 -1.712088 2.106890
v 0.017915 -1.693653 2.112629
v 0.191410 -1.627375 2.123191
v -0.629211 -1.514848 2.214270
v -0.752440 -1.444532 2.199111
v -0.481712 -1.521065 2.207885
v -0.338789 -1.518905 2.207293
v -0.180500 -1.586493 2.246271
v -0.016020 -1.585505 2.253899
v 0.127765 -1.534394 2.250990
v -0.635286 -1.311297 0.787304
v -0.548590 -1.478453 0.750294
v -0.426986 -1.744967 0.753130
v -0.195059 -1.787299 0.762110
v 0.010345 -1.722169 0.768524
v 0.235265 -1.734598 0.803427
v 0.460951 -1.674371 0.851604
v 0.343411 0.861520 1.800068
v 0.096826 1.015391 1.964105
v 0.075906 0.848131 2.110857
v 0.300167 0.689273 1.975487
v -0.211862 1.052197 1.994173
v -0.217456 0.886035 2.115382
v -0.508748 1.018991 1.932467
v -0.494375 0.839362 2.037499
v -0.807887 1.080525 2.032167
v -0.768272 0.886703 2.121320
v -1.090185 1.008195 1.941779
v -1.031796 0.826677 2.062858
v -1.321763 0.866739 1.770966
v -1.219009 0.678359 1.923933
v 0.024505 0.628334 2.198892
v 0.201762 0.478469 2.061323
v -0.233782 0.673022 2.175081
v -0.477320 0.625554 2.090234
v -0.712268 0.651301 2.147042
v -0.935988 0.602268 2.108684
v -1.086833 0.462876 1.997485
v -0.044057 0.386766 2.202549
v 0.098135 0.258700 2.094154
v -0.257761 0.429779 2.187060
v -0.454288 0.378827 2.076576
v -0.645355 0.381627 2.096511
v -0.826274 0.347270 2.101513
v -1.013986 0.291156 2.122819
v -0.068361 0.231739 2.263660
v 0.077323 0.148898 2.208466
v -0.254498 0.279332 2.289778
v -0.439249 0.270818 2.273424
v -0.607602 0.221395 2.219419
v -0.773667 0.188456 2.213226
v -0.958312 0.162020 2.273668
v -0.042269 0.160817 2.474735
v 0.106850 0.091291 2.417062
v -0.231878 0.183776 2.505736
v -0.419153 0.184541 2.507303
v -0.602473 0.162587 2.474977
v -0.760922 0.108097 2.412014
v -0.911008 0.048239 2.404829
v -0.036522 0.027260 2.641054
v 0.104294 -0.025905 2.577745
v -0.218808 0.040983 2.668711
v -0.401011 0.060262 2.693527
v -0.583385 0.034836 2.658309
v -0.750440 -0.000631 2.601398
v -0.887391 -0.056259 2.562285
v 0.394953 1.063966 1.666609
v 0.091330 1.156415 1.794496
v -0.217852 1.200222 1.856091
v -0.517729 1.177645 1.809399
v -0.820422 1.214880 1.872981
v -1.110746 1.167003 1.785954
v -1.292538 1.025530 1.540544
v -0.991102 1.334162 -2.364290
v -0.511369 1.292544 -2.303360
v -0.455485 1.072511 -2.433896
v -0.873631 1.137322 -2.539432
v -0.128522 1.170747 -2.199747
v -0.081397 1.141238 -2.450139
v 0.291900 1.310910 -2.272310
v 0.348870 1.341345 -2.515167
v 0.712191 1.263195 -2.201837
v 0.777066 1.213911 -2.414462
v 1.139643 1.209165 -2.124771
v 1.159334 1.061433 -2.300564
v 1.575407 1.135734 -2.012514
v 1.581697 0.987617 -2.223297
v -0.412604 0.986950 -2.644215
v -0.768213 0.929680 -2.669627
v -0.028687 1.067623 -2.658115
v 0.392758 1.264832 -2.740811
v 0.793631 1.083790 -2.602945
v 1.129907 0.857475 -2.447688
v 1.535354 0.798341 -2.411508
v -0.350021 0.858479 -2.818374
v -0.690808 0.800018 -2.844290
v 0.018122 0.933312 -2.811956
v 0.411557 1.042960 -2.858001
v 0.771682 0.900191 -2.741512
v 1.103694 0.697545 -2.599527
v 1.531936 0.711686 -2.617776
v -0.283039 0.700609 -2.942585
v -0.595450 0.651759 -2.978728
v 0.055713 0.744711 -2.927081
v 0.423226 0.829297 -2.975321
v 0.778973 0.760860 -2.914814
v 1.129385 0.656604 -2.831830
v 1.505183 0.582152 -2.818830
v -0.229178 0.598067 -3.108356
v -0.514818 0.527439 -3.114831
v 0.095278 0.632995 -3.102079
v 0.450383 0.719239 -3.179397
v 0.812450 0.688794 -3.150796
v 1.140736 0.579457 -3.051785
v 1.458233 0.460133 -2.980619
v -0.177138 0.431856 -3.190848
v -0.440366 0.394087 -3.214236
v 0.124261 0.511444 -3.288789
v 0.470289 0.551190 -3.345587
v 0.821634 0.524064 -3.322124
v 1.129795 0.432725 -3.213906
v 1.402068 0.318246 -3.106602
v -1.042033 1.443998 -2.130912
v -1.328465 1.062333 -2.223761
v -0.568344 1.387678 -2.107779
v -0.163712 1.071667 -1.907062
v 0.232363 1.226048 -2.008538
v 0.668335 1.431337 -2.085826
v 1.059129 1.289443 -1.931101
v 1.494213 1.270749 -1.800215
v 1.898765 1.060963 -1.503743
v 1.957331 0.923409 -1.848170
v 1.848478 0.702662 -2.062522
v 1.755473 0.503448 -2.251986
v 1.838561 0.501717 -2.517387
v 1.815799 0.417043 -2.748816
v 1.762991 0.320943 -2.946930
v 1.666838 0.201847 -3.095315
v 1.563707 0.095186 -3.160918
v 1.359063 0.139969 -3.162148
v 1.118091 0.222416 -3.299656
v 0.824018 0.292546 -3.421877
v 0.489715 0.327206 -3.466938
v 0.151466 0.323413 -3.443388
v -0.146017 0.254597 -3.250213
v -0.404243 0.262556 -3.351988
v -0.648507 0.294559 -3.221739
v -0.582821 0.234989 -3.348762
v -0.701416 0.341811 -2.997445
v -0.838433 0.493368 -2.923635
v -0.959107 0.627139 -2.806540
v -1.055188 0.748710 -2.633130
v -1.173400 0.896504 -2.438175
v 0.910740 0.528389 0.950450
v 1.059524 0.214082 0.953152
v 1.304395 0.240099 0.683563
v 1.276690 0.564901 0.729741
v 1.147259 -0.116049 0.923984
v 1.190077 -0.094371 0.566839
v 1.053898 -0.427662 0.813698
v 1.280417 -0.429633 0.596839
v 1.072913 -0.753602 0.797300
v 1.375180 -0.783096 0.646633
v 1.076501 -1.076026 0.800037
v 1.247494 -1.083386 0.567016
v 0.974075 -1.339927 0.766599
v 1.021794 -1.301161 0.465246
v 1.445469 0.238880 0.351245
v 1.426542 0.559430 0.376515
v 1.534549 -0.102568 0.366336
v 1.572797 -0.448522 0.387940
v 1.584557 -0.803139 0.405135
v 1.477049 -1.130961 0.370282
v 1.227297 -1.361334 0.263905
v 1.583881 0.234186 0.008959
v 1.581214 0.570954 0.022997
v 1.771618 -0.099744 0.099864
v 1.752568 -0.453829 0.104676
v 1.638143 -0.784811 0.070734
v 1.605592 -1.130011 0.076809
v 1.411087 -1.409643 0.042697
v 1.758332 0.221219 -0.333297
v 1.857320 0.595419 -0.269901
v 1.846112 -0.096750 -0.285948
v 1.833224 -0.458677 -0.258680
v 1.608043 -0.757879 -0.318849
v 1.620345 -1.083998 -0.261819
v 1.553510 -1.409592 -0.206805
v 1.724993 0.194323 -0.709678
v 1.944849 0.569163 -0.664159
v 1.746875 -0.127165 -0.684314
v 1.873310 -0.460870 -0.581313
v 1.751147 -0.779386 -0.594281
v 1.715687 -1.099690 -0.547333
v 1.744705 -1.469610 -0.430759
v 1.789361 0.161473 -1.026368
v 1.913530 0.539559 -1.022567
v 2.073995 -0.106866 -0.883846
v 2.211529 -0.476833 -0.758528
v 2.107023 -0.844038 -0.743907
v 1.833456 -1.115569 -0.822330
v 1.802865 -1.469032 -0.715867
v 0.968522 0.874953 1.061118
v 0.756716 -1.514978 0.681484
v 0.797162 -1.456033 0.385149
v 0.936509 -1.491623 0.153730
v 1.159304 -1.606046 -0.006515
v 1.381475 -1.706781 -0.181121
v 1.575467 -1.791875 -0.407958
v 1.696791 -1.820454 -0.668645
v 1.711087 -1.752248 -0.957832
v 1.819081 -1.415020 -1.009680
v 2.060085 -1.161502 -1.020450
v 2.292834 -0.878314 -1.010076
v 2.277731 -0.532840 -1.091774
v 2.176338 -0.162490 -1.194183
v 1.942607 0.143279 -1.302613
v 2.106965 0.602297 -1.344867
v 1.780468 0.893305 -1.059237
v 1.874899 0.930031 -0.669270
v 1.845913 0.932648 -0.263359
v 1.608467 0.892017 0.068418
v 1.298587 0.854535 0.345711
v 1.096498 0.855072 0.674139
v 0.499508 -1.599025 0.587184
v 0.309273 -1.718489 0.563433
v 0.410298 -1.731571 0.333468
v 0.577069 -1.554759 0.334621
v 0.088803 -1.757338 0.539321
v 0.172829 -1.738097 0.299336
v -0.134986 -1.866009 0.533298
v -0.061939 -1.821869 0.301102
v -0.380545 -1.804807 0.520394
v -0.304843 -1.776437 0.281606
v -0.558753 -1.557612 0.518385
v -0.518505 -1.563278 0.273410
v -0.589178 -1.263689 0.535032
v -0.616730 -1.338725 0.307131
v 0.513336 -1.727158 0.092571
v 0.727491 -1.614659 0.117181
v 0.267990 -1.726435 0.067262
v 0.025631 -1.716169 0.055437
v -0.212265 -1.667326 0.044643
v -0.408427 -1.500991 0.040774
v -0.692933 -1.522089 0.063581
v 0.684870 -1.922403 -0.090776
v 0.930806 -1.760149 -0.053013
v 0.394415 -1.966952 -0.129286
v 0.105101 -1.846503 -0.169685
v -0.132353 -1.640443 -0.199933
v -0.435516 -1.673222 -0.226813
v -0.756923 -1.656341 -0.254260
v 0.822241 -2.027773 -0.295012
v 1.106330 -1.873097 -0.234402
v 0.504717 -2.090748 -0.348115
v 0.196842 -1.979011 -0.402004
v -0.069944 -1.692159 -0.445683
v -0.427022 -1.763730 -0.477340
v -0.765788 -1.725414 -0.524554
v 0.937366 -2.080480 -0.520872
v 1.272772 -1.996806 -0.450436
v 0.601296 -2.165398 -0.574066
v 0.289058 -2.036331 -0.633294
v -0.015569 -1.751953 -0.678619
v -0.389248 -1.829517 -0.717830
v -0.747049 -1.777364 -0.770344
v 1.038783 -2.116603 -0.760188
v 1.382020 -2.022004 -0.712819
v 0.681418 -2.177455 -0.802589
v 0.344661 -2.116811 -0.852991
v 0.020502 -1.843893 -0.908643
v -0.379013 -1.980865 -0.957214
v -0.755029 -1.870260 -1.021726
v -0.723137 -1.883990 -1.268958
v -0.335148 -2.003028 -1.211440
v 0.076522 -1.824757 -1.143792
v 0.405301 -2.085260 -1.082187
v 0.743740 -2.116593 -1.033820
v 1.090627 -2.038386 -1.009665
v 1.430680 -1.951894 -0.983782
v 1.270807 1.294561 -1.590094
v 0.969601 1.433542 -1.801719
v 0.838446 1.549017 -1.664672
v 1.109569 1.451544 -1.471257
v 0.588395 1.505255 -1.927069
v 0.487409 1.544826 -1.747293
v 0.177943 1.261022 -1.794995
v 0.105605 1.382859 -1.654155
v -0.204151 1.134451 -1.704472
v -0.243036 1.311660 -1.599741
v -0.584809 1.450127 -1.909322
v -0.572258 1.485824 -1.702783
v -0.997582 1.479193 -1.884032
v -0.950970 1.601811 -1.703729
v 0.733815 1.730795 -1.583073
v 0.989867 1.673647 -1.408463
v 0.395858 1.673857 -1.633409
v 0.045588 1.640639 -1.682696
v -0.281374 1.551999 -1.601151
v -0.593598 1.637372 -1.619159
v -0.930766 1.725505 -1.573954
v 0.600554 1.827214 -1.461944
v 0.848009 1.817736 -1.323960
v 0.302516 1.809762 -1.535727
v -0.012157 1.850416 -1.646088
v -0.320256 1.735126 -1.537019
v -0.611762 1.774684 -1.508965
v -0.915194 1.860659 -1.459591
v 0.446861 1.864012 -1.308971
v 0.681882 1.879587 -1.202029
v 0.216251 1.970614 -1.436674
v -0.066464 1.985818 -1.502853
v -0.358478 1.888383 -1.448489
v -0.625582 1.919682 -1.407522
v -0.891147 1.957723 -1.319472
v 0.347481 2.034462 -1.216861
v 0.520060 1.926266 -1.073470
v 0.135822 2.102142 -1.318740
v -0.125521 2.089620 -1.353844
v -0.394316 2.030158 -1.329576
v -0.635790 2.040540 -1.282192
v -0.867883 2.024983 -1.174996
v 0.269599 2.168423 -1.094219
v 0.417984 2.068908 -0.976399
v 0.059528 2.197387 -1.161949
v -0.182345 2.185140 -1.188903
v -0.424675 2.115813 -1.160727
v -0.648654 2.130827 -1.131146
v -0.853231 2.087390 -1.041399
v 1.502380 1.202079 -1.342166
v -1.408496 1.486118 -1.741112
v -1.276321 1.591084 -1.535659
v -1.223702 1.729826 -1.408949
v -1.165397 1.848273 -1.279579
v -1.095447 1.929737 -1.142531
v -1.021365 1.955358 -1.004377
v -0.970940 2.002159 -0.902406
v -0.935601 2.046054 -0.833051
v -0.851292 2.130783 -0.903256
v -0.657164 2.165715 -0.942973
v -0.450223 2.174764 -0.962192
v -0.229600 2.227575 -0.982635
v -0.007017 2.248817 -0.973047
v 0.191206 2.234982 -0.929737
v 0.362524 2.179128 -0.856050
v 0.558894 2.010771 -0.834735
v 0.456641 2.085863 -0.784698
v 0.676432 1.895645 -0.901988
v 0.835365 1.836291 -0.995046
v 1.006459 1.746716 -1.087741
v 1.211870 1.660419 -1.194501
v 1.360848 1.455462 -1.266004
v -0.314261 -1.230780 -2.960807
v -0.375372 -1.063134 -3.096419
v -0.110753 -1.162512 -3.220718
v -0.068450 -1.387219 -3.106414
v -0.436908 -0.875089 -3.275815
v -0.135408 -0.878544 -3.232545
v -0.460002 -0.621459 -3.331238
v -0.146607 -0.622304 -3.215613
v -0.459098 -0.371168 -3.321701
v -0.151284 -0.394616 -3.243027
v -0.452238 -0.134696 -3.411245
v -0.151556 -0.158992 -3.335886
v -0.424249 0.070988 -3.403698
v -0.141266 0.060268 -3.326623
v 0.209148 -1.259325 -3.307623
v 0.220673 -1.501244 -3.185878
v 0.190159 -0.972429 -3.331573
v 0.165357 -0.665644 -3.232787
v 0.152432 -0.423544 -3.272106
v 0.163570 -0.176281 -3.395431
v 0.160432 0.077428 -3.495733
v 0.554041 -1.300518 -3.306970
v 0.543360 -1.515445 -3.119874
v 0.537582 -1.014274 -3.358616
v 0.517982 -0.738934 -3.381980
v 0.506553 -0.480272 -3.501490
v 0.493596 -0.205938 -3.474100
v 0.500696 0.068454 -3.537875
v 0.850957 -1.232028 -3.068666
v 0.839169 -1.443230 -2.934577
v 0.866082 -1.007212 -3.173952
v 0.886903 -0.797798 -3.409796
v 0.883742 -0.516672 -3.523695
v 0.860009 -0.226081 -3.513490
v 0.822088 0.026008 -3.408157
v 1.083422 -1.132297 -2.778324
v 1.117452 -1.432538 -2.844599
v 1.118829 -0.946711 -2.936359
v 1.185969 -0.774688 -3.185593
v 1.187607 -0.523217 -3.309417
v 1.152643 -0.264007 -3.325377
v 1.111373 -0.024113 -3.268358
v 1.317468 -1.093593 -2.625594
v 1.332698 -1.347999 -2.676631
v 1.400517 -0.950317 -2.826482
v 1.420285 -0.745538 -2.926286
v 1.402856 -0.517687 -2.980638
v 1.377625 -0.291928 -3.050732
v 1.367889 -0.066980 -3.151820
v -0.431209 -1.287343 -2.823261
v -0.520212 -1.187355 -2.922753
v -0.299821 -1.441943 -2.908904
v -0.660344 -1.087739 -3.147834
v -0.758061 -0.898608 -3.345198
v -0.782138 -0.605991 -3.396524
v -0.729428 -0.335044 -3.284121
v -0.701021 -0.104675 -3.358032
v -0.644052 0.093875 -3.373524
v 1.636321 -0.072390 -3.153124
v 1.683231 -0.301598 -3.065236
v 1.653567 -0.525576 -2.877376
v 1.717523 -0.770898 -2.903168
v 1.695005 -1.021202 -2.843008
v 1.592465 -1.162898 -2.651392
v 1.510546 -1.299530 -2.549438
v 1.333951 -1.554474 -2.645728
v 1.457233 -1.423078 -2.519654
v 1.147837 -1.686677 -2.812486
v 0.864164 -1.728991 -2.897744
v 0.540952 -1.655716 -2.878080
v 0.226485 -1.649927 -2.951195
v -0.061007 -1.574535 -2.954418
v -1.164186 -1.283080 -1.654776
v -1.380216 -0.998507 -1.723209
v -1.447637 -1.065812 -1.999210
v -1.231598 -1.376634 -1.916644
v -1.618961 -0.699777 -1.811259
v -1.620833 -0.731704 -2.092912
v -1.642706 -0.328465 -1.889106
v -1.661744 -0.365018 -2.171742
v -1.416633 0.021811 -1.933492
v -1.485933 -0.005914 -2.218880
v -1.407005 0.357949 -1.988526
v -1.549177 0.333470 -2.313375
v -1.342272 0.670809 -2.047590
v -1.395008 0.636346 -2.377871
v -1.423288 -1.094115 -2.274487
v -1.219295 -1.415944 -2.182920
v -1.495479 -0.728872 -2.327105
v -1.520424 -0.389017 -2.401306
v -1.538431 -0.055266 -2.496759
v -1.571813 0.286631 -2.604978
v -1.350651 0.568525 -2.644656
v -1.305807 -1.077217 -2.523592
v -1.122055 -1.392468 -2.434719
v -1.317342 -0.714627 -2.528484
v -1.330723 -0.399696 -2.590996
v -1.435717 -0.124711 -2.735444
v -1.435242 0.201076 -2.830326
v -1.224597 0.455068 -2.821026
v -1.129749 -1.030072 -2.689922
v -0.956298 -1.302542 -2.610322
v -1.120805 -0.697594 -2.695129
v -1.112940 -0.416513 -2.726848
v -1.226398 -0.175416 -2.865621
v -1.242867 0.099307 -2.985740
v -1.084388 0.344078 -2.970939
v -1.019723 -1.045741 -2.857905
v -0.766149 -1.173860 -2.689322
v -1.170092 -0.799691 -2.974720
v -1.133651 -0.497436 -2.996114
v -1.024081 -0.223009 -2.939970
v -1.002919 0.007097 -3.014544
v -0.892708 0.206629 -3.031192
v -0.889987 -1.088198 -3.054374
v -0.682414 -1.194782 -2.850942
v -1.023118 -0.864607 -3.207540
v -1.012030 -0.563331 -3.220863
v -0.919432 -0.284786 -3.137334
v -0.867508 -0.055834 -3.179368
v -0.777635 0.134013 -3.211821
v -0.885635 -1.513030 -1.582626
v -0.511059 -1.338620 -2.757144
v -0.585892 -1.369880 -2.622497
v -0.666530 -1.418023 -2.472979
v -0.787091 -1.538988 -2.306372
v -0.849085 -1.570180 -2.078230
v -0.847766 -1.511181 -1.835053
v 2.125215 0.531336 -1.674668
v 2.116513 0.121290 -1.569713
v 2.097277 0.034754 -1.837817
v 2.023153 0.373327 -1.936085
v 2.132581 -0.233106 -1.495214
v 2.179877 -0.286287 -1.759961
v 2.293873 -0.576949 -1.364994
v 2.268945 -0.599334 -1.657481
v 2.352775 -0.905399 -1.284144
v 2.332437 -0.930429 -1.574736
v 2.192598 -1.220994 -1.257135
v 2.174910 -1.227635 -1.537254
v 1.846908 -1.395661 -1.285007
v 1.865541 -1.404010 -1.532415
v 2.227857 -0.011454 -2.102383
v 1.905708 0.210615 -2.139450
v 2.359840 -0.307724 -2.019149
v 2.304578 -0.633265 -1.915792
v 2.174597 -0.929550 -1.844003
v 2.130454 -1.223318 -1.787784
v 1.971421 -1.473147 -1.740393
v 2.265266 -0.061467 -2.349034
v 1.972399 0.172229 -2.391500
v 2.387947 -0.353152 -2.268561
v 2.359102 -0.673172 -2.170326
v 2.202140 -0.961560 -2.071937
v 2.125947 -1.237661 -2.014533
v 1.997382 -1.499032 -1.970980
v 2.203578 -0.120734 -2.566915
v 2.057026 0.175637 -2.661529
v 2.307582 -0.413622 -2.486280
v 2.336772 -0.722956 -2.416571
v 2.294781 -1.029600 -2.333396
v 2.099134 -1.258607 -2.231564
v 1.964185 -1.502312 -2.195487
v 2.045143 -0.199514 -2.736484
v 2.024539 0.104589 -2.913706
v 2.158521 -0.472469 -2.684778
v 2.248995 -0.765502 -2.667882
v 2.238553 -1.080015 -2.607576
v 2.036664 -1.289804 -2.462438
v 1.857560 -1.460409 -2.383906
v 1.908677 -0.256093 -2.932549
v 1.883281 0.002407 -3.102194
v 1.933268 -0.509967 -2.816354
v 2.041322 -0.788445 -2.869025
v 2.013352 -1.078413 -2.808552
v 1.855041 -1.258291 -2.632503
v 1.698201 -1.375092 -2.499472
v 1.670666 -1.630500 -1.261040
v 1.613742 -1.503871 -1.521474
v 1.698685 -1.585525 -1.727787
v 1.738474 -1.636937 -1.939315
v 1.720451 -1.643146 -2.149541
v 1.646634 -1.577935 -2.323399
v 1.527850 -1.465729 -2.424681
v 1.412263 -1.789164 -1.255136
v 1.143170 -1.997390 -1.261889
v 1.204908 -2.098713 -1.502477
v 1.459704 -1.797807 -1.494391
v 0.804347 -2.119679 -1.291601
v 0.852736 -2.241895 -1.531104
v 0.447546 -2.065128 -1.336630
v 0.467681 -2.146575 -1.579994
v 0.127065 -1.794344 -1.387549
v 0.154509 -1.818561 -1.625504
v -0.266516 -1.903572 -1.457374
v -0.169599 -1.688128 -1.678479
v -0.636384 -1.789832 -1.506139
v -0.543681 -1.691515 -1.762969
v 1.240648 -2.129531 -1.745398
v 1.522297 -1.839918 -1.718956
v 0.881971 -2.293784 -1.789713
v 0.500281 -2.134367 -1.823352
v 0.184331 -1.782465 -1.849662
v -0.149983 -1.714714 -1.926054
v -0.462980 -1.590148 -1.983317
v 1.234491 -2.063244 -1.983139
v 1.487485 -1.774780 -1.937737
v 0.890311 -2.187332 -2.031695
v 0.526058 -2.043523 -2.052527
v 0.169489 -1.948412 -2.088268
v -0.193010 -1.911773 -2.169637
v -0.489816 -1.691524 -2.216078
v 1.194136 -1.947573 -2.197709
v 1.422247 -1.669965 -2.117041
v 0.886889 -2.089826 -2.260276
v 0.534702 -2.013558 -2.283891
v 0.178565 -1.993813 -2.344376
v -0.188661 -1.979148 -2.420338
v -0.511143 -1.772748 -2.460511
v 1.198126 -1.966978 -2.451568
v 1.420645 -1.719901 -2.342358
v 0.886590 -2.076985 -2.520595
v 0.540954 -1.978641 -2.522074
v 0.194276 -1.947534 -2.575119
v -0.155127 -1.946263 -2.660078
v -0.422574 -1.712806 -2.659110
v 1.175341 -1.873522 -2.667563
v 1.387350 -1.684014 -2.534686
v 0.877075 -1.935929 -2.733799
v 0.543508 -1.861843 -2.731347
v 0.213537 -1.821132 -2.768727
v -0.106177 -1.808817 -2.855501
v -0.354481 -1.616154 -2.820340
v -0.991452 2.256557 0.605610
v -0.827142 2.282692 0.643838
v -0.824661 2.363561 0.435285
v -1.008700 2.333524 0.414503
v -0.637588 2.232611 0.664389
v -0.633635 2.261249 0.445328
v -0.454572 2.090261 0.656608
v -0.433559 2.277310 0.459412
v -0.274782 2.197423 0.669303
v -0.232180 2.371021 0.466471
v -0.080204 2.265233 0.663761
v -0.024279 2.379408 0.458677
v 0.117957 2.308646 0.648307
v 0.179586 2.337640 0.456198
v -0.809238 2.319174 0.202566
v -0.997763 2.308557 0.185960
v -0.609531 2.255507 0.219063
v -0.412139 2.378860 0.222885
v -0.195098 2.452196 0.221666
v 0.014450 2.412687 0.216828
v 0.227414 2.363311 0.223306
v -0.771838 2.167074 -0.024812
v -0.944741 2.127459 -0.027018
v -0.589049 2.270531 -0.025980
v -0.384543 2.356946 -0.027895
v -0.166152 2.376446 -0.021256
v 0.044220 2.388476 -0.017464
v 0.267310 2.329371 -0.020234
v -0.752834 2.289835 -0.292203
v -0.910559 2.141617 -0.274027
v -0.558308 2.366591 -0.303216
v -0.354904 2.396026 -0.295322
v -0.148260 2.331149 -0.272170
v 0.066128 2.278873 -0.255735
v 0.286502 2.208931 -0.250198
v -0.725001 2.329633 -0.534877
v -0.904896 2.216817 -0.513352
v -0.521979 2.357817 -0.544326
v -0.329581 2.347089 -0.541629
v -0.128431 2.295425 -0.523748
v 0.076243 2.181427 -0.484273
v 0.279415 2.127772 -0.453606
v -0.681602 2.268531 -0.746354
v -0.859574 2.187492 -0.720354
v -0.485722 2.300642 -0.759839
v -0.281401 2.269867 -0.756146
v -0.081398 2.205045 -0.747156
v 0.122163 2.213967 -0.733908
v 0.312561 2.180410 -0.682036
v -1.098960 2.185363 0.715735
v -0.988795 2.194074 0.779728
v -1.148897 2.250301 0.590019
v -0.848760 2.262149 0.844411
v -0.655394 2.267139 0.871804
v -0.465881 2.152465 0.854378
v -0.291710 2.164565 0.850691
v -0.100464 2.262488 0.853171
v 0.092942 2.292907 0.817791
v 0.237869 2.303929 0.774099
v 0.292709 2.278185 0.631727
v 0.339179 2.207738 0.442053
v 0.406757 2.222173 0.229752
v 0.435677 2.170295 -0.014371
v 0.415574 2.009177 -0.226341
v 0.448533 2.015402 -0.433382
v 0.473851 2.080601 -0.640328
v -0.984531 2.064713 -0.698898
v -1.020088 2.037027 -0.498621
v -1.024691 1.944736 -0.255297
v -1.126796 2.153904 -0.052754
v -1.182443 2.294098 0.173840
v -1.184967 2.306771 0.406361
v 0.879099 1.154588 1.006997
v 0.963062 1.096919 0.620666
v 1.022724 1.369316 0.677987
v 0.810182 1.383391 0.949807
v 1.165381 1.096205 0.313886
v 1.233331 1.387325 0.373551
v 1.443023 1.138811 0.027593
v 1.346320 1.382843 0.025096
v 1.676776 1.193252 -0.291840
v 1.399336 1.351197 -0.323773
v 1.684165 1.184990 -0.671590
v 1.431537 1.345743 -0.656589
v 1.592319 1.150044 -1.028161
v 1.463838 1.410802 -0.974441
v 0.960049 1.598978 0.658210
v 0.709693 1.579531 0.880855
v 1.207813 1.645513 0.384980
v 1.313451 1.648325 0.051245
v 1.277692 1.567873 -0.293646
v 1.278133 1.534549 -0.617692
v 1.311017 1.613200 -0.918126
v 0.834572 1.761829 0.594202
v 0.676548 1.777403 0.843810
v 1.097577 1.848655 0.355624
v 1.202198 1.851867 0.046186
v 1.192251 1.789805 -0.267575
v 1.127231 1.694161 -0.578458
v 1.116033 1.736367 -0.846568
v 0.708592 1.892539 0.537606
v 0.605395 1.943623 0.792688
v 0.937404 1.995914 0.314875
v 1.040672 1.997113 0.028782
v 1.061178 1.968190 -0.264571
v 1.002603 1.874817 -0.543708
v 0.980203 1.906823 -0.797088
v 0.559309 1.961532 0.475946
v 0.520455 2.083788 0.730255
v 0.734858 2.055227 0.262869
v 0.843466 2.093225 0.010608
v 0.869330 2.088318 -0.264989
v 0.824009 2.008718 -0.512604
v 0.803024 2.005253 -0.731863
v 0.463969 2.098658 0.451349
v 0.423290 2.201802 0.665955
v 0.522247 2.061491 0.230962
v 0.615084 2.123704 -0.003222
v 0.640346 2.095900 -0.250363
v 0.612798 1.977090 -0.458037
v 0.612977 1.980317 -0.654657
v 0.671154 1.203512 1.342127
v 0.307397 2.243425 0.856734
v 0.372417 2.115829 0.941206
v 0.432345 1.971749 1.027180
v 0.522905 1.843915 1.134310
v 0.568499 1.659752 1.199550
v 0.586048 1.426499 1.227476
v -1.276655 1.230933 1.393785
v -1.067433 1.303459 1.586404
v -1.024664 1.460696 1.442507
v -1.319703 1.474929 1.384543
v -0.796663 1.322718 1.669328
v -0.791236 1.493573 1.549918
v -0.528294 1.396453 1.807642
v -0.532014 1.568243 1.715777
v -0.208048 1.405412 1.835300
v -0.218242 1.570612 1.729329
v 0.093798 1.344545 1.710482
v 0.066284 1.519517 1.596522
v 0.351048 1.245871 1.500652
v 0.361210 1.492946 1.472505
v -1.060672 1.682806 1.491591
v -1.300973 1.665774 1.321996
v -0.777699 1.661461 1.476011
v -0.521567 1.693724 1.556650
v -0.238089 1.720568 1.593850
v 0.053904 1.698043 1.514787
v 0.353654 1.711891 1.433429
v -1.068034 1.911008 1.482891
v -1.277211 1.880679 1.273167
v -0.774240 1.874714 1.480899
v -0.515873 1.792097 1.373156
v -0.265082 1.821266 1.407250
v 0.036902 1.859801 1.424157
v 0.311144 1.881980 1.346025
v -1.027285 2.102341 1.376443
v -1.214586 2.050358 1.188261
v -0.753475 2.066936 1.420635
v -0.513130 1.945666 1.299720
v -0.276925 1.916956 1.263064
v -0.002063 2.000486 1.309287
v 0.256325 2.038056 1.238256
v -0.966893 2.230076 1.224478
v -1.139273 2.167439 1.079021
v -0.728880 2.191614 1.263654
v -0.502280 2.075055 1.197996
v -0.294128 2.003659 1.128856
v -0.058374 2.116055 1.165989
v 0.175739 2.132365 1.090376
v -0.901488 2.274473 1.041310
v -1.049696 2.205040 0.944144
v -0.689519 2.278507 1.084324
v -0.469554 2.181387 1.053484
v -0.296481 2.112128 1.009523
v -0.091415 2.177748 1.009649
v 0.119543 2.218705 0.962307
v -1.396567 1.165419 1.139195
v -1.150627 2.125902 0.779264
v -1.236398 2.070662 0.864128
v -1.358025 1.993912 0.965617
v -1.434517 1.826303 1.040923
v -1.442568 1.627781 1.071673
v -1.470048 1.429469 1.126991
v -1.524896 1.317805 -1.343844
v -1.730090 1.296133 -0.998886
v -1.739579 1.535637 -0.953672
v -1.472239 1.520512 -1.242693
v -1.834137 1.263861 -0.617630
v -1.822072 1.496006 -0.580593
v -1.875684 1.246053 -0.223107
v -1.739693 1.454558 -0.190227
v -1.854862 1.212629 0.165706
v -1.685872 1.419977 0.166666
v -1.830200 1.186019 0.543532
v -1.685124 1.420052 0.516698
v -1.600787 1.163646 0.853337
v -1.509051 1.397826 0.807411
v -1.692330 1.740013 -0.888613
v -1.449603 1.712770 -1.161845
v -1.727357 1.678289 -0.530821
v -1.604691 1.606709 -0.163019
v -1.716307 1.632899 0.168455
v -1.696853 1.649354 0.510929
v -1.595820 1.636102 0.818779
v -1.552053 1.847807 -0.787735
v -1.379487 1.847989 -1.055695
v -1.582361 1.796844 -0.475425
v -1.520408 1.741430 -0.137057
v -1.720735 1.835695 0.166162
v -1.667470 1.849040 0.496524
v -1.582290 1.845149 0.789348
v -1.421000 1.919771 -0.697717
v -1.287208 1.932250 -0.942137
v -1.454033 1.891473 -0.406132
v -1.479782 1.889698 -0.115386
v -1.625704 2.003078 0.173331
v -1.639154 2.043248 0.479758
v -1.518727 2.018579 0.744085
v -1.288894 1.966685 -0.614034
v -1.182925 1.966787 -0.829686
v -1.305075 1.910825 -0.342036
v -1.398512 2.015756 -0.094376
v -1.512187 2.149034 0.168577
v -1.506064 2.176094 0.447363
v -1.420406 2.154607 0.689437
v -1.155339 2.002843 -0.540443
v -1.086695 2.031459 -0.749027
v -1.155879 1.891863 -0.284555
v -1.276772 2.102555 -0.070164
v -1.367977 2.268935 0.159214
v -1.352474 2.265036 0.419229
v -1.283872 2.213101 0.621009
vn -0.6285 -0.7586 0.1720
vn -0.8029 -0.5111 0.3067
vn -0.8584 -0.5052 0.0893
vn -0.6498 -0.7547 -0.0906
vn -0.8534 -0.3048 0.4228
vn -0.9202 -0.3256 0.2171
vn -0.8277 -0.0522 0.5588
vn -0.8949 -0.1875 0.4050
vn -0.7731 0.0588 0.6315
vn -0.7455 -0.1251 0.6546
vn -0.7670 0.0318 0.6409
vn -0.6273 0.0281 0.7783
vn -0.7796 0.1933 0.5957
vn -0.5982 0.3141 0.7372
vn -0.8287 -0.5030 -0.2455
vn -0.6515 -0.6844 -0.3275
vn -0.9115 -0.4089 -0.0457
vn -0.8357 -0.4866 0.2545
vn -0.6900 -0.3555 0.6304
vn -0.5482 0.0326 0.8357
vn -0.4017 0.3458 0.8480
vn -0.7515 -0.5198 -0.4063
vn -0.8339 -0.4984 -0.2372
vn -0.7567 -0.6041 -0.2499
vn -0.7530 -0.6558 0.0536
vn -0.8617 -0.3659 0.3515
vn -0.7954 0.1444 0.5886
vn -0.5306 0.5254 0.6652
vn -0.8241 -0.5653 -0.0367
vn -0.9152 -0.3944 0.0825
vn -0.6945 -0.6933 -0.1925
vn -0.7523 -0.6315 -0.1875
vn -0.9672 -0.2530 -0.0216
vn -0.9379 0.2878 0.1935
vn -0.6581 0.6666 0.3502
vn -0.8953 -0.4242 0.1360
vn -0.8746 -0.4524 0.1743
vn -0.7932 -0.5884 -0.1569
vn -0.7509 -0.5948 -0.2870
vn -0.9602 -0.2072 -0.1875
vn -0.9548 0.2898 0.0669
vn -0.7104 0.5938 0.3779
vn -0.9359 -0.3508 0.0320
vn -0.8260 -0.5522 -0.1133
vn -0.8645 -0.5025 0.0091
vn -0.7448 -0.6645 -0.0609
vn -0.9255 -0.3628 0.1084
vn -0.9062 0.0431 0.4206
vn -0.6802 0.3635 0.6366
vn -0.3677 -0.8963 0.2480
vn -0.4559 -0.7750 0.4376
vn -0.3963 -0.9181 0.0078
vn -0.5709 -0.5841 0.5770
vn -0.6502 -0.3239 0.6873
vn -0.6698 -0.0535 0.7406
vn -0.6534 0.0841 0.7523
vn -0.6526 0.0022 0.7577
vn -0.6440 0.0232 0.7647
vn -0.5729 0.3201 0.7546
vn -0.6497 0.5128 0.5612
vn -0.5252 0.5351 0.6617
vn -0.3485 0.5236 0.7775
vn -0.3938 0.6398 0.6600
vn -0.6389 0.5844 0.5003
vn -0.8339 0.2984 0.4644
vn -0.8382 0.2083 0.5041
vn -0.8167 0.3245 0.4772
vn -0.8073 0.3025 0.5067
vn -0.9431 -0.0869 0.3208
vn -0.8860 -0.4407 0.1441
vn -0.7833 -0.5987 0.1674
vn -0.7922 -0.4944 0.3577
vn -0.7874 -0.5497 0.2790
vn -0.6391 -0.7651 -0.0786
vn -0.7521 -0.5783 -0.3161
vn -0.5357 -0.7741 -0.3374
vn -0.9105 -0.4130 -0.0193
vn -0.9763 -0.2139 0.0335
vn -0.9643 -0.2448 0.1012
vn -0.8132 -0.5816 -0.0184
vn -0.5059 -0.8553 -0.1116
vn -0.3892 -0.8490 0.3573
vn -0.5998 -0.6195 0.5065
vn -0.6951 -0.6798 0.2340
vn -0.4052 -0.8641 0.2985
vn -0.7770 -0.3638 0.5138
vn -0.9087 -0.3308 0.2546
vn -0.8850 -0.3760 0.2747
vn -0.9693 -0.1192 0.2150
vn -0.9514 -0.3064 -0.0321
vn -0.9976 -0.0645 0.0235
vn -0.9923 -0.0982 -0.0753
vn -0.9810 -0.1835 -0.0628
vn -0.9693 0.1301 0.2086
vn -0.9758 -0.2016 0.0846
vn -0.7585 -0.6516 -0.0103
vn -0.5418 -0.8267 0.1520
vn -0.9468 -0.3175 -0.0522
vn -0.9954 0.0332 -0.0900
vn -0.9948 -0.0062 -0.1019
vn -0.9427 -0.3318 0.0342
vn -0.9447 -0.3049 0.1206
vn -0.8343 -0.5463 0.0742
vn -0.6557 -0.7226 0.2190
vn -0.9598 -0.2713 -0.0725
vn -0.9688 0.1604 -0.1888
vn -0.9555 -0.1381 -0.2608
vn -0.8438 -0.5290 -0.0899
vn -0.9691 -0.2468 0.0052
vn -0.9061 -0.3879 -0.1686
vn -0.7394 -0.6713 0.0504
vn -0.9254 -0.1360 -0.3537
vn -0.9051 0.1922 -0.3794
vn -0.9139 -0.2058 -0.3499
vn -0.7678 -0.5205 -0.3736
vn -0.8819 -0.1880 -0.4324
vn -0.9141 -0.2320 -0.3327
vn -0.8165 -0.5498 -0.1761
vn -0.9627 -0.0625 -0.2634
vn -0.9937 0.1010 -0.0482
vn -0.9781 -0.2071 0.0217
vn -0.9325 -0.3509 -0.0851
vn -0.9500 -0.0859 -0.3001
vn -0.9548 -0.2973 0.0072
vn -0.8687 -0.4699 -0.1568
vn -0.9401 -0.1995 0.2766
vn -0.9451 0.0533 0.3224
vn -0.9682 -0.1217 0.2185
vn -0.9903 -0.1280 0.0538
vn -0.9981 0.0408 -0.0453
vn -0.3392 -0.9267 0.1616
vn -0.8167 0.3080 0.4880
vn -0.9578 0.1263 0.2581
vn -0.9910 0.0921 0.0974
vn -0.9881 0.1540 0.0070
vn -0.9201 0.0799 -0.3836
vn -0.9264 -0.0568 -0.3722
vn -0.9863 0.0607 -0.1532
vn -0.8545 0.3380 -0.3944
vn -0.9376 0.0194 -0.3473
vn -0.9421 -0.0811 -0.3254
vn -0.9873 0.0392 -0.1538
vn -0.9886 0.1215 0.0894
vn -0.9172 -0.3251 0.2304
vn -0.8709 -0.4721 0.1366
vn -0.8274 -0.5515 -0.1061
vn -0.7220 -0.6878 -0.0751
vn -0.7045 -0.6659 -0.2457
vn -0.6521 -0.7555 0.0631
vn -0.5774 -0.7958 0.1826
vn -0.5391 -0.8018 0.2579
vn -0.4364 -0.8333 0.3393
vn -0.2760 -0.8599 0.4294
vn 0.5945 -0.4946 0.6339
vn 0.7405 -0.1267 0.6600
vn 0.8745 -0.3464 0.3395
vn 0.6213 -0.5491 0.5590
vn 0.8665 -0.0589 0.4958
vn 0.9826 -0.1817 0.0390
vn 0.8943 -0.2936 0.3378
vn 0.9823 -0.1833 -0.0385
vn 0.8880 -0.2996 0.3488
vn 0.9648 -0.1121 0.2378
vn 0.8822 0.0683 0.4659
vn 0.7675 0.0874 0.6351
vn 0.7425 0.2690 0.6135
vn 0.5576 0.2547 0.7900
vn 0.8375 -0.5409 -0.0776
vn 0.7026 -0.7027 0.1122
vn 0.9645 -0.2433 -0.1028
vn 0.9941 -0.1026 0.0360
vn 0.9358 0.1444 0.3217
vn 0.7153 0.3356 0.6130
vn 0.4969 0.3318 0.8019
vn 0.7425 -0.6691 0.0315
vn 0.7102 -0.7039 -0.0087
vn 0.9518 -0.2885 0.1043
vn 0.9677 -0.0194 0.2515
vn 0.8911 0.2172 0.3985
vn 0.7661 0.4904 0.4153
vn 0.5871 0.6497 0.4829
vn 0.6039 -0.7352 0.3079
vn 0.7304 -0.6434 0.2292
vn 0.8094 -0.3673 0.4582
vn 0.8321 -0.0184 0.5543
vn 0.8213 0.1377 0.5536
vn 0.8206 0.3495 0.4521
vn 0.6736 0.6603 0.3321
vn 0.4904 -0.6873 0.5358
vn 0.7369 -0.5345 0.4139
vn 0.5679 -0.3994 0.7197
vn 0.6194 -0.0998 0.7787
vn 0.7157 -0.0324 0.6977
vn 0.7851 0.1101 0.6096
vn 0.7084 0.4494 0.5442
vn 0.3831 -0.5102 0.7700
vn 0.6706 -0.3632 0.6468
vn 0.3458 -0.4193 0.8394
vn 0.4997 -0.2743 0.8216
vn 0.7005 -0.2142 0.6807
vn 0.7909 -0.0339 0.6110
vn 0.7423 0.2917 0.6032
vn 0.5025 -0.8564 0.1191
vn 0.7537 -0.5746 0.3190
vn 0.4480 -0.7628 0.4662
vn 0.8835 -0.1103 0.4552
vn 0.8606 0.0171 0.5090
vn 0.8520 -0.2812 0.4416
vn 0.9257 -0.1911 0.3266
vn 0.9522 0.2045 0.2268
vn 0.9330 0.2086 0.2934
vn 0.7525 0.3506 0.5575
vn 0.6040 0.2938 0.7408
vn 0.5675 0.2562 0.7825
vn 0.4618 0.1867 0.8671
vn 0.4839 0.5587 0.6735
vn 0.4532 0.8459 0.2812
vn 0.4532 0.7523 0.4782
vn 0.4877 0.6136 0.6209
vn 0.4223 0.4793 0.7694
vn 0.5878 0.1700 0.7909
vn 0.6362 -0.1477 0.7573
vn 0.5524 -0.4168 0.7219
vn 0.3702 -0.4739 0.7990
vn 0.2143 -0.4959 0.8415
vn 0.2225 -0.3151 0.9226
vn 0.4149 -0.1219 0.9017
vn 0.7060 -0.3529 0.6140
vn 0.5237 -0.3294 0.7857
vn 0.8431 -0.3748 0.3856
vn 0.8831 -0.4415 0.1589
vn 0.8381 -0.5331 -0.1154
vn 0.6997 -0.6947 0.1670
vn 0.4423 -0.6831 0.5812
vn 0.2618 -0.0915 0.9608
vn 0.4540 -0.3606 0.8147
vn 0.5268 -0.6112 0.5907
vn 0.0922 -0.3854 0.9181
vn 0.5357 -0.5844 0.6095
vn 0.6795 -0.5545 0.4805
vn 0.5559 -0.4859 0.6744
vn 0.6684 -0.3554 0.6534
vn 0.4221 -0.4248 0.8009
vn 0.5157 -0.1913 0.8351
vn 0.3158 -0.2250 0.9218
vn 0.3171 -0.1547 0.9357
vn 0.3010 0.0794 0.9503
vn 0.2832 0.0395 0.9583
vn 0.3358 -0.8182 0.4667
vn 0.0644 -0.6883 0.7226
vn 0.4269 -0.6220 0.6564
vn 0.4462 -0.3259 0.8335
vn 0.4052 -0.0101 0.9142
vn 0.2938 -0.0327 0.9553
vn 0.2139 0.0423 0.9759
vn 0.1670 -0.8382 0.5192
vn 0.2611 -0.7832 0.5642
vn 0.0854 -0.6524 0.7531
vn 0.0895 -0.3608 0.9283
vn 0.0977 0.0212 0.9950
vn 0.0668 0.0453 0.9967
vn -0.0043 0.0810 0.9967
vn 0.0355 -0.7441 0.6671
vn 0.2261 -0.7706 0.5958
vn -0.1695 -0.5992 0.7824
vn -0.2535 -0.3683 0.8945
vn -0.2471 -0.0005 0.9690
vn -0.2421 0.0698 0.9677
vn -0.2747 0.1038 0.9559
vn -0.0508 -0.6239 0.7798
vn 0.0294 -0.7552 0.6549
vn -0.1844 -0.4837 0.8556
vn -0.3256 -0.3105 0.8931
vn -0.4048 -0.0008 0.9144
vn -0.4051 0.0619 0.9122
vn -0.3790 0.0815 0.9218
vn -0.2144 -0.5973 0.7728
vn -0.1869 -0.7650 0.6164
vn -0.2794 -0.3839 0.8801
vn -0.3957 -0.1676 0.9030
vn -0.4774 0.0552 0.8769
vn -0.4770 0.0261 0.8785
vn -0.4252 0.0285 0.9046
vn 0.2806 -0.4102 0.8677
vn 0.3043 0.4934 0.8148
vn 0.3224 0.4557 0.8297
vn 0.1886 0.4562 0.8697
vn -0.0461 0.4542 0.8897
vn -0.2986 0.4196 0.8572
vn -0.3651 0.4086 0.8365
vn -0.3973 0.4009 0.8255
vn -0.2424 -0.9018 0.3579
vn -0.0343 -0.8633 0.5035
vn 0.2149 -0.7608 0.6124
vn 0.1038 -0.6115 0.7844
vn -0.2060 -0.4373 0.8754
vn -0.0290 -0.4261 0.9042
vn -0.7762 -0.4407 -0.4509
vn -0.6842 -0.5508 -0.4781
vn -0.6725 -0.6668 -0.3211
vn -0.8943 -0.3867 -0.2251
vn -0.2342 -0.8959 -0.3776
vn -0.1746 -0.9191 -0.3532
vn 0.2098 -0.9662 -0.1501
vn 0.2701 -0.9142 -0.3022
vn 0.1940 -0.9810 0.0061
vn 0.4559 -0.8731 -0.1728
vn 0.1078 -0.9775 0.1813
vn 0.4213 -0.8947 0.1482
vn 0.2895 -0.8997 0.3268
vn 0.3540 -0.8275 0.4357
vn -0.6938 -0.7162 -0.0757
vn -0.9353 -0.3499 -0.0527
vn -0.2423 -0.9676 -0.0706
vn 0.2738 -0.9599 -0.0608
vn 0.5658 -0.8240 -0.0291
vn 0.6137 -0.7879 -0.0508
vn 0.6455 -0.7633 0.0282
vn -0.6825 -0.6813 0.2647
vn -0.9180 -0.3158 0.2397
vn -0.2739 -0.9246 0.2647
vn 0.2489 -0.9375 0.2433
vn 0.5285 -0.8331 0.1633
vn 0.5008 -0.8654 -0.0138
vn 0.6617 -0.7331 -0.1575
vn -0.6678 -0.5384 0.5139
vn -0.8550 -0.3397 0.3919
vn -0.2751 -0.7870 0.5522
vn 0.1789 -0.8470 0.5005
vn 0.3307 -0.8960 0.2962
vn 0.3136 -0.9449 0.0933
vn 0.6047 -0.7935 0.0694
vn -0.6293 -0.5546 0.5444
vn -0.7224 -0.6576 0.2137
vn -0.2028 -0.6344 0.7459
vn -0.0162 -0.6967 0.7172
vn 0.0216 -0.8456 0.5334
vn 0.1979 -0.8909 0.4089
vn 0.5478 -0.7309 0.4071
vn -0.3493 -0.8259 0.4425
vn -0.4471 -0.8899 0.0898
vn 0.0045 -0.7054 0.7088
vn -0.0948 -0.6018 0.7930
vn -0.1933 -0.6192 0.7611
vn 0.0876 -0.6703 0.7369
vn 0.4062 -0.5847 0.7022
vn -0.7188 -0.5692 -0.3991
vn -0.8736 -0.3873 -0.2946
vn -0.5207 -0.8507 -0.0722
vn 0.1018 -0.9717 0.2132
vn 0.1355 -0.9758 0.1718
vn 0.1407 -0.9899 0.0179
vn 0.3767 -0.9263 0.0087
vn 0.5962 0.3926 0.7003
vn 0.4078 0.5886 0.6981
vn 0.3817 0.4063 0.8302
vn 0.6536 0.2399 0.7178
vn -0.0349 0.6377 0.7695
vn -0.1122 0.4466 0.8877
vn 0.0509 0.6015 0.7973
vn 0.0106 0.3806 0.9247
vn -0.0219 0.5893 0.8076
vn 0.0236 0.3173 0.9480
vn -0.5532 0.4726 0.6861
vn -0.4620 0.1804 0.8683
vn -0.9016 0.1440 0.4080
vn -0.8132 -0.0143 0.5818
vn 0.2896 0.1065 0.9512
vn 0.5669 0.0069 0.8238
vn -0.1954 0.1684 0.9662
vn -0.0769 0.0832 0.9936
vn 0.0555 0.0350 0.9978
vn -0.3053 0.0016 0.9523
vn -0.6331 0.1599 0.7574
vn 0.3253 0.1697 0.9303
vn 0.5596 0.2668 0.7846
vn -0.2052 0.3115 0.9278
vn -0.1918 0.3769 0.9062
vn -0.0305 0.2790 0.9598
vn -0.1227 0.3142 0.9414
vn -0.3023 0.5251 0.7955
vn 0.4232 0.7020 0.5728
vn 0.5009 0.7562 0.4211
vn 0.0003 0.8014 0.5982
vn -0.2073 0.8468 0.4898
vn -0.2151 0.8130 0.5411
vn -0.1390 0.7690 0.6240
vn -0.2068 0.6931 0.6905
vn 0.3620 0.8256 0.4329
vn 0.3994 0.8344 0.3797
vn 0.1155 0.8615 0.4945
vn -0.1046 0.8753 0.4721
vn -0.3005 0.8557 0.4212
vn -0.3061 0.8363 0.4549
vn -0.3662 0.7284 0.5792
vn 0.3373 0.6713 0.6600
vn 0.3587 0.7010 0.6164
vn 0.1533 0.7043 0.6932
vn -0.0565 0.7131 0.6988
vn -0.3027 0.6785 0.6694
vn -0.3850 0.6780 0.6262
vn -0.4335 0.6779 0.5938
vn 0.5135 0.4918 0.7032
vn 0.4327 0.5070 0.7455
vn 0.0499 0.4354 0.8989
vn -0.0378 0.5005 0.8649
vn -0.1171 0.7158 0.6884
vn -0.5524 0.6665 0.5006
vn -0.8846 0.3146 0.3443
vn -0.2584 0.7051 -0.6603
vn 0.2611 0.8704 -0.4173
vn 0.0667 0.8120 -0.5799
vn -0.1860 0.5855 -0.7891
vn -0.0038 0.9992 -0.0393
vn -0.2430 0.9091 -0.3384
vn -0.1755 0.9835 -0.0431
vn -0.0517 0.9707 -0.2346
vn 0.1893 0.9374 -0.2925
vn 0.3829 0.8544 -0.3512
vn 0.2748 0.8438 -0.4610
vn 0.3350 0.7261 -0.6005
vn 0.4544 0.7629 -0.4598
vn 0.4961 0.5722 -0.6530
vn -0.0848 0.8172 -0.5701
vn -0.2355 0.6725 -0.7017
vn -0.2957 0.7706 -0.5646
vn 0.0388 0.7700 -0.6369
vn 0.5104 0.6066 -0.6096
vn 0.3561 0.6489 -0.6724
vn 0.4882 0.6814 -0.5452
vn -0.0876 0.6868 -0.7216
vn -0.2610 0.6267 -0.7342
vn -0.2001 0.5788 -0.7905
vn 0.0742 0.5527 -0.8301
vn 0.4840 0.6044 -0.6328
vn 0.3198 0.7975 -0.5116
vn 0.3710 0.8521 -0.3693
vn -0.0742 0.7017 -0.7086
vn -0.2780 0.5267 -0.8033
vn -0.1652 0.6824 -0.7121
vn 0.0023 0.7474 -0.6644
vn 0.3484 0.8359 -0.4241
vn 0.2983 0.8846 -0.3584
vn 0.3471 0.8164 -0.4616
vn -0.1145 0.7004 -0.7045
vn -0.3306 0.5714 -0.7512
vn -0.2158 0.7580 -0.6156
vn -0.0603 0.8213 -0.5673
vn 0.2676 0.8222 -0.5024
vn 0.3820 0.7679 -0.5142
vn 0.3745 0.6947 -0.6141
vn -0.1556 0.5402 -0.8271
vn -0.1785 0.6219 -0.7625
vn -0.2851 0.5842 -0.7599
vn -0.0355 0.6230 -0.7814
vn 0.2702 0.5579 -0.7847
vn 0.4458 0.4731 -0.7599
vn 0.3658 0.4513 -0.8140
vn -0.2652 0.8565 -0.4427
vn -0.7950 0.3087 -0.5221
vn 0.3370 0.9223 -0.1893
vn 0.1105 0.9910 -0.0761
vn -0.3686 0.9187 -0.1419
vn 0.0417 0.9062 -0.4208
vn 0.3023 0.8777 -0.3719
vn 0.3623 0.9162 -0.1713
vn 0.7108 0.6968 0.0966
vn 0.7923 0.5039 -0.3441
vn 0.7670 0.2914 -0.5716
vn 0.8535 0.4430 -0.2744
vn 0.7644 0.6423 -0.0558
vn 0.6501 0.6788 -0.3414
vn 0.4993 0.6310 -0.5938
vn 0.3163 0.4285 -0.8464
vn 0.1164 0.1494 -0.9819
vn 0.2992 0.1090 -0.9480
vn 0.4413 0.1083 -0.8908
vn 0.3080 0.2157 -0.9266
vn 0.0437 0.3414 -0.9389
vn -0.3045 0.3615 -0.8812
vn -0.1602 0.3958 -0.9043
vn 0.0561 0.4814 -0.8747
vn -0.5374 0.6216 -0.5700
vn -0.3383 0.5041 -0.7946
vn -0.4585 0.4781 -0.7491
vn -0.3130 0.4042 -0.8595
vn -0.3809 0.5634 -0.7331
vn -0.4799 0.5725 -0.6648
vn -0.6740 0.4310 -0.6000
vn 0.8842 0.1613 0.4384
vn 0.9060 0.1591 0.3922
vn 0.8230 -0.0264 0.5674
vn 0.7961 0.1951 0.5728
vn 0.9522 -0.0972 0.2897
vn 0.7980 -0.0396 0.6014
vn 0.8864 -0.0805 0.4558
vn 0.6774 0.1101 0.7273
vn 0.8015 -0.0053 0.5979
vn 0.6394 -0.0705 0.7657
vn 0.8639 -0.2812 0.4178
vn 0.6113 -0.4917 0.6202
vn 0.7657 -0.6362 0.0948
vn 0.5329 -0.7790 0.3303
vn 0.8640 0.0709 0.4985
vn 0.8770 0.1532 0.4555
vn 0.7339 0.1388 0.6649
vn 0.7614 0.0585 0.6456
vn 0.8340 -0.1437 0.5328
vn 0.6889 -0.4995 0.5253
vn 0.3969 -0.7420 0.5403
vn 0.8764 0.1656 0.4523
vn 0.8342 -0.0314 0.5505
vn 0.8900 0.2059 0.4067
vn 0.9354 -0.1588 0.3159
vn 0.9620 -0.2226 0.1582
vn 0.9124 -0.3349 0.2353
vn 0.6235 -0.6026 0.4981
vn 0.9801 -0.0114 0.1983
vn 0.9173 -0.1261 0.3776
vn 0.9807 0.1840 0.0655
vn 0.9670 -0.2276 0.1146
vn 0.9483 -0.2528 0.1921
vn 0.9619 -0.0615 0.2663
vn 0.8061 -0.2987 0.5108
vn 0.9886 -0.0439 0.1437
vn 0.9935 -0.1094 0.0298
vn 0.8841 0.3549 0.3038
vn 0.8105 -0.0016 0.5857
vn 0.7468 -0.2668 0.6092
vn 0.8770 -0.0330 0.4793
vn 0.8803 -0.1376 0.4540
vn 0.9176 0.1475 0.3692
vn 0.9720 -0.0221 0.2340
vn 0.7244 0.5250 0.4469
vn 0.7666 0.1635 0.6209
vn 0.6483 -0.3071 0.6967
vn 0.7813 -0.3078 0.5430
vn 0.9521 -0.1963 0.2346
vn 0.9111 0.2435 0.3327
vn 0.5115 -0.8553 -0.0826
vn 0.4256 -0.8845 0.1911
vn 0.2919 -0.7615 0.5786
vn 0.3325 -0.6527 0.6808
vn 0.4845 -0.5691 0.6643
vn 0.6416 -0.5802 0.5017
vn 0.7787 -0.6140 0.1291
vn 0.7768 -0.6029 -0.1820
vn 0.8645 -0.4827 0.1404
vn 0.6844 -0.5931 0.4240
vn 0.8791 -0.2669 0.3948
vn 0.9696 0.1915 0.1522
vn 0.8880 0.4478 0.1044
vn 0.9268 0.1898 0.3242
vn 0.9324 0.1560 0.3262
vn 0.8321 0.5464 0.0949
vn 0.9166 0.3944 -0.0656
vn 0.8823 0.3026 0.3606
vn 0.7317 0.2592 0.6304
vn 0.7351 0.3997 0.5476
vn 0.8156 0.3759 0.4398
vn 0.4673 -0.8838 -0.0248
vn 0.2941 -0.9550 0.0388
vn 0.3358 -0.9318 0.1379
vn 0.4858 -0.8454 0.2220
vn 0.2286 -0.9689 0.0942
vn 0.1553 -0.9863 -0.0548
vn 0.0755 -0.9935 0.0847
vn 0.0670 -0.9745 -0.2143
vn -0.5363 -0.8438 -0.0194
vn -0.4330 -0.8309 -0.3494
vn -0.9057 -0.4227 -0.0329
vn -0.7312 -0.6699 -0.1290
vn -0.7283 -0.6833 0.0527
vn -0.6016 -0.7373 0.3073
vn 0.2115 -0.8034 0.5566
vn 0.3396 -0.7118 0.6148
vn -0.0544 -0.9495 0.3090
vn -0.1984 -0.9798 -0.0250
vn -0.3821 -0.9048 -0.1878
vn -0.3653 -0.9279 0.0746
vn -0.3290 -0.8529 0.4055
vn 0.1509 -0.7243 0.6728
vn 0.2626 -0.6359 0.7258
vn -0.1674 -0.8237 0.5417
vn -0.4863 -0.8315 0.2686
vn -0.3295 -0.9298 0.1640
vn -0.0520 -0.9423 0.3308
vn -0.3701 -0.8685 0.3296
vn 0.1975 -0.8463 0.4947
vn 0.2867 -0.7350 0.6145
vn -0.1367 -0.9352 0.3267
vn -0.5518 -0.8253 0.1199
vn -0.3145 -0.9347 0.1659
vn 0.0005 -0.9623 0.2720
vn -0.4099 -0.8790 0.2436
vn 0.1972 -0.9321 0.3037
vn 0.3269 -0.8512 0.4107
vn -0.0788 -0.9780 0.1932
vn -0.5217 -0.8483 0.0909
vn -0.2979 -0.9257 0.2332
vn -0.0099 -0.9322 0.3617
vn -0.4366 -0.8640 0.2508
vn 0.2239 -0.9745 -0.0161
vn 0.4043 -0.9137 0.0421
vn 0.0069 -0.9992 -0.0383
vn -0.4228 -0.9045 -0.0556
vn -0.2129 -0.9672 0.1390
vn -0.0119 -0.9669 0.2550
vn -0.5183 -0.8477 0.1131
vn -0.5039 -0.8312 -0.2350
vn 0.0430 -0.9907 -0.1289
vn -0.1445 -0.9782 -0.1495
vn -0.3602 -0.9147 -0.1833
vn 0.0703 -0.9884 -0.1349
vn 0.2986 -0.9369 -0.1820
vn 0.4571 -0.8488 -0.2655
vn 0.4431 0.8691 -0.2197
vn 0.3722 0.8756 -0.3078
vn 0.3785 0.7666 -0.5187
vn 0.5664 0.6671 -0.4839
vn -0.1166 0.8843 -0.4521
vn -0.1286 0.6517 -0.7475
vn -0.4358 0.7377 -0.5156
vn -0.2858 0.3404 -0.8958
vn 0.1626 0.8471 -0.5059
vn 0.1621 0.4448 -0.8808
vn 0.3910 0.8732 -0.2909
vn 0.3464 0.6386 -0.6871
vn -0.1021 0.9135 -0.3938
vn -0.0551 0.8129 -0.5798
vn 0.2907 0.6928 -0.6599
vn 0.5194 0.7046 -0.4835
vn 0.0494 0.4851 -0.8731
vn -0.0927 0.1844 -0.9785
vn -0.0293 0.1848 -0.9823
vn 0.1324 0.5119 -0.8488
vn -0.1414 0.6821 -0.7174
vn 0.1822 0.8632 -0.4709
vn 0.3544 0.9009 -0.2504
vn 0.2247 0.6898 -0.6882
vn -0.0578 0.4818 -0.8744
vn -0.1693 0.4304 -0.8866
vn 0.0229 0.5920 -0.8056
vn -0.1941 0.7351 -0.6495
vn 0.3385 0.8625 -0.3761
vn 0.2776 0.9472 -0.1602
vn 0.3292 0.7476 -0.5768
vn -0.0769 0.6817 -0.7275
vn -0.1956 0.5910 -0.7826
vn -0.0694 0.6868 -0.7235
vn -0.2579 0.8360 -0.4844
vn 0.5239 0.7436 -0.4155
vn 0.4898 0.8277 -0.2739
vn 0.2584 0.8003 -0.5411
vn -0.1071 0.7911 -0.6022
vn -0.1671 0.7589 -0.6294
vn -0.1412 0.8154 -0.5614
vn -0.3788 0.8607 -0.3401
vn 0.4438 0.8331 -0.3302
vn 0.6227 0.7329 -0.2741
vn 0.1236 0.9173 -0.3785
vn -0.1448 0.9068 -0.3958
vn -0.1474 0.9086 -0.3908
vn -0.1591 0.9190 -0.3608
vn -0.4787 0.8398 -0.2560
vn 0.6172 0.7858 -0.0386
vn -0.6398 0.6933 -0.3317
vn -0.5406 0.7198 -0.4355
vn -0.5187 0.6471 -0.5587
vn -0.4294 0.7765 -0.4611
vn -0.3330 0.9035 -0.2698
vn -0.3647 0.9091 -0.2013
vn -0.4844 0.8375 -0.2529
vn -0.5779 0.7730 -0.2618
vn -0.5307 0.8031 -0.2709
vn -0.1866 0.9188 -0.3478
vn -0.1124 0.9311 -0.3469
vn -0.0775 0.9745 -0.2107
vn 0.0432 0.9954 -0.0852
vn 0.2295 0.9708 -0.0704
vn 0.4939 0.8667 -0.0694
vn 0.4977 0.8340 -0.2382
vn 0.6109 0.7896 -0.0580
vn 0.2935 0.9067 -0.3030
vn 0.3409 0.9048 -0.2551
vn 0.4468 0.8752 -0.1855
vn 0.5846 0.7512 -0.3066
vn 0.7084 0.6007 -0.3706
vn -0.4626 -0.5810 -0.6697
vn -0.1548 -0.6421 -0.7508
vn -0.3964 -0.3670 -0.8415
vn -0.4550 -0.5270 -0.7178
vn 0.1426 -0.3444 -0.9280
vn -0.0962 -0.0814 -0.9920
vn 0.2062 -0.0147 -0.9784
vn 0.0827 -0.0201 -0.9964
vn 0.0972 -0.1222 -0.9877
vn 0.0662 -0.2364 -0.9694
vn 0.0139 -0.1619 -0.9867
vn -0.0083 -0.2437 -0.9698
vn 0.0789 0.1398 -0.9870
vn -0.0975 0.0993 -0.9903
vn -0.1810 -0.3241 -0.9285
vn -0.1425 -0.6716 -0.7271
vn -0.1950 0.0117 -0.9807
vn -0.2540 -0.0378 -0.9665
vn -0.2872 -0.2533 -0.9238
vn -0.2833 -0.2573 -0.9239
vn -0.2916 0.0043 -0.9565
vn 0.2949 -0.3904 -0.8721
vn 0.2498 -0.6516 -0.7162
vn 0.1168 -0.2069 -0.9714
vn -0.1871 -0.2568 -0.9482
vn -0.2757 -0.1936 -0.9416
vn -0.1502 -0.0843 -0.9851
vn 0.0352 0.0329 -0.9988
vn 0.6326 -0.3353 -0.6981
vn 0.4515 -0.3103 -0.8366
vn 0.5299 -0.4991 -0.6856
vn 0.3006 -0.4930 -0.8165
vn 0.2488 -0.1695 -0.9536
vn 0.2842 0.1451 -0.9477
vn 0.3300 0.1058 -0.9380
vn 0.5925 -0.2893 -0.7518
vn 0.5327 -0.0165 -0.8461
vn 0.5278 -0.6398 -0.5587
vn 0.6160 -0.4885 -0.6180
vn 0.6899 -0.1316 -0.7119
vn 0.6310 0.0950 -0.7699
vn 0.4985 0.0554 -0.8651
vn 0.2563 -0.4260 -0.8677
vn 0.5596 -0.0424 -0.8277
vn 0.1206 -0.6597 -0.7418
vn 0.3838 -0.3366 -0.8599
vn 0.5192 -0.2232 -0.8250
vn 0.4373 -0.2460 -0.8650
vn 0.2880 -0.1300 -0.9488
vn -0.4839 -0.4824 -0.7302
vn -0.1846 -0.7907 -0.5837
vn -0.5289 -0.3304 -0.7817
vn -0.0595 -0.7995 -0.5977
vn -0.1515 -0.4442 -0.8830
vn -0.2287 0.0825 -0.9700
vn -0.3736 0.0850 -0.9237
vn -0.4737 -0.0481 -0.8794
vn -0.4399 0.2297 -0.8682
vn 0.1660 -0.1770 -0.9701
vn 0.2344 -0.4468 -0.8634
vn 0.2319 -0.2131 -0.9491
vn 0.1013 -0.0875 -0.9910
vn -0.0737 -0.5133 -0.8550
vn -0.0883 -0.6049 -0.7914
vn 0.2299 -0.4276 -0.8742
vn 0.7164 -0.1895 -0.6715
vn 0.6062 -0.3307 -0.7233
vn 0.5044 -0.2912 -0.8129
vn 0.1577 -0.4666 -0.8703
vn 0.0645 -0.6672 -0.7421
vn -0.0178 -0.7227 -0.6909
vn -0.2997 -0.5304 -0.7930
vn -0.7325 -0.6746 0.0907
vn -0.8260 -0.5327 0.1843
vn -0.8670 -0.4918 0.0801
vn -0.6620 -0.7255 0.1879
vn -0.9407 -0.3194 0.1147
vn -0.9491 -0.2890 -0.1250
vn -0.9788 0.2047 -0.0007
vn -0.9825 0.1074 -0.1522
vn -0.9786 0.2014 -0.0425
vn -0.9821 0.1554 0.1061
vn -0.9929 0.0629 -0.1014
vn -0.9681 0.2066 0.1415
vn -0.9505 0.1333 -0.2807
vn -0.8683 0.4644 -0.1743
vn -0.8563 -0.4214 -0.2987
vn -0.6199 -0.7775 -0.1060
vn -0.8410 -0.2205 -0.4941
vn -0.8709 -0.1299 -0.4740
vn -0.9639 -0.1193 -0.2382
vn -0.9358 0.2022 -0.2887
vn -0.6374 0.5844 -0.5022
vn -0.7190 -0.3219 -0.6160
vn -0.4608 -0.7430 -0.4854
vn -0.7063 -0.1181 -0.6980
vn -0.6674 -0.3239 -0.6706
vn -0.7341 -0.3441 -0.5854
vn -0.7192 0.1167 -0.6850
vn -0.4455 0.5251 -0.7251
vn -0.6884 -0.3903 -0.6114
vn -0.2670 -0.6906 -0.6721
vn -0.8993 -0.0730 -0.4313
vn -0.8290 -0.2003 -0.5221
vn -0.5830 -0.3575 -0.7296
vn -0.4408 -0.0263 -0.8972
vn -0.2625 0.3723 -0.8902
vn -0.6581 -0.6848 -0.3131
vn -0.3625 -0.8053 -0.4691
vn -0.9506 -0.1994 -0.2380
vn -0.9269 0.1478 -0.3449
vn -0.7529 -0.0206 -0.6578
vn -0.5335 -0.0069 -0.8458
vn -0.3963 0.3771 -0.8371
vn -0.4366 -0.8195 -0.3712
vn -0.3414 -0.8794 -0.3320
vn -0.6802 -0.3755 -0.6295
vn -0.6966 0.1853 -0.6931
vn -0.7252 0.2038 -0.6577
vn -0.7476 0.1005 -0.6565
vn -0.6862 0.4046 -0.6045
vn -0.6156 -0.7636 -0.1947
vn -0.5963 -0.5286 -0.6042
vn -0.6074 -0.5684 -0.5550
vn -0.4683 -0.6810 -0.5630
vn -0.3693 -0.8963 -0.2454
vn -0.3174 -0.9483 -0.0023
vn -0.4361 -0.8997 -0.0203
vn 0.9834 0.1415 -0.1139
vn 0.9928 0.0988 0.0681
vn 0.9574 0.2888 -0.0032
vn 0.8873 0.2178 -0.4064
vn 0.9532 0.3021 0.0132
vn 0.9394 0.2718 0.2092
vn 0.9709 0.2379 -0.0286
vn 0.9901 0.1402 0.0038
vn 0.9788 -0.1768 0.1031
vn 0.9655 -0.1988 -0.1680
vn 0.7187 -0.6759 0.1632
vn 0.7678 -0.6391 -0.0443
vn 0.6430 -0.7656 -0.0209
vn 0.5267 -0.8387 0.1384
vn 0.8204 0.5655 0.0847
vn 0.8312 0.5299 -0.1684
vn 0.9412 0.2232 0.2536
vn 0.9810 -0.1141 0.1567
vn 0.9591 -0.2738 -0.0720
vn 0.8906 -0.4546 -0.0122
vn 0.6130 -0.7538 0.2366
vn 0.8392 0.5334 -0.1056
vn 0.7738 0.6317 0.0472
vn 0.9857 0.1421 -0.0901
vn 0.9772 -0.1883 0.0979
vn 0.9317 -0.3205 0.1709
vn 0.9190 -0.3891 0.0635
vn 0.7088 -0.7041 0.0427
vn 0.8720 0.2970 -0.3892
vn 0.8469 0.4849 -0.2183
vn 0.8964 0.1107 -0.4293
vn 0.9775 -0.0909 -0.1905
vn 0.9189 -0.3942 0.0173
vn 0.8275 -0.5589 -0.0543
vn 0.6496 -0.7281 -0.2189
vn 0.8022 -0.0212 -0.5967
vn 0.7996 0.2625 -0.5401
vn 0.7258 0.1188 -0.6776
vn 0.8149 -0.0006 -0.5796
vn 0.7700 -0.4802 -0.4201
vn 0.5597 -0.7418 -0.3694
vn 0.3916 -0.7526 -0.5294
vn 0.6078 -0.3127 -0.7299
vn 0.5735 0.0300 -0.8187
vn 0.4666 -0.0164 -0.8843
vn 0.4127 -0.0013 -0.9109
vn 0.3189 -0.5097 -0.7991
vn 0.1180 -0.7419 -0.6600
vn 0.0913 -0.6672 -0.7392
vn 0.7116 -0.6622 -0.2349
vn 0.6681 -0.7334 0.1256
vn 0.5869 -0.7553 0.2917
vn 0.4755 -0.8794 -0.0225
vn 0.3627 -0.9059 -0.2185
vn 0.3655 -0.7970 -0.4808
vn 0.4448 -0.5187 -0.7301
vn 0.6132 -0.7755 -0.1506
vn 0.4479 -0.8872 0.1106
vn 0.5168 -0.7974 0.3115
vn 0.7449 -0.6388 0.1927
vn 0.0628 -0.9772 0.2027
vn 0.0346 -0.9620 0.2708
vn -0.4408 -0.8962 0.0496
vn -0.5034 -0.8599 0.0845
vn -0.2610 -0.9487 -0.1784
vn -0.4551 -0.8800 -0.1355
vn 0.0515 -0.9216 -0.3847
vn -0.1068 -0.9503 -0.2926
vn -0.3830 -0.8106 -0.4431
vn -0.2528 -0.9153 -0.3135
vn 0.5773 -0.8161 -0.0250
vn 0.7582 -0.6436 0.1042
vn 0.0426 -0.9916 -0.1220
vn -0.4909 -0.8632 -0.1179
vn -0.4741 -0.8713 0.1270
vn -0.3082 -0.9176 0.2511
vn -0.3080 -0.9467 0.0946
vn 0.5765 -0.7283 -0.3705
vn 0.6232 -0.7333 -0.2718
vn 0.0588 -0.9254 -0.3744
vn -0.3446 -0.9302 -0.1264
vn -0.2882 -0.9212 0.2613
vn -0.3650 -0.8442 0.3926
vn -0.5258 -0.8298 0.1869
vn 0.6080 -0.7654 -0.2112
vn 0.5346 -0.8151 -0.2231
vn 0.0754 -0.9761 -0.2036
vn -0.1826 -0.9757 -0.1209
vn -0.0782 -0.9968 -0.0193
vn -0.3267 -0.9451 -0.0116
vn -0.6969 -0.6883 -0.2017
vn 0.5714 -0.8019 -0.1744
vn 0.6730 -0.7081 -0.2135
vn 0.0688 -0.9555 -0.2868
vn -0.1348 -0.9353 -0.3272
vn 0.0168 -0.9354 -0.3533
vn -0.2508 -0.8674 -0.4299
vn -0.6837 -0.5417 -0.4890
vn 0.5411 -0.6199 -0.5683
vn 0.7509 -0.4127 -0.5156
vn 0.0667 -0.7475 -0.6608
vn -0.0838 -0.7517 -0.6541
vn 0.0596 -0.7452 -0.6641
vn -0.1961 -0.6417 -0.7414
vn -0.5902 -0.3830 -0.7106
vn -0.2105 0.9180 0.3360
vn -0.0150 0.9797 0.1999
vn 0.1036 0.9891 0.1050
vn -0.1333 0.9841 0.1173
vn 0.3452 0.9301 0.1256
vn 0.1875 0.9604 0.2061
vn 0.0308 0.9779 0.2066
vn -0.2313 0.8848 0.4046
vn -0.3512 0.8906 0.2891
vn -0.2112 0.8813 0.4228
vn -0.1877 0.9464 0.2628
vn 0.0465 0.9467 0.3189
vn 0.0665 0.9909 0.1169
vn 0.3350 0.9250 0.1796
vn 0.0420 0.9551 -0.2932
vn -0.0474 0.9281 -0.3692
vn -0.1310 0.9893 -0.0644
vn -0.3505 0.9350 0.0535
vn -0.1008 0.9944 0.0318
vn 0.1499 0.9884 0.0229
vn 0.4400 0.8955 0.0666
vn -0.2912 0.9490 -0.1207
vn -0.2482 0.8782 -0.4088
vn -0.3298 0.9426 0.0531
vn -0.2169 0.9761 -0.0136
vn 0.0207 0.9840 -0.1770
vn 0.1687 0.9561 -0.2394
vn 0.4853 0.8428 -0.2328
vn -0.4479 0.8762 0.1780
vn -0.6375 0.7698 0.0308
vn -0.2448 0.9643 0.1014
vn 0.0212 0.9996 -0.0177
vn 0.2219 0.9607 -0.1666
vn 0.2644 0.9077 -0.3259
vn 0.5352 0.7789 -0.3270
vn -0.3819 0.9179 -0.1079
vn -0.6940 0.7194 -0.0286
vn -0.0905 0.9806 -0.1742
vn 0.1580 0.9651 -0.2091
vn 0.3049 0.9339 -0.1866
vn 0.2822 0.9523 -0.1163
vn 0.4503 0.8928 0.0093
vn -0.2736 0.8874 -0.3710
vn -0.5909 0.7538 -0.2873
vn -0.0556 0.9278 -0.3690
vn 0.1107 0.9625 -0.2476
vn 0.1632 0.9858 -0.0402
vn 0.1466 0.9837 0.1041
vn 0.3559 0.9190 0.1696
vn -0.2323 0.9053 0.3555
vn -0.3351 0.9378 0.0910
vn -0.1586 0.9018 0.4020
vn -0.1445 0.9890 -0.0303
vn 0.2866 0.9556 -0.0693
vn 0.2446 0.9674 -0.0651
vn -0.2391 0.9649 0.1087
vn -0.2521 0.9351 0.2490
vn -0.0286 0.9662 0.2562
vn 0.2351 0.9551 0.1802
vn 0.4417 0.8971 -0.0149
vn 0.6184 0.7843 0.0502
vn 0.6516 0.7483 0.1242
vn 0.5224 0.8330 -0.1825
vn 0.3440 0.8906 -0.2976
vn 0.3745 0.9272 0.0078
vn 0.5179 0.8448 0.1348
vn -0.5496 0.8193 -0.1631
vn -0.6149 0.7774 0.1324
vn -0.4859 0.8445 -0.2252
vn -0.1309 0.7818 -0.6096
vn -0.0927 0.9412 -0.3248
vn -0.1565 0.9783 0.1358
vn 0.8664 0.3439 0.3620
vn 0.8880 0.1684 0.4279
vn 0.8211 0.0612 0.5674
vn 0.8093 0.3041 0.5026
vn 0.7940 0.1804 0.5806
vn 0.8638 -0.0167 0.5036
vn 0.7187 0.4367 0.5411
vn 0.9184 0.2693 0.2900
vn 0.7008 0.6720 0.2395
vn 0.7677 0.6351 0.0860
vn 0.7285 0.6820 -0.0651
vn 0.7255 0.6860 0.0541
vn 0.7560 0.6527 -0.0495
vn 0.8001 0.5977 -0.0514
vn 0.6684 0.3823 0.6380
vn 0.7764 0.3687 0.5112
vn 0.8116 0.3210 0.4881
vn 0.9385 0.3288 0.1058
vn 0.8847 0.4568 -0.0931
vn 0.7872 0.6135 0.0627
vn 0.6917 0.7214 0.0321
vn 0.5906 0.5638 0.5773
vn 0.7735 0.4856 0.4072
vn 0.6301 0.6162 0.4725
vn 0.8024 0.5924 0.0724
vn 0.8130 0.5471 -0.1990
vn 0.7798 0.6214 -0.0760
vn 0.6181 0.7841 -0.0553
vn 0.5154 0.7613 0.3934
vn 0.7265 0.6367 0.2584
vn 0.4004 0.8151 0.4187
vn 0.5701 0.8174 0.0833
vn 0.6394 0.7420 -0.2016
vn 0.6824 0.7097 -0.1751
vn 0.5398 0.8094 -0.2311
vn 0.5310 0.8284 0.1786
vn 0.7456 0.6500 0.1473
vn 0.2006 0.9243 0.3247
vn 0.2553 0.9630 0.0865
vn 0.2690 0.9398 -0.2106
vn 0.2158 0.9557 -0.2000
vn 0.2197 0.9523 -0.2118
vn 0.6749 0.7366 0.0435
vn 0.6831 0.7300 0.0194
vn 0.4413 0.8676 0.2292
vn 0.1371 0.9905 -0.0126
vn -0.0641 0.9620 -0.2655
vn 0.0273 0.9926 -0.1186
vn 0.2291 0.9729 -0.0327
vn 0.6729 0.4860 0.5576
vn 0.4432 0.8095 0.3850
vn 0.5831 0.6854 0.4362
vn 0.6582 0.6369 0.4013
vn 0.7520 0.4907 0.4401
vn 0.8025 0.2916 0.5206
vn 0.7493 0.3170 0.5815
vn -0.8063 0.2431 0.5392
vn -0.4828 0.6137 0.6248
vn -0.3521 0.2699 0.8962
vn -0.6870 0.0964 0.7203
vn -0.3301 0.6370 0.6966
vn -0.3856 0.4434 0.8091
vn -0.2275 0.3966 0.8894
vn -0.2931 0.5792 0.7607
vn 0.1498 0.3497 0.9248
vn 0.1616 0.5898 0.7912
vn 0.4718 0.3931 0.7892
vn 0.4153 0.4162 0.8089
vn 0.5439 0.4456 0.7111
vn 0.5673 0.2608 0.7811
vn -0.3070 0.0507 0.9503
vn -0.7212 0.1423 0.6780
vn -0.1432 0.3050 0.9415
vn -0.1689 0.6978 0.6961
vn 0.0447 0.7331 0.6786
vn 0.2392 0.5211 0.8193
vn 0.5157 0.3522 0.7811
vn -0.3620 0.2819 0.8885
vn -0.7548 0.3286 0.5677
vn 0.1615 0.2946 0.9419
vn 0.1146 0.6211 0.7753
vn -0.0888 0.7546 0.6501
vn 0.0547 0.6441 0.7629
vn 0.4433 0.5706 0.6913
vn -0.3411 0.6426 0.6861
vn -0.6833 0.6280 0.3725
vn 0.2559 0.5385 0.8029
vn 0.3561 0.5657 0.7438
vn -0.0773 0.7158 0.6940
vn -0.0837 0.7317 0.6765
vn 0.3709 0.7342 0.5687
vn -0.2575 0.8841 0.3899
vn -0.5595 0.8197 0.1226
vn 0.2566 0.7856 0.5630
vn 0.4387 0.6675 0.6016
vn 0.0138 0.7677 0.6406
vn -0.1663 0.8151 0.5549
vn 0.2567 0.8218 0.5086
vn -0.1892 0.9802 0.0590
vn -0.4337 0.8986 -0.0661
vn 0.2390 0.9444 0.2259
vn 0.4136 0.8558 0.3106
vn -0.0240 0.9020 0.4312
vn -0.1998 0.8627 0.4646
vn 0.1084 0.8599 0.4989
vn -0.8776 0.1485 0.4559
vn -0.3134 0.9160 0.2504
vn -0.4462 0.8537 0.2684
vn -0.6576 0.6419 0.3943
vn -0.8176 0.3064 0.4875
vn -0.8893 0.1003 0.4463
vn -0.9089 0.0155 0.4167
vn -0.9123 0.2933 -0.2858
vn -0.9094 0.0595 -0.4117
vn -0.8733 0.2663 -0.4079
vn -0.7645 0.4349 -0.4758
vn -0.9657 0.1601 -0.2045
vn -0.9510 0.3092 -0.0009
vn -0.9241 0.3784 0.0538
vn -0.8923 0.4353 0.1199
vn -0.8938 0.4399 0.0874
vn -0.9346 0.3537 0.0376
vn -0.8523 0.4265 0.3029
vn -0.9362 0.2093 0.2825
vn -0.8004 0.3128 0.5114
vn -0.9037 0.0744 0.4217
vn -0.7452 0.5963 -0.2985
vn -0.6237 0.5784 -0.5258
vn -0.8088 0.5709 0.1407
vn -0.9025 0.4303 0.0179
vn -0.9863 0.1229 -0.1104
vn -0.9770 -0.0193 0.2123
vn -0.9183 -0.0112 0.3957
vn -0.5432 0.8291 -0.1321
vn -0.4496 0.8125 -0.3711
vn -0.6991 0.7012 0.1403
vn -0.8678 0.4682 -0.1664
vn -0.9377 0.2610 -0.2295
vn -0.9586 0.2042 0.1985
vn -0.8678 0.2607 0.4231
vn -0.4000 0.9155 -0.0436
vn -0.2926 0.9327 -0.2108
vn -0.5669 0.8234 0.0228
vn -0.7146 0.6040 -0.3530
vn -0.8230 0.4862 -0.2937
vn -0.8489 0.5031 0.1619
vn -0.6942 0.5649 0.4460
vn -0.2798 0.9589 0.0479
vn -0.2470 0.9543 -0.1683
vn -0.2540 0.9608 -0.1110
vn -0.4287 0.7320 -0.5296
vn -0.6491 0.6920 -0.3161
vn -0.6129 0.7797 0.1280
vn -0.3972 0.8150 0.4219
vn -0.2991 0.9399 0.1643
vn -0.3001 0.9401 -0.1614
vn -0.2179 0.9532 -0.2096
vn -0.2075 0.7457 -0.6331
vn -0.3732 0.8721 -0.3165
vn -0.3481 0.9273 0.1373
vn -0.2076 0.8899 0.4062
s 1
f 1//1 2//2 3//3
f 1//1 3//3 4//4
f 2//2 5//5 6//6
f 2//2 6//6 3//3
f 5//5 7//7 8//8
f 5//5 8//8 6//6
f 7//7 9//9 10//10
f 7//7 10//10 8//8
f 9//9 11//11 12//12
f 9//9 12//12 10//10
f 11//11 13//13 14//14
f 11//11 14//14 12//12
f 4//4 3//3 15//15
f 4//4 15//15 16//16
f 3//3 6//6 17//17
f 3//3 17//17 15//15
f 6//6 8//8 18//18
f 6//6 18//18 17//17
f 8//8 10//10 19//19
f 8//8 19//19 18//18
f 10//10 12//12 20//20
f 10//10 20//20 19//19
f 12//12 14//14 21//21
f 12//12 21//21 20//20
f 16//16 15//15 22//22
f 16//16 22//22 23//23
f 15//15 17//17 24//24
f 15//15 24//24 22//22
f 17//17 18//18 25//25
f 17//17 25//25 24//24
f 18//18 19//19 26//26
f 18//18 26//26 25//25
f 19//19 20//20 27//27
f 19//19 27//27 26//26
f 20//20 21//21 28//28
f 20//20 28//28 27//27
f 23//23 22//22 29//29
f 23//23 29//29 30//30
f 22//22 24//24 31//31
f 22//22 31//31 29//29
f 24//24 25//25 32//32
f 24//24 32//32 31//31
f 25//25 26//26 33//33
f 25//25 33//33 32//32
f 26//26 27//27 34//34
f 26//26 34//34 33//33
f 27//27 28//28 35//35
f 27//27 35//35 34//34
f 30//30 29//29 36//36
f 30//30 36//36 37//37
f 29//29 31//31 38//38
f 29//29 38//38 36//36
f 31//31 32//32 39//39
f 31//31 39//39 38//38
f 32//32 33//33 40//40
f 32//32 40//40 39//39
f 33//33 34//34 41//41
f 33//33 41//41 40//40
f 34//34 35//35 42//42
f 34//34 42//42 41//41
f 37//37 36//36 43//43
f 37//37 43//43 44//44
f 36//36 38//38 45//45
f 36//36 45//45 43//43
f 38//38 39//39 46//46
f 38//38 46//46 45//45
f 39//39 40//40 47//47
f 39//39 47//47 46//46
f 40//40 41//41 48//48
f 40//40 48//48 47//47
f 41//41 42//42 49//49
f 41//41 49//49 48//48
f 50//50 51//51 1//1
f 50//50 1//1 52//52
f 51//51 53//53 2//2
f 51//51 2//2 1//1
f 53//53 54//54 5//5
f 53//53 5//5 2//2
f 54//54 55//55 7//7
f 54//54 7//7 5//5
f 55//55 56//56 9//9
f 55//55 9//9 7//7
f 56//56 57//57 11//11
f 56//56 11//11 9//9
f 57//57 58//58 13//13
f 57//57 13//13 11//11
f 58//58 59//59 60//60
f 58//58 60//60 13//13
f 13//13 60//60 61//61
f 13//13 61//61 14//14
f 14//14 61//61 62//62
f 14//14 62//62 21//21
f 21//21 62//62 63//63
f 21//21 63//63 28//28
f 28//28 63//63 64//64
f 28//28 64//64 35//35
f 35//35 64//64 65//65
f 35//35 65//65 42//42
f 42//42 65//65 66//66
f 42//42 66//66 49//49
f 49//49 66//66 67//67
f 49//49 67//67 68//68
f 48//48 49//49 68//68
f 48//48 68//68 69//69
f 47//47 48//48 69//69
f 47//47 69//69 70//70
f 46//46 47//47 70//70
f 46//46 70//70 71//71
f 45//45 46//46 71//71
f 45//45 71//71 72//72
f 43//43 45//45 72//72
f 43//43 72//72 73//73
f 44//44 43//43 73//73
f 44//44 73//73 74//74
f 75//75 44//44 74//74
f 75//75 74//74 76//76
f 77//77 37//37 44//44
f 77//77 44//44 75//75
f 78//78 30//30 37//37
f 78//78 37//37 77//77
f 79//79 23//23 30//30
f 79//79 30//30 78//78
f 80//80 16//16 23//23
f 80//80 23//23 79//79
f 81//81 4//4 16//16
f 81//81 16//16 80//80
f 52//52 1//1 4//4
f 52//52 4//4 81//81
f 82//82 83//83 84//84
f 82//82 84//84 85//85
f 83//83 86//86 87//87
f 83//83 87//87 84//84
f 86//86 88//88 89//89
f 86//86 89//89 87//87
f 88//88 90//90 91//91
f 88//88 91//91 89//89
f 90//90 92//92 93//93
f 90//90 93//93 91//91
f 92//92 94//94 95//95
f 92//92 95//95 93//93
f 85//85 84//84 96//96
f 85//85 96//96 97//97
f 84//84 87//87 98//98
f 84//84 98//98 96//96
f 87//87 89//89 99//99
f 87//87 99//99 98//98
f 89//89 91//91 100//100
f 89//89 100//100 99//99
f 91//91 93//93 101//101
f 91//91 101//101 100//100
f 93//93 95//95 102//102
f 93//93 102//102 101//101
f 97//97 96//96 103//103
f 97//97 103//103 104//104
f 96//96 98//98 105//105
f 96//96 105//105 103//103
f 98//98 99//99 106//106
f 98//98 106//106 105//105
f 99//99 100//100 107//107
f 99//99 107//107 106//106
f 100//100 101//101 108//108
f 100//100 108//108 107//107
f 101//101 102//102 109//109
f 101//101 109//109 108//108
f 104//104 103//103 110//110
f 104//104 110//110 111//111
f 103//103 105//105 112//112
f 103//103 112//112 110//110
f 105//105 106//106 113//113
f 105//105 113//113 112//112
f 106//106 107//107 114//114
f 106//106 114//114 113//113
f 107//107 108//108 115//115
f 107//107 115//115 114//114
f 108//108 109//109 116//116
f 108//108 116//116 115//115
f 111//111 110//110 117//117
f 111//111 117//117 118//118
f 110//110 112//112 119//119
f 110//110 119//119 117//117
f 112//112 113//113 120//120
f 112//112 120//120 119//119
f 113//113 114//114 121//121
f 113//113 121//121 120//120
f 114//114 115//115 122//122
f 114//114 122//122 121//121
f 115//115 116//116 123//123
f 115//115 123//123 122//122
f 118//118 117//117 124//124
f 118//118 124//124 125//125
f 117//117 119//119 126//126
f 117//117 126//126 124//124
f 119//119 120//120 127//127
f 119//119 127//127 126//126
f 120//120 121//121 128//128
f 120//120 128//128 127//127
f 121//121 122//122 129//129
f 121//121 129//129 128//128
f 122//122 123//123 130//130
f 122//122 130//130 129//129
f 76//76 74//74 82//82
f 76//76 82//82 131//131
f 74//74 73//73 83//83
f 74//74 83//83 82//82
f 73//73 72//72 86//86
f 73//73 86//86 83//83
f 72//72 71//71 88//88
f 72//72 88//88 86//86
f 71//71 70//70 90//90
f 71//71 90//90 88//88
f 70//70 69//69 92//92
f 70//70 92//92 90//90
f 69//69 68//68 94//94
f 69//69 94//94 92//92
f 68//68 67//67 132//132
f 68//68 132//132 94//94
f 94//94 132//132 133//133
f 94//94 133//133 95//95
f 95//95 133//133 134//134
f 95//95 134//134 102//102
f 102//102 134//134 135//135
f 102//102 135//135 109//109
f 109//109 135//135 136//136
f 109//109 136//136 116//116
f 116//116 136//136 137//137
f 116//116 137//137 123//123
f 123//123 137//137 138//138
f 123//123 138//138 130//130
f 130//130 138//138 139//139
f 130//130 139//139 140//140
f 129//129 130//130 140//140
f 129//129 140//140 141//141
f 128//128 129//129 141//141
f 128//128 141//141 142//142
f 127//127 128//128 142//142
f 127//127 142//142 143//143
f 126//126 127//127 143//143
f 126//126 143//143 144//144
f 124//124 126//126 144//144
f 124//124 144//144 145//145
f 125//125 124//124 145//145
f 125//125 145//145 146//146
f 147//147 125//125 146//146
f 147//147 146//146 148//148
f 149//149 118//118 125//125
f 149//149 125//125 147//147
f 150//150 111//111 118//118
f 150//150 118//118 149//149
f 151//151 104//104 111//111
f 151//151 111//111 150//150
f 152//152 97//97 104//104
f 152//152 104//104 151//151
f 153//153 85//85 97//97
f 153//153 97//97 152//152
f 131//131 82//82 85//85
f 131//131 85//85 153//153
f 154//154 155//155 156//156
f 154//154 156//156 157//157
f 155//155 158//158 159//159
f 155//155 159//159 156//156
f 158//158 160//160 161//161
f 158//158 161//161 159//159
f 160//160 162//162 163//163
f 160//160 163//163 161//161
f 162//162 164//164 165//165
f 162//162 165//165 163//163
f 164//164 166//166 167//167
f 164//164 167//167 165//165
f 157//157 156//156 168//168
f 157//157 168//168 169//169
f 156//156 159//159 170//170
f 156//156 170//170 168//168
f 159//159 161//161 171//171
f 159//159 171//171 170//170
f 161//161 163//163 172//172
f 161//161 172//172 171//171
f 163//163 165//165 173//173
f 163//163 173//173 172//172
f 165//165 167//167 174//174
f 165//165 174//174 173//173
f 169//169 168//168 175//175
f 169//169 175//175 176//176
f 168//168 170//170 177//177
f 168//168 177//177 175//175
f 170//170 171//171 178//178
f 170//170 178//178 177//177
f 171//171 172//172 179//179
f 171//171 179//179 178//178
f 172//172 173//173 180//180
f 172//172 180//180 179//179
f 173//173 174//174 181//181
f 173//173 181//181 180//180
f 176//176 175//175 182//182
f 176//176 182//182 183//183
f 175//175 177//177 184//184
f 175//175 184//184 182//182
f 177//177 178//178 185//185
f 177//177 185//185 184//184
f 178//178 179//179 186//186
f 178//178 186//186 185//185
f 179//179 180//180 187//187
f 179//179 187//187 186//186
f 180//180 181//181 188//188
f 180//180 188//188 187//187
f 183//183 182//182 189//189
f 183//183 189//189 190//190
f 182//182 184//184 191//191
f 182//182 191//191 189//189
f 184//184 185//185 192//192
f 184//184 192//192 191//191
f 185//185 186//186 193//193
f 185//185 193//193 192//192
f 186//186 187//187 194//194
f 186//186 194//194 193//193
f 187//187 188//188 195//195
f 187//187 195//195 194//194
f 190//190 189//189 196//196
f 190//190 196//196 197//197
f 189//189 191//191 198//198
f 189//189 198//198 196//196
f 191//191 192//192 199//199
f 191//191 199//199 198//198
f 192//192 193//193 200//200
f 192//192 200//200 199//199
f 193//193 194//194 201//201
f 193//193 201//201 200//200
f 194//194 195//195 202//202
f 194//194 202//202 201//201
f 203//203 204//204 154//154
f 203//203 154//154 205//205
f 204//204 206//206 155//155
f 204//204 155//155 154//154
f 206//206 207//207 158//158
f 206//206 158//158 155//155
f 207//207 208//208 160//160
f 207//207 160//160 158//158
f 208//208 209//209 162//162
f 208//208 162//162 160//160
f 209//209 210//210 164//164
f 209//209 164//164 162//162
f 210//210 211//211 166//166
f 210//210 166//166 164//164
f 211//211 212//212 213//213
f 211//211 213//213 166//166
f 166//166 213//213 214//214
f 166//166 214//214 167//167
f 167//167 214//214 215//215
f 167//167 215//215 174//174
f 174//174 215//215 216//216
f 174//174 216//216 181//181
f 181//181 216//216 217//217
f 181//181 217//217 188//188
f 188//188 217//217 218//218
f 188//188 218//218 195//195
f 195//195 218//218 219//219
f 195//195 219//219 202//202
f 202//202 219//219 220//220
f 202//202 220//220 221//221
f 201//201 202//202 221//221
f 201//201 221//221 222//222
f 200//200 201//201 222//222
f 200//200 222//222 223//223
f 199//199 200//200 223//223
f 199//199 223//223 224//224
f 198//198 199//199 224//224
f 198//198 224//224 225//225
f 196//196 198//198 225//225
f 196//196 225//225 226//226
f 197//197 196//196 226//226
f 197//197 226//226 227//227
f 228//228 197//197 227//227
f 228//228 227//227 229//229
f 230//230 190//190 197//197
f 230//230 197//197 228//228
f 231//231 183//183 190//190
f 231//231 190//190 230//230
f 232//232 176//176 183//183
f 232//232 183//183 231//231
f 233//233 169//169 176//176
f 233//233 176//176 232//232
f 234//234 157//157 169//169
f 234//234 169//169 233//233
f 205//205 154//154 157//157
f 205//205 157//157 234//234
f 235//235 236//236 237//237
f 235//235 237//237 238//238
f 236//236 239//239 240//240
f 236//236 240//240 237//237
f 239//239 241//241 242//242
f 239//239 242//242 240//240
f 241//241 243//243 244//244
f 241//241 244//244 242//242
f 243//243 245//245 246//246
f 243//243 246//246 244//244
f 245//245 247//247 248//248
f 245//245 248//248 246//246
f 238//238 237//237 249//249
f 238//238 249//249 250//250
f 237//237 240//240 251//251
f 237//237 251//251 249//249
f 240//240 242//242 252//252
f 240//240 252//252 251//251
f 242//242 244//244 253//253
f 242//242 253//253 252//252
f 244//244 246//246 254//254
f 244//244 254//254 253//253
f 246//246 248//248 255//255
f 246//246 255//255 254//254
f 250//250 249//249 256//256
f 250//250 256//256 257//257
f 249//249 251//251 258//258
f 249//249 258//258 256//256
f 251//251 252//252 259//259
f 251//251 259//259 258//258
f 252//252 253//253 260//260
f 252//252 260//260 259//259
f 253//253 254//254 261//261
f 253//253 261//261 260//260
f 254//254 255//255 262//262
f 254//254 262//262 261//261
f 257//257 256//256 263//263
f 257//257 263//263 264//264
f 256//256 258//258 265//265
f 256//256 265//265 263//263
f 258//258 259//259 266//266
f 258//258 266//266 265//265
f 259//259 260//260 267//267
f 259//259 267//267 266//266
f 260//260 261//261 268//268
f 260//260 268//268 267//267
f 261//261 262//262 269//269
f 261//261 269//269 268//268
f 264//264 263//263 270//270
f 264//264 270//270 271//271
f 263//263 265//265 272//272
f 263//263 272//272 270//270
f 265//265 266//266 273//273
f 265//265 273//273 272//272
f 266//266 267//267 274//274
f 266//266 274//274 273//273
f 267//267 268//268 275//275
f 267//267 275//275 274//274
f 268//268 269//269 276//276
f 268//268 276//276 275//275
f 271//271 270//270 277//277
f 271//271 277//277 278//278
f 270//270 272//272 279//279
f 270//270 279//279 277//277
f 272//272 273//273 280//280
f 272//272 280//280 279//279
f 273//273 274//274 281//281
f 273//273 281//281 280//280
f 274//274 275//275 282//282
f 274//274 282//282 281//281
f 275//275 276//276 283//283
f 275//275 283//283 282//282
f 229//229 227//227 235//235
f 229//229 235//235 284//284
f 227//227 226//226 236//236
f 227//227 236//236 235//235
f 226//226 225//225 239//239
f 226//226 239//239 236//236
f 225//225 224//224 241//241
f 225//225 241//241 239//239
f 224//224 223//223 243//243
f 224//224 243//243 241//241
f 223//223 222//222 245//245
f 223//223 245//245 243//243
f 222//222 221//221 247//247
f 222//222 247//247 245//245
f 221//221 220//220 285//285
f 221//221 285//285 247//247
f 247//247 285//285 286//286
f 247//247 286//286 248//248
f 248//248 286//286 287//287
f 248//248 287//287 255//255
f 255//255 287//287 288//288
f 255//255 288//288 262//262
f 262//262 288//288 289//289
f 262//262 289//289 269//269
f 269//269 289//289 290//290
f 269//269 290//290 276//276
f 276//276 290//290 291//291
f 276//276 291//291 283//283
f 283//283 291//291 59//59
f 283//283 59//59 58//58
f 282//282 283//283 58//58
f 282//282 58//58 57//57
f 281//281 282//282 57//57
f 281//281 57//57 56//56
f 280//280 281//281 56//56
f 280//280 56//56 55//55
f 279//279 280//280 55//55
f 279//279 55//55 54//54
f 277//277 279//279 54//54
f 277//277 54//54 53//53
f 278//278 277//277 53//53
f 278//278 53//53 51//51
f 292//292 278//278 51//51
f 292//292 51//51 50//50
f 293//293 271//271 278//278
f 293//293 278//278 292//292
f 294//294 264//264 271//271
f 294//294 271//271 293//293
f 295//295 257//257 264//264
f 295//295 264//264 294//294
f 296//296 250//250 257//257
f 296//296 257//257 295//295
f 297//297 238//238 250//250
f 297//297 250//250 296//296
f 284//284 235//235 238//238
f 284//284 238//238 297//297
f 298//298 299//299 300//300
f 298//298 300//300 301//301
f 299//299 302//302 303//303
f 299//299 303//303 300//300
f 302//302 304//304 305//305
f 302//302 305//305 303//303
f 304//304 306//306 307//307
f 304//304 307//307 305//305
f 306//306 308//308 309//309
f 306//306 309//309 307//307
f 308//308 310//310 311//311
f 308//308 311//311 309//309
f 301//301 300//300 312//312
f 301//301 312//312 313//313
f 300//300 303//303 314//314
f 300//300 314//314 312//312
f 303//303 305//305 315//315
f 303//303 315//315 314//314
f 305//305 307//307 316//316
f 305//305 316//316 315//315
f 307//307 309//309 317//317
f 307//307 317//317 316//316
f 309//309 311//311 318//318
f 309//309 318//318 317//317
f 313//313 312//312 319//319
f 313//313 319//319 320//320
f 312//312 314//314 321//321
f 312//312 321//321 319//319
f 314//314 315//315 322//322
f 314//314 322//322 321//321
f 315//315 316//316 323//323
f 315//315 323//323 322//322
f 316//316 317//317 324//324
f 316//316 324//324 323//323
f 317//317 318//318 325//325
f 317//317 325//325 324//324
f 320//320 319//319 326//326
f 320//320 326//326 327//327
f 319//319 321//321 328//328
f 319//319 328//328 326//326
f 321//321 322//322 329//329
f 321//321 329//329 328//328
f 322//322 323//323 330//330
f 322//322 330//330 329//329
f 323//323 324//324 331//331
f 323//323 331//331 330//330
f 324//324 325//325 332//332
f 324//324 332//332 331//331
f 327//327 326//326 333//333
f 327//327 333//333 334//334
f 326//326 328//328 335//335
f 326//326 335//335 333//333
f 328//328 329//329 336//336
f 328//328 336//336 335//335
f 329//329 330//330 337//337
f 329//329 337//337 336//336
f 330//330 331//331 338//338
f 330//330 338//338 337//337
f 331//331 332//332 339//339
f 331//331 339//339 338//338
f 334//334 333//333 340//340
f 334//334 340//340 341//341
f 333//333 335//335 342//342
f 333//333 342//342 340//340
f 335//335 336//336 343//343
f 335//335 343//343 342//342
f 336//336 337//337 344//344
f 336//336 344//344 343//343
f 337//337 338//338 345//345
f 337//337 345//345 344//344
f 338//338 339//339 346//346
f 338//338 346//346 345//345
f 76//76 347//347 298//298
f 76//76 298//298 75//75
f 347//347 348//348 299//299
f 347//347 299//299 298//298
f 348//348 349//349 302//302
f 348//348 302//302 299//299
f 349//349 350//350 304//304
f 349//349 304//304 302//302
f 350//350 351//351 306//306
f 350//350 306//306 304//304
f 351//351 352//352 308//308
f 351//351 308//308 306//306
f 352//352 353//353 310//310
f 352//352 310//310 308//308
f 353//353 203//203 205//205
f 353//353 205//205 310//310
f 310//310 205//205 234//234
f 310//310 234//234 311//311
f 311//311 234//234 233//233
f 311//311 233//233 318//318
f 318//318 233//233 232//232
f 318//318 232//232 325//325
f 325//325 232//232 231//231
f 325//325 231//231 332//332
f 332//332 231//231 230//230
f 332//332 230//230 339//339
f 339//339 230//230 228//228
f 339//339 228//228 346//346
f 346//346 228//228 229//229
f 346//346 229//229 284//284
f 345//345 346//346 284//284
f 345//345 284//284 297//297
f 344//344 345//345 297//297
f 344//344 297//297 296//296
f 343//343 344//344 296//296
f 343//343 296//296 295//295
f 342//342 343//343 295//295
f 342//342 295//295 294//294
f 340//340 342//342 294//294
f 340//340 294//294 293//293
f 341//341 340//340 293//293
f 341//341 293//293 292//292
f 52//52 341//341 292//292
f 52//52 292//292 50//50
f 81//81 334//334 341//341
f 81//81 341//341 52//52
f 80//80 327//327 334//334
f 80//80 334//334 81//81
f 79//79 320//320 327//327
f 79//79 327//327 80//80
f 78//78 313//313 320//320
f 78//78 320//320 79//79
f 77//77 301//301 313//313
f 77//77 313//313 78//78
f 75//75 298//298 301//301
f 75//75 301//301 77//77
f 354//354 355//355 356//356
f 354//354 356//356 357//357
f 355//355 358//358 359//359
f 355//355 359//359 356//356
f 358//358 360//360 361//361
f 358//358 361//361 359//359
f 360//360 362//362 363//363
f 360//360 363//363 361//361
f 362//362 364//364 365//365
f 362//362 365//365 363//363
f 364//364 366//366 367//367
f 364//364 367//367 365//365
f 357//357 356//356 368//368
f 357//357 368//368 369//369
f 356//356 359//359 370//370
f 356//356 370//370 368//368
f 359//359 361//361 371//371
f 359//359 371//371 370//370
f 361//361 363//363 372//372
f 361//361 372//372 371//371
f 363//363 365//365 373//373
f 363//363 373//373 372//372
f 365//365 367//367 374//374
f 365//365 374//374 373//373
f 369//369 368//368 375//375
f 369//369 375//375 376//376
f 368//368 370//370 377//377
f 368//368 377//377 375//375
f 370//370 371//371 378//378
f 370//370 378//378 377//377
f 371//371 372//372 379//379
f 371//371 379//379 378//378
f 372//372 373//373 380//380
f 372//372 380//380 379//379
f 373//373 374//374 381//381
f 373//373 381//381 380//380
f 376//376 375//375 382//382
f 376//376 382//382 383//383
f 375//375 377//377 384//384
f 375//375 384//384 382//382
f 377//377 378//378 385//385
f 377//377 385//385 384//384
f 378//378 379//379 386//386
f 378//378 386//386 385//385
f 379//379 380//380 387//387
f 379//379 387//387 386//386
f 380//380 381//381 388//388
f 380//380 388//388 387//387
f 383//383 382//382 389//389
f 383//383 389//389 390//390
f 382//382 384//384 391//391
f 382//382 391//391 389//389
f 384//384 385//385 392//392
f 384//384 392//392 391//391
f 385//385 386//386 393//393
f 385//385 393//393 392//392
f 386//386 387//387 394//394
f 386//386 394//394 393//393
f 387//387 388//388 395//395
f 387//387 395//395 394//394
f 390//390 389//389 396//396
f 390//390 396//396 397//397
f 389//389 391//391 398//398
f 389//389 398//398 396//396
f 391//391 392//392 399//399
f 391//391 399//399 398//398
f 392//392 393//393 400//400
f 392//392 400//400 399//399
f 393//393 394//394 401//401
f 393//393 401//401 400//400
f 394//394 395//395 402//402
f 394//394 402//402 401//401
f 212//212 403//403 354//354
f 212//212 354//354 213//213
f 403//403 404//404 355//355
f 403//403 355//355 354//354
f 404//404 405//405 358//358
f 404//404 358//358 355//355
f 405//405 406//406 360//360
f 405//405 360//360 358//358
f 406//406 407//407 362//362
f 406//406 362//362 360//360
f 407//407 408//408 364//364
f 407//407 364//364 362//362
f 408//408 409//409 366//366
f 408//408 366//366 364//364
f 409//409 67//67 66//66
f 409//409 66//66 366//366
f 366//366 66//66 65//65
f 366//366 65//65 367//367
f 367//367 65//65 64//64
f 367//367 64//64 374//374
f 374//374 64//64 63//63
f 374//374 63//63 381//381
f 381//381 63//63 62//62
f 381//381 62//62 388//388
f 388//388 62//62 61//61
f 388//388 61//61 395//395
f 395//395 61//61 60//60
f 395//395 60//60 402//402
f 402//402 60//60 59//59
f 402//402 59//59 291//291
f 401//401 402//402 291//291
f 401//401 291//291 290//290
f 400//400 401//401 290//290
f 400//400 290//290 289//289
f 399//399 400//400 289//289
f 399//399 289//289 288//288
f 398//398 399//399 288//288
f 398//398 288//288 287//287
f 396//396 398//398 287//287
f 396//396 287//287 286//286
f 397//397 396//396 286//286
f 397//397 286//286 285//285
f 219//219 397//397 285//285
f 219//219 285//285 220//220
f 218//218 390//390 397//397
f 218//218 397//397 219//219
f 217//217 383//383 390//390
f 217//217 390//390 218//218
f 216//216 376//376 383//383
f 216//216 383//383 217//217
f 215//215 369//369 376//376
f 215//215 376//376 216//216
f 214//214 357//357 369//369
f 214//214 369//369 215//215
f 213//213 354//354 357//357
f 213//213 357//357 214//214
f 410//410 411//411 412//412
f 410//410 412//412 413//413
f 411//411 414//414 415//415
f 411//411 415//415 412//412
f 414//414 416//416 417//417
f 414//414 417//417 415//415
f 416//416 418//418 419//419
f 416//416 419//419 417//417
f 418//418 420//420 421//421
f 418//418 421//421 419//419
f 420//420 422//422 423//423
f 420//420 423//423 421//421
f 413//413 412//412 424//424
f 413//413 424//424 425//425
f 412//412 415//415 426//426
f 412//412 426//426 424//424
f 415//415 417//417 427//427
f 415//415 427//427 426//426
f 417//417 419//419 428//428
f 417//417 428//428 427//427
f 419//419 421//421 429//429
f 419//419 429//429 428//428
f 421//421 423//423 430//430
f 421//421 430//430 429//429
f 425//425 424//424 431//431
f 425//425 431//431 432//432
f 424//424 426//426 433//433
f 424//424 433//433 431//431
f 426//426 427//427 434//434
f 426//426 434//434 433//433
f 427//427 428//428 435//435
f 427//427 435//435 434//434
f 428//428 429//429 436//436
f 428//428 436//436 435//435
f 429//429 430//430 437//437
f 429//429 437//437 436//436
f 432//432 431//431 438//438
f 432//432 438//438 439//439
f 431//431 433//433 440//440
f 431//431 440//440 438//438
f 433//433 434//434 441//441
f 433//433 441//441 440//440
f 434//434 435//435 442//442
f 434//434 442//442 441//441
f 435//435 436//436 443//443
f 435//435 443//443 442//442
f 436//436 437//437 444//444
f 436//436 444//444 443//443
f 439//439 438//438 445//445
f 439//439 445//445 446//446
f 438//438 440//440 447//447
f 438//438 447//447 445//445
f 440//440 441//441 448//448
f 440//440 448//448 447//447
f 441//441 442//442 449//449
f 441//441 449//449 448//448
f 442//442 443//443 450//450
f 442//442 450//450 449//449
f 443//443 444//444 451//451
f 443//443 451//451 450//450
f 446//446 445//445 452//452
f 446//446 452//452 453//453
f 445//445 447//447 454//454
f 445//445 454//454 452//452
f 447//447 448//448 455//455
f 447//447 455//455 454//454
f 448//448 449//449 456//456
f 448//448 456//456 455//455
f 449//449 450//450 457//457
f 449//449 457//457 456//456
f 450//450 451//451 458//458
f 450//450 458//458 457//457
f 139//139 459//459 410//410
f 139//139 410//410 460//460
f 459//459 461//461 411//411
f 459//459 411//411 410//410
f 461//461 462//462 414//414
f 461//461 414//414 411//411
f 462//462 463//463 416//416
f 462//462 416//416 414//414
f 463//463 464//464 418//418
f 463//463 418//418 416//416
f 464//464 465//465 420//420
f 464//464 420//420 418//418
f 465//465 466//466 422//422
f 465//465 422//422 420//420
f 466//466 467//467 468//468
f 466//466 468//468 422//422
f 422//422 468//468 469//469
f 422//422 469//469 423//423
f 423//423 469//469 470//470
f 423//423 470//470 430//430
f 430//430 470//470 471//471
f 430//430 471//471 437//437
f 437//437 471//471 472//472
f 437//437 472//472 444//444
f 444//444 472//472 473//473
f 444//444 473//473 451//451
f 451//451 473//473 474//474
f 451//451 474//474 458//458
f 458//458 474//474 475//475
f 458//458 475//475 476//476
f 457//457 458//458 476//476
f 457//457 476//476 477//477
f 456//456 457//457 477//477
f 456//456 477//477 478//478
f 455//455 456//456 478//478
f 455//455 478//478 479//479
f 454//454 455//455 479//479
f 454//454 479//479 480//480
f 452//452 454//454 480//480
f 452//452 480//480 481//481
f 453//453 452//452 481//481
f 453//453 481//481 482//482
f 483//483 453//453 482//482
f 483//483 482//482 484//484
f 485//485 446//446 453//453
f 485//485 453//453 483//483
f 486//486 439//439 446//446
f 486//486 446//446 485//485
f 487//487 432//432 439//439
f 487//487 439//439 486//486
f 488//488 425//425 432//432
f 488//488 432//432 487//487
f 489//489 413//413 425//425
f 489//489 425//425 488//488
f 460//460 410//410 413//413
f 460//460 413//413 489//489
f 490//490 491//491 492//492
f 490//490 492//492 493//493
f 491//491 494//494 495//495
f 491//491 495//495 492//492
f 494//494 496//496 497//497
f 494//494 497//497 495//495
f 496//496 498//498 499//499
f 496//496 499//499 497//497
f 498//498 500//500 501//501
f 498//498 501//501 499//499
f 500//500 502//502 503//503
f 500//500 503//503 501//501
f 493//493 492//492 504//504
f 493//493 504//504 505//505
f 492//492 495//495 506//506
f 492//492 506//506 504//504
f 495//495 497//497 507//507
f 495//495 507//507 506//506
f 497//497 499//499 508//508
f 497//497 508//508 507//507
f 499//499 501//501 509//509
f 499//499 509//509 508//508
f 501//501 503//503 510//510
f 501//501 510//510 509//509
f 505//505 504//504 511//511
f 505//505 511//511 512//512
f 504//504 506//506 513//513
f 504//504 513//513 511//511
f 506//506 507//507 514//514
f 506//506 514//514 513//513
f 507//507 508//508 515//515
f 507//507 515//515 514//514
f 508//508 509//509 516//516
f 508//508 516//516 515//515
f 509//509 510//510 517//517
f 509//509 517//517 516//516
f 512//512 511//511 518//518
f 512//512 518//518 519//519
f 511//511 513//513 520//520
f 511//511 520//520 518//518
f 513//513 514//514 521//521
f 513//513 521//521 520//520
f 514//514 515//515 522//522
f 514//514 522//522 521//521
f 515//515 516//516 523//523
f 515//515 523//523 522//522
f 516//516 517//517 524//524
f 516//516 524//524 523//523
f 519//519 518//518 525//525
f 519//519 525//525 526//526
f 518//518 520//520 527//527
f 518//518 527//527 525//525
f 520//520 521//521 528//528
f 520//520 528//528 527//527
f 521//521 522//522 529//529
f 521//521 529//529 528//528
f 522//522 523//523 530//530
f 522//522 530//530 529//529
f 523//523 524//524 531//531
f 523//523 531//531 530//530
f 526//526 525//525 532//532
f 526//526 532//532 533//533
f 525//525 527//527 534//534
f 525//525 534//534 532//532
f 527//527 528//528 535//535
f 527//527 535//535 534//534
f 528//528 529//529 536//536
f 528//528 536//536 535//535
f 529//529 530//530 537//537
f 529//529 537//537 536//536
f 530//530 531//531 538//538
f 530//530 538//538 537//537
f 212//212 211//211 490//490
f 212//212 490//490 539//539
f 211//211 210//210 491//491
f 211//211 491//491 490//490
f 210//210 209//209 494//494
f 210//210 494//494 491//491
f 209//209 208//208 496//496
f 209//209 496//496 494//494
f 208//208 207//207 498//498
f 208//208 498//498 496//496
f 207//207 206//206 500//500
f 207//207 500//500 498//498
f 206//206 204//204 502//502
f 206//206 502//502 500//500
f 204//204 203//203 540//540
f 204//204 540//540 502//502
f 502//502 540//540 541//541
f 502//502 541//541 503//503
f 503//503 541//541 542//542
f 503//503 542//542 510//510
f 510//510 542//542 543//543
f 510//510 543//543 517//517
f 517//517 543//543 544//544
f 517//517 544//544 524//524
f 524//524 544//544 545//545
f 524//524 545//545 531//531
f 531//531 545//545 546//546
f 531//531 546//546 538//538
f 538//538 546//546 547//547
f 538//538 547//547 548//548
f 537//537 538//538 548//548
f 537//537 548//548 549//549
f 536//536 537//537 549//549
f 536//536 549//549 550//550
f 535//535 536//536 550//550
f 535//535 550//550 551//551
f 534//534 535//535 551//551
f 534//534 551//551 552//552
f 532//532 534//534 552//552
f 532//532 552//552 553//553
f 533//533 532//532 553//553
f 533//533 553//553 554//554
f 555//555 533//533 554//554
f 555//555 554//554 467//467
f 556//556 526//526 533//533
f 556//556 533//533 555//555
f 557//557 519//519 526//526
f 557//557 526//526 556//556
f 558//558 512//512 519//519
f 558//558 519//519 557//557
f 559//559 505//505 512//512
f 559//559 512//512 558//558
f 560//560 493//493 505//505
f 560//560 505//505 559//559
f 539//539 490//490 493//493
f 539//539 493//493 560//560
f 561//561 562//562 563//563
f 561//561 563//563 564//564
f 562//562 565//565 566//566
f 562//562 566//566 563//563
f 565//565 567//567 568//568
f 565//565 568//568 566//566
f 567//567 569//569 570//570
f 567//567 570//570 568//568
f 569//569 571//571 572//572
f 569//569 572//572 570//570
f 571//571 573//573 574//574
f 571//571 574//574 572//572
f 564//564 563//563 575//575
f 564//564 575//575 576//576
f 563//563 566//566 577//577
f 563//563 577//577 575//575
f 566//566 568//568 578//578
f 566//566 578//578 577//577
f 568//568 570//570 579//579
f 568//568 579//579 578//578
f 570//570 572//572 580//580
f 570//570 580//580 579//579
f 572//572 574//574 581//581
f 572//572 581//581 580//580
f 576//576 575//575 582//582
f 576//576 582//582 583//583
f 575//575 577//577 584//584
f 575//575 584//584 582//582
f 577//577 578//578 585//585
f 577//577 585//585 584//584
f 578//578 579//579 586//586
f 578//578 586//586 585//585
f 579//579 580//580 587//587
f 579//579 587//587 586//586
f 580//580 581//581 588//588
f 580//580 588//588 587//587
f 583//583 582//582 589//589
f 583//583 589//589 590//590
f 582//582 584//584 591//591
f 582//582 591//591 589//589
f 584//584 585//585 592//592
f 584//584 592//592 591//591
f 585//585 586//586 593//593
f 585//585 593//593 592//592
f 586//586 587//587 594//594
f 586//586 594//594 593//593
f 587//587 588//588 595//595
f 587//587 595//595 594//594
f 590//590 589//589 596//596
f 590//590 596//596 597//597
f 589//589 591//591 598//598
f 589//589 598//598 596//596
f 591//591 592//592 599//599
f 591//591 599//599 598//598
f 592//592 593//593 600//600
f 592//592 600//600 599//599
f 593//593 594//594 601//601
f 593//593 601//601 600//600
f 594//594 595//595 602//602
f 594//594 602//602 601//601
f 597//597 596//596 603//603
f 597//597 603//603 604//604
f 596//596 598//598 605//605
f 596//596 605//605 603//603
f 598//598 599//599 606//606
f 598//598 606//606 605//605
f 599//599 600//600 607//607
f 599//599 607//607 606//606
f 600//600 601//601 608//608
f 600//600 608//608 607//607
f 601//601 602//602 609//609
f 601//601 609//609 608//608
f 203//203 353//353 561//561
f 203//203 561//561 540//540
f 353//353 352//352 562//562
f 353//353 562//562 561//561
f 352//352 351//351 565//565
f 352//352 565//565 562//562
f 351//351 350//350 567//567
f 351//351 567//567 565//565
f 350//350 349//349 569//569
f 350//350 569//569 567//567
f 349//349 348//348 571//571
f 349//349 571//571 569//569
f 348//348 347//347 573//573
f 348//348 573//573 571//571
f 347//347 76//76 131//131
f 347//347 131//131 573//573
f 573//573 131//131 153//153
f 573//573 153//153 574//574
f 574//574 153//153 152//152
f 574//574 152//152 581//581
f 581//581 152//152 151//151
f 581//581 151//151 588//588
f 588//588 151//151 150//150
f 588//588 150//150 595//595
f 595//595 150//150 149//149
f 595//595 149//149 602//602
f 602//602 149//149 147//147
f 602//602 147//147 609//609
f 609//609 147//147 148//148
f 609//609 148//148 610//610
f 608//608 609//609 610//610
f 608//608 610//610 611//611
f 607//607 608//608 611//611
f 607//607 611//611 612//612
f 606//606 607//607 612//612
f 606//606 612//612 613//613
f 605//605 606//606 613//613
f 605//605 613//613 614//614
f 603//603 605//605 614//614
f 603//603 614//614 615//615
f 604//604 603//603 615//615
f 604//604 615//615 616//616
f 546//546 604//604 616//616
f 546//546 616//616 547//547
f 545//545 597//597 604//604
f 545//545 604//604 546//546
f 544//544 590//590 597//597
f 544//544 597//597 545//545
f 543//543 583//583 590//590
f 543//543 590//590 544//544
f 542//542 576//576 583//583
f 542//542 583//583 543//543
f 541//541 564//564 576//576
f 541//541 576//576 542//542
f 540//540 561//561 564//564
f 540//540 564//564 541//541
f 617//617 618//618 619//619
f 617//617 619//619 620//620
f 618//618 621//621 622//622
f 618//618 622//622 619//619
f 621//621 623//623 624//624
f 621//621 624//624 622//622
f 623//623 625//625 626//626
f 623//623 626//626 624//624
f 625//625 627//627 628//628
f 625//625 628//628 626//626
f 627//627 629//629 630//630
f 627//627 630//630 628//628
f 620//620 619//619 631//631
f 620//620 631//631 632//632
f 619//619 622//622 633//633
f 619//619 633//633 631//631
f 622//622 624//624 634//634
f 622//622 634//634 633//633
f 624//624 626//626 635//635
f 624//624 635//635 634//634
f 626//626 628//628 636//636
f 626//626 636//636 635//635
f 628//628 630//630 637//637
f 628//628 637//637 636//636
f 632//632 631//631 638//638
f 632//632 638//638 639//639
f 631//631 633//633 640//640
f 631//631 640//640 638//638
f 633//633 634//634 641//641
f 633//633 641//641 640//640
f 634//634 635//635 642//642
f 634//634 642//642 641//641
f 635//635 636//636 643//643
f 635//635 643//643 642//642
f 636//636 637//637 644//644
f 636//636 644//644 643//643
f 639//639 638//638 645//645
f 639//639 645//645 646//646
f 638//638 640//640 647//647
f 638//638 647//647 645//645
f 640//640 641//641 648//648
f 640//640 648//648 647//647
f 641//641 642//642 649//649
f 641//641 649//649 648//648
f 642//642 643//643 650//650
f 642//642 650//650 649//649
f 643//643 644//644 651//651
f 643//643 651//651 650//650
f 646//646 645//645 652//652
f 646//646 652//652 653//653
f 645//645 647//647 654//654
f 645//645 654//654 652//652
f 647//647 648//648 655//655
f 647//647 655//655 654//654
f 648//648 649//649 656//656
f 648//648 656//656 655//655
f 649//649 650//650 657//657
f 649//649 657//657 656//656
f 650//650 651//651 658//658
f 650//650 658//658 657//657
f 653//653 652//652 659//659
f 653//653 659//659 660//660
f 652//652 654//654 661//661
f 652//652 661//661 659//659
f 654//654 655//655 662//662
f 654//654 662//662 661//661
f 655//655 656//656 663//663
f 655//655 663//663 662//662
f 656//656 657//657 664//664
f 656//656 664//664 663//663
f 657//657 658//658 665//665
f 657//657 665//665 664//664
f 467//467 466//466 617//617
f 467//467 617//617 666//666
f 466//466 465//465 618//618
f 466//466 618//618 617//617
f 465//465 464//464 621//621
f 465//465 621//621 618//618
f 464//464 463//463 623//623
f 464//464 623//623 621//621
f 463//463 462//462 625//625
f 463//463 625//625 623//623
f 462//462 461//461 627//627
f 462//462 627//627 625//625
f 461//461 459//459 629//629
f 461//461 629//629 627//627
f 459//459 139//139 667//667
f 459//459 667//667 629//629
f 629//629 667//667 668//668
f 629//629 668//668 630//630
f 630//630 668//668 669//669
f 630//630 669//669 637//637
f 637//637 669//669 670//670
f 637//637 670//670 644//644
f 644//644 670//670 671//671
f 644//644 671//671 651//651
f 651//651 671//671 672//672
f 651//651 672//672 658//658
f 658//658 672//672 673//673
f 658//658 673//673 665//665
f 665//665 673//673 674//674
f 665//665 674//674 675//675
f 664//664 665//665 675//675
f 664//664 675//675 676//676
f 663//663 664//664 676//676
f 663//663 676//676 677//677
f 662//662 663//663 677//677
f 662//662 677//677 678//678
f 661//661 662//662 678//678
f 661//661 678//678 679//679
f 659//659 661//661 679//679
f 659//659 679//679 680//680
f 660//660 659//659 680//680
f 660//660 680//680 681//681
f 682//682 660//660 681//681
f 682//682 681//681 683//683
f 684//684 653//653 660//660
f 684//684 660//660 682//682
f 685//685 646//646 653//653
f 685//685 653//653 684//684
f 686//686 639//639 646//646
f 686//686 646//646 685//685
f 687//687 632//632 639//639
f 687//687 639//639 686//686
f 688//688 620//620 632//632
f 688//688 632//632 687//687
f 666//666 617//617 620//620
f 666//666 620//620 688//688
f 689//689 690//690 691//691
f 689//689 691//691 692//692
f 690//690 693//693 694//694
f 690//690 694//694 691//691
f 693//693 695//695 696//696
f 693//693 696//696 694//694
f 695//695 697//697 698//698
f 695//695 698//698 696//696
f 697//697 699//699 700//700
f 697//697 700//700 698//698
f 699//699 701//701 702//702
f 699//699 702//702 700//700
f 692//692 691//691 703//703
f 692//692 703//703 704//704
f 691//691 694//694 705//705
f 691//691 705//705 703//703
f 694//694 696//696 706//706
f 694//694 706//706 705//705
f 696//696 698//698 707//707
f 696//696 707//707 706//706
f 698//698 700//700 708//708
f 698//698 708//708 707//707
f 700//700 702//702 709//709
f 700//700 709//709 708//708
f 704//704 703//703 710//710
f 704//704 710//710 711//711
f 703//703 705//705 712//712
f 703//703 712//712 710//710
f 705//705 706//706 713//713
f 705//705 713//713 712//712
f 706//706 707//707 714//714
f 706//706 714//714 713//713
f 707//707 708//708 715//715
f 707//707 715//715 714//714
f 708//708 709//709 716//716
f 708//708 716//716 715//715
f 711//711 710//710 717//717
f 711//711 717//717 718//718
f 710//710 712//712 719//719
f 710//710 719//719 717//717
f 712//712 713//713 720//720
f 712//712 720//720 719//719
f 713//713 714//714 721//721
f 713//713 721//721 720//720
f 714//714 715//715 722//722
f 714//714 722//722 721//721
f 715//715 716//716 723//723
f 715//715 723//723 722//722
f 718//718 717//717 724//724
f 718//718 724//724 725//725
f 717//717 719//719 726//726
f 717//717 726//726 724//724
f 719//719 720//720 727//727
f 719//719 727//727 726//726
f 720//720 721//721 728//728
f 720//720 728//728 727//727
f 721//721 722//722 729//729
f 721//721 729//729 728//728
f 722//722 723//723 730//730
f 722//722 730//730 729//729
f 725//725 724//724 731//731
f 725//725 731//731 732//732
f 724//724 726//726 733//733
f 724//724 733//733 731//731
f 726//726 727//727 734//734
f 726//726 734//734 733//733
f 727//727 728//728 735//735
f 727//727 735//735 734//734
f 728//728 729//729 736//736
f 728//728 736//736 735//735
f 729//729 730//730 737//737
f 729//729 737//737 736//736
f 738//738 739//739 689//689
f 738//738 689//689 740//740
f 739//739 741//741 690//690
f 739//739 690//690 689//689
f 741//741 742//742 693//693
f 741//741 693//693 690//690
f 742//742 743//743 695//695
f 742//742 695//695 693//693
f 743//743 744//744 697//697
f 743//743 697//697 695//695
f 744//744 745//745 699//699
f 744//744 699//699 697//697
f 745//745 746//746 701//701
f 745//745 701//701 699//699
f 746//746 484//484 482//482
f 746//746 482//482 701//701
f 701//701 482//482 481//481
f 701//701 481//481 702//702
f 702//702 481//481 480//480
f 702//702 480//480 709//709
f 709//709 480//480 479//479
f 709//709 479//479 716//716
f 716//716 479//479 478//478
f 716//716 478//478 723//723
f 723//723 478//478 477//477
f 723//723 477//477 730//730
f 730//730 477//477 476//476
f 730//730 476//476 737//737
f 737//737 476//476 475//475
f 737//737 475//475 747//747
f 736//736 737//737 747//747
f 736//736 747//747 748//748
f 735//735 736//736 748//748
f 735//735 748//748 749//749
f 734//734 735//735 749//749
f 734//734 749//749 750//750
f 733//733 734//734 750//750
f 733//733 750//750 751//751
f 731//731 733//733 751//751
f 731//731 751//751 752//752
f 732//732 731//731 752//752
f 732//732 752//752 753//753
f 754//754 732//732 753//753
f 754//754 753//753 755//755
f 756//756 725//725 732//732
f 756//756 732//732 754//754
f 757//757 718//718 725//725
f 757//757 725//725 756//756
f 758//758 711//711 718//718
f 758//758 718//718 757//757
f 759//759 704//704 711//711
f 759//759 711//711 758//758
f 760//760 692//692 704//704
f 760//760 704//704 759//759
f 740//740 689//689 692//692
f 740//740 692//692 760//760
f 761//761 762//762 763//763
f 761//761 763//763 764//764
f 762//762 765//765 766//766
f 762//762 766//766 763//763
f 765//765 767//767 768//768
f 765//765 768//768 766//766
f 767//767 769//769 770//770
f 767//767 770//770 768//768
f 769//769 771//771 772//772
f 769//769 772//772 770//770
f 771//771 773//773 774//774
f 771//771 774//774 772//772
f 764//764 763//763 775//775
f 764//764 775//775 776//776
f 763//763 766//766 777//777
f 763//763 777//777 775//775
f 766//766 768//768 778//778
f 766//766 778//778 777//777
f 768//768 770//770 779//779
f 768//768 779//779 778//778
f 770//770 772//772 780//780
f 770//770 780//780 779//779
f 772//772 774//774 781//781
f 772//772 781//781 780//780
f 776//776 775//775 782//782
f 776//776 782//782 783//783
f 775//775 777//777 784//784
f 775//775 784//784 782//782
f 777//777 778//778 785//785
f 777//777 785//785 784//784
f 778//778 779//779 786//786
f 778//778 786//786 785//785
f 779//779 780//780 787//787
f 779//779 787//787 786//786
f 780//780 781//781 788//788
f 780//780 788//788 787//787
f 783//783 782//782 789//789
f 783//783 789//789 790//790
f 782//782 784//784 791//791
f 782//782 791//791 789//789
f 784//784 785//785 792//792
f 784//784 792//792 791//791
f 785//785 786//786 793//793
f 785//785 793//793 792//792
f 786//786 787//787 794//794
f 786//786 794//794 793//793
f 787//787 788//788 795//795
f 787//787 795//795 794//794
f 790//790 789//789 796//796
f 790//790 796//796 797//797
f 789//789 791//791 798//798
f 789//789 798//798 796//796
f 791//791 792//792 799//799
f 791//791 799//799 798//798
f 792//792 793//793 800//800
f 792//792 800//800 799//799
f 793//793 794//794 801//801
f 793//793 801//801 800//800
f 794//794 795//795 802//802
f 794//794 802//802 801//801
f 797//797 796//796 803//803
f 797//797 803//803 804//804
f 796//796 798//798 805//805
f 796//796 805//805 803//803
f 798//798 799//799 806//806
f 798//798 806//806 805//805
f 799//799 800//800 807//807
f 799//799 807//807 806//806
f 800//800 801//801 808//808
f 800//800 808//808 807//807
f 801//801 802//802 809//809
f 801//801 809//809 808//808
f 148//148 146//146 761//761
f 148//148 761//761 810//810
f 146//146 145//145 762//762
f 146//146 762//762 761//761
f 145//145 144//144 765//765
f 145//145 765//765 762//762
f 144//144 143//143 767//767
f 144//144 767//767 765//765
f 143//143 142//142 769//769
f 143//143 769//769 767//767
f 142//142 141//141 771//771
f 142//142 771//771 769//769
f 141//141 140//140 773//773
f 141//141 773//773 771//771
f 140//140 139//139 460//460
f 140//140 460//460 773//773
f 773//773 460//460 489//489
f 773//773 489//489 774//774
f 774//774 489//489 488//488
f 774//774 488//488 781//781
f 781//781 488//488 487//487
f 781//781 487//487 788//788
f 788//788 487//487 486//486
f 788//788 486//486 795//795
f 795//795 486//486 485//485
f 795//795 485//485 802//802
f 802//802 485//485 483//483
f 802//802 483//483 809//809
f 809//809 483//483 484//484
f 809//809 484//484 746//746
f 808//808 809//809 746//746
f 808//808 746//746 745//745
f 807//807 808//808 745//745
f 807//807 745//745 744//744
f 806//806 807//807 744//744
f 806//806 744//744 743//743
f 805//805 806//806 743//743
f 805//805 743//743 742//742
f 803//803 805//805 742//742
f 803//803 742//742 741//741
f 804//804 803//803 741//741
f 804//804 741//741 739//739
f 811//811 804//804 739//739
f 811//811 739//739 738//738
f 812//812 797//797 804//804
f 812//812 804//804 811//811
f 813//813 790//790 797//797
f 813//813 797//797 812//812
f 814//814 783//783 790//790
f 814//814 790//790 813//813
f 815//815 776//776 783//783
f 815//815 783//783 814//814
f 816//816 764//764 776//776
f 816//816 776//776 815//815
f 810//810 761//761 764//764
f 810//810 764//764 816//816
f 817//817 818//818 819//819
f 817//817 819//819 820//820
f 818//818 821//821 822//822
f 818//818 822//822 819//819
f 821//821 823//823 824//824
f 821//821 824//824 822//822
f 823//823 825//825 826//826
f 823//823 826//826 824//824
f 825//825 827//827 828//828
f 825//825 828//828 826//826
f 827//827 829//829 830//830
f 827//827 830//830 828//828
f 820//820 819//819 831//831
f 820//820 831//831 832//832
f 819//819 822//822 833//833
f 819//819 833//833 831//831
f 822//822 824//824 834//834
f 822//822 834//834 833//833
f 824//824 826//826 835//835
f 824//824 835//835 834//834
f 826//826 828//828 836//836
f 826//826 836//836 835//835
f 828//828 830//830 837//837
f 828//828 837//837 836//836
f 832//832 831//831 838//838
f 832//832 838//838 839//839
f 831//831 833//833 840//840
f 831//831 840//840 838//838
f 833//833 834//834 841//841
f 833//833 841//841 840//840
f 834//834 835//835 842//842
f 834//834 842//842 841//841
f 835//835 836//836 843//843
f 835//835 843//843 842//842
f 836//836 837//837 844//844
f 836//836 844//844 843//843
f 839//839 838//838 845//845
f 839//839 845//845 846//846
f 838//838 840//840 847//847
f 838//838 847//847 845//845
f 840//840 841//841 848//848
f 840//840 848//848 847//847
f 841//841 842//842 849//849
f 841//841 849//849 848//848
f 842//842 843//843 850//850
f 842//842 850//850 849//849
f 843//843 844//844 851//851
f 843//843 851//851 850//850
f 846//846 845//845 852//852
f 846//846 852//852 853//853
f 845//845 847//847 854//854
f 845//845 854//854 852//852
f 847//847 848//848 855//855
f 847//847 855//855 854//854
f 848//848 849//849 856//856
f 848//848 856//856 855//855
f 849//849 850//850 857//857
f 849//849 857//857 856//856
f 850//850 851//851 858//858
f 850//850 858//858 857//857
f 853//853 852//852 859//859
f 853//853 859//859 860//860
f 852//852 854//854 861//861
f 852//852 861//861 859//859
f 854//854 855//855 862//862
f 854//854 862//862 861//861
f 855//855 856//856 863//863
f 855//855 863//863 862//862
f 856//856 857//857 864//864
f 856//856 864//864 863//863
f 857//857 858//858 865//865
f 857//857 865//865 864//864
f 467//467 554//554 817//817
f 467//467 817//817 468//468
f 554//554 553//553 818//818
f 554//554 818//818 817//817
f 553//553 552//552 821//821
f 553//553 821//821 818//818
f 552//552 551//551 823//823
f 552//552 823//823 821//821
f 551//551 550//550 825//825
f 551//551 825//825 823//823
f 550//550 549//549 827//827
f 550//550 827//827 825//825
f 549//549 548//548 829//829
f 549//549 829//829 827//827
f 548//548 547//547 866//866
f 548//548 866//866 829//829
f 829//829 866//866 867//867
f 829//829 867//867 830//830
f 830//830 867//867 868//868
f 830//830 868//868 837//837
f 837//837 868//868 869//869
f 837//837 869//869 844//844
f 844//844 869//869 870//870
f 844//844 870//870 851//851
f 851//851 870//870 871//871
f 851//851 871//871 858//858
f 858//858 871//871 872//872
f 858//858 872//872 865//865
f 865//865 872//872 755//755
f 865//865 755//755 753//753
f 864//864 865//865 753//753
f 864//864 753//753 752//752
f 863//863 864//864 752//752
f 863//863 752//752 751//751
f 862//862 863//863 751//751
f 862//862 751//751 750//750
f 861//861 862//862 750//750
f 861//861 750//750 749//749
f 859//859 861//861 749//749
f 859//859 749//749 748//748
f 860//860 859//859 748//748
f 860//860 748//748 747//747
f 474//474 860//860 747//747
f 474//474 747//747 475//475
f 473//473 853//853 860//860
f 473//473 860//860 474//474
f 472//472 846//846 853//853
f 472//472 853//853 473//473
f 471//471 839//839 846//846
f 471//471 846//846 472//472
f 470//470 832//832 839//839
f 470//470 839//839 471//471
f 469//469 820//820 832//832
f 469//469 832//832 470//470
f 468//468 817//817 820//820
f 468//468 820//820 469//469
f 873//873 874//874 875//875
f 873//873 875//875 876//876
f 874//874 877//877 878//878
f 874//874 878//878 875//875
f 877//877 879//879 880//880
f 877//877 880//880 878//878
f 879//879 881//881 882//882
f 879//879 882//882 880//880
f 881//881 883//883 884//884
f 881//881 884//884 882//882
f 883//883 885//885 886//886
f 883//883 886//886 884//884
f 876//876 875//875 887//887
f 876//876 887//887 888//888
f 875//875 878//878 889//889
f 875//875 889//889 887//887
f 878//878 880//880 890//890
f 878//878 890//890 889//889
f 880//880 882//882 891//891
f 880//880 891//891 890//890
f 882//882 884//884 892//892
f 882//882 892//892 891//891
f 884//884 886//886 893//893
f 884//884 893//893 892//892
f 888//888 887//887 894//894
f 888//888 894//894 895//895
f 887//887 889//889 896//896
f 887//887 896//896 894//894
f 889//889 890//890 897//897
f 889//889 897//897 896//896
f 890//890 891//891 898//898
f 890//890 898//898 897//897
f 891//891 892//892 899//899
f 891//891 899//899 898//898
f 892//892 893//893 900//900
f 892//892 900//900 899//899
f 895//895 894//894 901//901
f 895//895 901//901 902//902
f 894//894 896//896 903//903
f 894//894 903//903 901//901
f 896//896 897//897 904//904
f 896//896 904//904 903//903
f 897//897 898//898 905//905
f 897//897 905//905 904//904
f 898//898 899//899 906//906
f 898//898 906//906 905//905
f 899//899 900//900 907//907
f 899//899 907//907 906//906
f 902//902 901//901 908//908
f 902//902 908//908 909//909
f 901//901 903//903 910//910
f 901//901 910//910 908//908
f 903//903 904//904 911//911
f 903//903 911//911 910//910
f 904//904 905//905 912//912
f 904//904 912//912 911//911
f 905//905 906//906 913//913
f 905//905 913//913 912//912
f 906//906 907//907 914//914
f 906//906 914//914 913//913
f 909//909 908//908 915//915
f 909//909 915//915 916//916
f 908//908 910//910 917//917
f 908//908 917//917 915//915
f 910//910 911//911 918//918
f 910//910 918//918 917//917
f 911//911 912//912 919//919
f 911//911 919//919 918//918
f 912//912 913//913 920//920
f 912//912 920//920 919//919
f 913//913 914//914 921//921
f 913//913 921//921 920//920
f 547//547 616//616 873//873
f 547//547 873//873 866//866
f 616//616 615//615 874//874
f 616//616 874//874 873//873
f 615//615 614//614 877//877
f 615//615 877//877 874//874
f 614//614 613//613 879//879
f 614//614 879//879 877//877
f 613//613 612//612 881//881
f 613//613 881//881 879//879
f 612//612 611//611 883//883
f 612//612 883//883 881//881
f 611//611 610//610 885//885
f 611//611 885//885 883//883
f 610//610 148//148 810//810
f 610//610 810//810 885//885
f 885//885 810//810 816//816
f 885//885 816//816 886//886
f 886//886 816//816 815//815
f 886//886 815//815 893//893
f 893//893 815//815 814//814
f 893//893 814//814 900//900
f 900//900 814//814 813//813
f 900//900 813//813 907//907
f 907//907 813//813 812//812
f 907//907 812//812 914//914
f 914//914 812//812 811//811
f 914//914 811//811 921//921
f 921//921 811//811 738//738
f 921//921 738//738 740//740
f 920//920 921//921 740//740
f 920//920 740//740 760//760
f 919//919 920//920 760//760
f 919//919 760//760 759//759
f 918//918 919//919 759//759
f 918//918 759//759 758//758
f 917//917 918//918 758//758
f 917//917 758//758 757//757
f 915//915 917//917 757//757
f 915//915 757//757 756//756
f 916//916 915//915 756//756
f 916//916 756//756 754//754
f 872//872 916//916 754//754
f 872//872 754//754 755//755
f 871//871 909//909 916//916
f 871//871 916//916 872//872
f 870//870 902//902 909//909
f 870//870 909//909 871//871
f 869//869 895//895 902//902
f 869//869 902//902 870//870
f 868//868 888//888 895//895
f 868//868 895//895 869//869
f 867//867 876//876 888//888
f 867//867 888//888 868//868
f 866//866 873//873 876//876
f 866//866 876//876 867//867
f 922//922 923//923 924//924
f 922//922 924//924 925//925
f 923//923 926//926 927//927
f 923//923 927//927 924//924
f 926//926 928//928 929//929
f 926//926 929//929 927//927
f 928//928 930//930 931//931
f 928//928 931//931 929//929
f 930//930 932//932 933//933
f 930//930 933//933 931//931
f 932//932 934//934 935//935
f 932//932 935//935 933//933
f 925//925 924//924 936//936
f 925//925 936//936 937//937
f 924//924 927//927 938//938
f 924//924 938//938 936//936
f 927//927 929//929 939//939
f 927//927 939//939 938//938
f 929//929 931//931 940//940
f 929//929 940//940 939//939
f 931//931 933//933 941//941
f 931//931 941//941 940//940
f 933//933 935//935 942//942
f 933//933 942//942 941//941
f 937//937 936//936 943//943
f 937//937 943//943 944//944
f 936//936 938//938 945//945
f 936//936 945//945 943//943
f 938//938 939//939 946//946
f 938//938 946//946 945//945
f 939//939 940//940 947//947
f 939//939 947//947 946//946
f 940//940 941//941 948//948
f 940//940 948//948 947//947
f 941//941 942//942 949//949
f 941//941 949//949 948//948
f 944//944 943//943 950//950
f 944//944 950//950 951//951
f 943//943 945//945 952//952
f 943//943 952//952 950//950
f 945//945 946//946 953//953
f 945//945 953//953 952//952
f 946//946 947//947 954//954
f 946//946 954//954 953//953
f 947//947 948//948 955//955
f 947//947 955//955 954//954
f 948//948 949//949 956//956
f 948//948 956//956 955//955
f 951//951 950//950 957//957
f 951//951 957//957 958//958
f 950//950 952//952 959//959
f 950//950 959//959 957//957
f 952//952 953//953 960//960
f 952//952 960//960 959//959
f 953//953 954//954 961//961
f 953//953 961//961 960//960
f 954//954 955//955 962//962
f 954//954 962//962 961//961
f 955//955 956//956 963//963
f 955//955 963//963 962//962
f 958//958 957//957 964//964
f 958//958 964//964 965//965
f 957//957 959//959 966//966
f 957//957 966//966 964//964
f 959//959 960//960 967//967
f 959//959 967//967 966//966
f 960//960 961//961 968//968
f 960//960 968//968 967//967
f 961//961 962//962 969//969
f 961//961 969//969 968//968
f 962//962 963//963 970//970
f 962//962 970//970 969//969
f 971//971 972//972 922//922
f 971//971 922//922 973//973
f 972//972 974//974 923//923
f 972//972 923//923 922//922
f 974//974 975//975 926//926
f 974//974 926//926 923//923
f 975//975 976//976 928//928
f 975//975 928//928 926//926
f 976//976 977//977 930//930
f 976//976 930//930 928//928
f 977//977 978//978 932//932
f 977//977 932//932 930//930
f 978//978 979//979 934//934
f 978//978 934//934 932//932
f 979//979 980//980 981//981
f 979//979 981//981 934//934
f 934//934 981//981 982//982
f 934//934 982//982 935//935
f 935//935 982//982 983//983
f 935//935 983//983 942//942
f 942//942 983//983 984//984
f 942//942 984//984 949//949
f 949//949 984//984 985//985
f 949//949 985//985 956//956
f 956//956 985//985 986//986
f 956//956 986//986 963//963
f 963//963 986//986 987//987
f 963//963 987//987 970//970
f 970//970 987//987 683//683
f 970//970 683//683 681//681
f 969//969 970//970 681//681
f 969//969 681//681 680//680
f 968//968 969//969 680//680
f 968//968 680//680 679//679
f 967//967 968//968 679//679
f 967//967 679//679 678//678
f 966//966 967//967 678//678
f 966//966 678//678 677//677
f 964//964 966//966 677//677
f 964//964 677//677 676//676
f 965//965 964//964 676//676
f 965//965 676//676 675//675
f 988//988 965//965 675//675
f 988//988 675//675 674//674
f 989//989 958//958 965//965
f 989//989 965//965 988//988
f 990//990 951//951 958//958
f 990//990 958//958 989//989
f 991//991 944//944 951//951
f 991//991 951//951 990//990
f 992//992 937//937 944//944
f 992//992 944//944 991//991
f 993//993 925//925 937//937
f 993//993 937//937 992//992
f 973//973 922//922 925//925
f 973//973 925//925 993//993
f 994//994 995//995 996//996
f 994//994 996//996 997//997
f 995//995 998//998 999//999
f 995//995 999//999 996//996
f 998//998 1000//1000 1001//1001
f 998//998 1001//1001 999//999
f 1000//1000 1002//1002 1003//1003
f 1000//1000 1003//1003 1001//1001
f 1002//1002 1004//1004 1005//1005
f 1002//1002 1005//1005 1003//1003
f 1004//1004 1006//1006 1007//1007
f 1004//1004 1007//1007 1005//1005
f 997//997 996//996 1008//1008
f 997//997 1008//1008 1009//1009
f 996//996 999//999 1010//1010
f 996//996 1010//1010 1008//1008
f 999//999 1001//1001 1011//1011
f 999//999 1011//1011 1010//1010
f 1001//1001 1003//1003 1012//1012
f 1001//1001 1012//1012 1011//1011
f 1003//1003 1005//1005 1013//1013
f 1003//1003 1013//1013 1012//1012
f 1005//1005 1007//1007 1014//1014
f 1005//1005 1014//1014 1013//1013
f 1009//1009 1008//1008 1015//1015
f 1009//1009 1015//1015 1016//1016
f 1008//1008 1010//1010 1017//1017
f 1008//1008 1017//1017 1015//1015
f 1010//1010 1011//1011 1018//1018
f 1010//1010 1018//1018 1017//1017
f 1011//1011 1012//1012 1019//1019
f 1011//1011 1019//1019 1018//1018
f 1012//1012 1013//1013 1020//1020
f 1012//1012 1020//1020 1019//1019
f 1013//1013 1014//1014 1021//1021
f 1013//1013 1021//1021 1020//1020
f 1016//1016 1015//1015 1022//1022
f 1016//1016 1022//1022 1023//1023
f 1015//1015 1017//1017 1024//1024
f 1015//1015 1024//1024 1022//1022
f 1017//1017 1018//1018 1025//1025
f 1017//1017 1025//1025 1024//1024
f 1018//1018 1019//1019 1026//1026
f 1018//1018 1026//1026 1025//1025
f 1019//1019 1020//1020 1027//1027
f 1019//1019 1027//1027 1026//1026
f 1020//1020 1021//1021 1028//1028
f 1020//1020 1028//1028 1027//1027
f 1023//1023 1022//1022 1029//1029
f 1023//1023 1029//1029 1030//1030
f 1022//1022 1024//1024 1031//1031
f 1022//1022 1031//1031 1029//1029
f 1024//1024 1025//1025 1032//1032
f 1024//1024 1032//1032 1031//1031
f 1025//1025 1026//1026 1033//1033
f 1025//1025 1033//1033 1032//1032
f 1026//1026 1027//1027 1034//1034
f 1026//1026 1034//1034 1033//1033
f 1027//1027 1028//1028 1035//1035
f 1027//1027 1035//1035 1034//1034
f 1030//1030 1029//1029 1036//1036
f 1030//1030 1036//1036 1037//1037
f 1029//1029 1031//1031 1038//1038
f 1029//1029 1038//1038 1036//1036
f 1031//1031 1032//1032 1039//1039
f 1031//1031 1039//1039 1038//1038
f 1032//1032 1033//1033 1040//1040
f 1032//1032 1040//1040 1039//1039
f 1033//1033 1034//1034 1041//1041
f 1033//1033 1041//1041 1040//1040
f 1034//1034 1035//1035 1042//1042
f 1034//1034 1042//1042 1041//1041
f 212//212 539//539 994//994
f 212//212 994//994 1043//1043
f 539//539 560//560 995//995
f 539//539 995//995 994//994
f 560//560 559//559 998//998
f 560//560 998//998 995//995
f 559//559 558//558 1000//1000
f 559//559 1000//1000 998//998
f 558//558 557//557 1002//1002
f 558//558 1002//1002 1000//1000
f 557//557 556//556 1004//1004
f 557//557 1004//1004 1002//1002
f 556//556 555//555 1006//1006
f 556//556 1006//1006 1004//1004
f 555//555 467//467 666//666
f 555//555 666//666 1006//1006
f 1006//1006 666//666 688//688
f 1006//1006 688//688 1007//1007
f 1007//1007 688//688 687//687
f 1007//1007 687//687 1014//1014
f 1014//1014 687//687 686//686
f 1014//1014 686//686 1021//1021
f 1021//1021 686//686 685//685
f 1021//1021 685//685 1028//1028
f 1028//1028 685//685 684//684
f 1028//1028 684//684 1035//1035
f 1035//1035 684//684 682//682
f 1035//1035 682//682 1042//1042
f 1042//1042 682//682 683//683
f 1042//1042 683//683 987//987
f 1041//1041 1042//1042 987//987
f 1041//1041 987//987 986//986
f 1040//1040 1041//1041 986//986
f 1040//1040 986//986 985//985
f 1039//1039 1040//1040 985//985
f 1039//1039 985//985 984//984
f 1038//1038 1039//1039 984//984
f 1038//1038 984//984 983//983
f 1036//1036 1038//1038 983//983
f 1036//1036 983//983 982//982
f 1037//1037 1036//1036 982//982
f 1037//1037 982//982 981//981
f 1044//1044 1037//1037 981//981
f 1044//1044 981//981 980//980
f 1045//1045 1030//1030 1037//1037
f 1045//1045 1037//1037 1044//1044
f 1046//1046 1023//1023 1030//1030
f 1046//1046 1030//1030 1045//1045
f 1047//1047 1016//1016 1023//1023
f 1047//1047 1023//1023 1046//1046
f 1048//1048 1009//1009 1016//1016
f 1048//1048 1016//1016 1047//1047
f 1049//1049 997//997 1009//1009
f 1049//1049 1009//1009 1048//1048
f 1043//1043 994//994 997//997
f 1043//1043 997//997 1049//1049
f 1050//1050 1051//1051 1052//1052
f 1050//1050 1052//1052 1053//1053
f 1051//1051 1054//1054 1055//1055
f 1051//1051 1055//1055 1052//1052
f 1054//1054 1056//1056 1057//1057
f 1054//1054 1057//1057 1055//1055
f 1056//1056 1058//1058 1059//1059
f 1056//1056 1059//1059 1057//1057
f 1058//1058 1060//1060 1061//1061
f 1058//1058 1061//1061 1059//1059
f 1060//1060 1062//1062 1063//1063
f 1060//1060 1063//1063 1061//1061
f 1053//1053 1052//1052 1064//1064
f 1053//1053 1064//1064 1065//1065
f 1052//1052 1055//1055 1066//1066
f 1052//1052 1066//1066 1064//1064
f 1055//1055 1057//1057 1067//1067
f 1055//1055 1067//1067 1066//1066
f 1057//1057 1059//1059 1068//1068
f 1057//1057 1068//1068 1067//1067
f 1059//1059 1061//1061 1069//1069
f 1059//1059 1069//1069 1068//1068
f 1061//1061 1063//1063 1070//1070
f 1061//1061 1070//1070 1069//1069
f 1065//1065 1064//1064 1071//1071
f 1065//1065 1071//1071 1072//1072
f 1064//1064 1066//1066 1073//1073
f 1064//1064 1073//1073 1071//1071
f 1066//1066 1067//1067 1074//1074
f 1066//1066 1074//1074 1073//1073
f 1067//1067 1068//1068 1075//1075
f 1067//1067 1075//1075 1074//1074
f 1068//1068 1069//1069 1076//1076
f 1068//1068 1076//1076 1075//1075
f 1069//1069 1070//1070 1077//1077
f 1069//1069 1077//1077 1076//1076
f 1072//1072 1071//1071 1078//1078
f 1072//1072 1078//1078 1079//1079
f 1071//1071 1073//1073 1080//1080
f 1071//1071 1080//1080 1078//1078
f 1073//1073 1074//1074 1081//1081
f 1073//1073 1081//1081 1080//1080
f 1074//1074 1075//1075 1082//1082
f 1074//1074 1082//1082 1081//1081
f 1075//1075 1076//1076 1083//1083
f 1075//1075 1083//1083 1082//1082
f 1076//1076 1077//1077 1084//1084
f 1076//1076 1084//1084 1083//1083
f 1079//1079 1078//1078 1085//1085
f 1079//1079 1085//1085 1086//1086
f 1078//1078 1080//1080 1087//1087
f 1078//1078 1087//1087 1085//1085
f 1080//1080 1081//1081 1088//1088
f 1080//1080 1088//1088 1087//1087
f 1081//1081 1082//1082 1089//1089
f 1081//1081 1089//1089 1088//1088
f 1082//1082 1083//1083 1090//1090
f 1082//1082 1090//1090 1089//1089
f 1083//1083 1084//1084 1091//1091
f 1083//1083 1091//1091 1090//1090
f 1086//1086 1085//1085 1092//1092
f 1086//1086 1092//1092 1093//1093
f 1085//1085 1087//1087 1094//1094
f 1085//1085 1094//1094 1092//1092
f 1087//1087 1088//1088 1095//1095
f 1087//1087 1095//1095 1094//1094
f 1088//1088 1089//1089 1096//1096
f 1088//1088 1096//1096 1095//1095
f 1089//1089 1090//1090 1097//1097
f 1089//1089 1097//1097 1096//1096
f 1090//1090 1091//1091 1098//1098
f 1090//1090 1098//1098 1097//1097
f 67//67 409//409 1050//1050
f 67//67 1050//1050 1099//1099
f 409//409 408//408 1051//1051
f 409//409 1051//1051 1050//1050
f 408//408 407//407 1054//1054
f 408//408 1054//1054 1051//1051
f 407//407 406//406 1056//1056
f 407//407 1056//1056 1054//1054
f 406//406 405//405 1058//1058
f 406//406 1058//1058 1056//1056
f 405//405 404//404 1060//1060
f 405//405 1060//1060 1058//1058
f 404//404 403//403 1062//1062
f 404//404 1062//1062 1060//1060
f 403//403 212//212 1043//1043
f 403//403 1043//1043 1062//1062
f 1062//1062 1043//1043 1049//1049
f 1062//1062 1049//1049 1063//1063
f 1063//1063 1049//1049 1048//1048
f 1063//1063 1048//1048 1070//1070
f 1070//1070 1048//1048 1047//1047
f 1070//1070 1047//1047 1077//1077
f 1077//1077 1047//1047 1046//1046
f 1077//1077 1046//1046 1084//1084
f 1084//1084 1046//1046 1045//1045
f 1084//1084 1045//1045 1091//1091
f 1091//1091 1045//1045 1044//1044
f 1091//1091 1044//1044 1098//1098
f 1098//1098 1044//1044 980//980
f 1098//1098 980//980 979//979
f 1097//1097 1098//1098 979//979
f 1097//1097 979//979 978//978
f 1096//1096 1097//1097 978//978
f 1096//1096 978//978 977//977
f 1095//1095 1096//1096 977//977
f 1095//1095 977//977 976//976
f 1094//1094 1095//1095 976//976
f 1094//1094 976//976 975//975
f 1092//1092 1094//1094 975//975
f 1092//1092 975//975 974//974
f 1093//1093 1092//1092 974//974
f 1093//1093 974//974 972//972
f 1100//1100 1093//1093 972//972
f 1100//1100 972//972 971//971
f 1101//1101 1086//1086 1093//1093
f 1101//1101 1093//1093 1100//1100
f 1102//1102 1079//1079 1086//1086
f 1102//1102 1086//1086 1101//1101
f 1103//1103 1072//1072 1079//1079
f 1103//1103 1079//1079 1102//1102
f 1104//1104 1065//1065 1072//1072
f 1104//1104 1072//1072 1103//1103
f 1105//1105 1053//1053 1065//1065
f 1105//1105 1065//1065 1104//1104
f 1099//1099 1050//1050 1053//1053
f 1099//1099 1053//1053 1105//1105
f 1106//1106 1107//1107 1108//1108
f 1106//1106 1108//1108 1109//1109
f 1107//1107 1110//1110 1111//1111
f 1107//1107 1111//1111 1108//1108
f 1110//1110 1112//1112 1113//1113
f 1110//1110 1113//1113 1111//1111
f 1112//1112 1114//1114 1115//1115
f 1112//1112 1115//1115 1113//1113
f 1114//1114 1116//1116 1117//1117
f 1114//1114 1117//1117 1115//1115
f 1116//1116 1118//1118 1119//1119
f 1116//1116 1119//1119 1117//1117
f 1109//1109 1108//1108 1120//1120
f 1109//1109 1120//1120 1121//1121
f 1108//1108 1111//1111 1122//1122
f 1108//1108 1122//1122 1120//1120
f 1111//1111 1113//1113 1123//1123
f 1111//1111 1123//1123 1122//1122
f 1113//1113 1115//1115 1124//1124
f 1113//1113 1124//1124 1123//1123
f 1115//1115 1117//1117 1125//1125
f 1115//1115 1125//1125 1124//1124
f 1117//1117 1119//1119 1126//1126
f 1117//1117 1126//1126 1125//1125
f 1121//1121 1120//1120 1127//1127
f 1121//1121 1127//1127 1128//1128
f 1120//1120 1122//1122 1129//1129
f 1120//1120 1129//1129 1127//1127
f 1122//1122 1123//1123 1130//1130
f 1122//1122 1130//1130 1129//1129
f 1123//1123 1124//1124 1131//1131
f 1123//1123 1131//1131 1130//1130
f 1124//1124 1125//1125 1132//1132
f 1124//1124 1132//1132 1131//1131
f 1125//1125 1126//1126 1133//1133
f 1125//1125 1133//1133 1132//1132
f 1128//1128 1127//1127 1134//1134
f 1128//1128 1134//1134 1135//1135
f 1127//1127 1129//1129 1136//1136
f 1127//1127 1136//1136 1134//1134
f 1129//1129 1130//1130 1137//1137
f 1129//1129 1137//1137 1136//1136
f 1130//1130 1131//1131 1138//1138
f 1130//1130 1138//1138 1137//1137
f 1131//1131 1132//1132 1139//1139
f 1131//1131 1139//1139 1138//1138
f 1132//1132 1133//1133 1140//1140
f 1132//1132 1140//1140 1139//1139
f 1135//1135 1134//1134 1141//1141
f 1135//1135 1141//1141 1142//1142
f 1134//1134 1136//1136 1143//1143
f 1134//1134 1143//1143 1141//1141
f 1136//1136 1137//1137 1144//1144
f 1136//1136 1144//1144 1143//1143
f 1137//1137 1138//1138 1145//1145
f 1137//1137 1145//1145 1144//1144
f 1138//1138 1139//1139 1146//1146
f 1138//1138 1146//1146 1145//1145
f 1139//1139 1140//1140 1147//1147
f 1139//1139 1147//1147 1146//1146
f 1142//1142 1141//1141 1148//1148
f 1142//1142 1148//1148 1149//1149
f 1141//1141 1143//1143 1150//1150
f 1141//1141 1150//1150 1148//1148
f 1143//1143 1144//1144 1151//1151
f 1143//1143 1151//1151 1150//1150
f 1144//1144 1145//1145 1152//1152
f 1144//1144 1152//1152 1151//1151
f 1145//1145 1146//1146 1153//1153
f 1145//1145 1153//1153 1152//1152
f 1146//1146 1147//1147 1154//1154
f 1146//1146 1154//1154 1153//1153
f 139//139 138//138 1106//1106
f 139//139 1106//1106 667//667
f 138//138 137//137 1107//1107
f 138//138 1107//1107 1106//1106
f 137//137 136//136 1110//1110
f 137//137 1110//1110 1107//1107
f 136//136 135//135 1112//1112
f 136//136 1112//1112 1110//1110
f 135//135 134//134 1114//1114
f 135//135 1114//1114 1112//1112
f 134//134 133//133 1116//1116
f 134//134 1116//1116 1114//1114
f 133//133 132//132 1118//1118
f 133//133 1118//1118 1116//1116
f 132//132 67//67 1099//1099
f 132//132 1099//1099 1118//1118
f 1118//1118 1099//1099 1105//1105
f 1118//1118 1105//1105 1119//1119
f 1119//1119 1105//1105 1104//1104
f 1119//1119 1104//1104 1126//1126
f 1126//1126 1104//1104 1103//1103
f 1126//1126 1103//1103 1133//1133
f 1133//1133 1103//1103 1102//1102
f 1133//1133 1102//1102 1140//1140
f 1140//1140 1102//1102 1101//1101
f 1140//1140 1101//1101 1147//1147
f 1147//1147 1101//1101 1100//1100
f 1147//1147 1100//1100 1154//1154
f 1154//1154 1100//1100 971//971
f 1154//1154 971//971 973//973
f 1153//1153 1154//1154 973//973
f 1153//1153 973//973 993//993
f 1152//1152 1153//1153 993//993
f 1152//1152 993//993 992//992
f 1151//1151 1152//1152 992//992
f 1151//1151 992//992 991//991
f 1150//1150 1151//1151 991//991
f 1150//1150 991//991 990//990
f 1148//1148 1150//1150 990//990
f 1148//1148 990//990 989//989
f 1149//1149 1148//1148 989//989
f 1149//1149 989//989 988//988
f 673//673 1149//1149 988//988
f 673//673 988//988 674//674
f 672//672 1142//1142 1149//1149
f 672//672 1149//1149 673//673
f 671//671 1135//1135 1142//1142
f 671//671 1142//1142 672//672
f 670//670 1128//1128 1135//1135
f 670//670 1135//1135 671//671
f 669//669 1121//1121 1128//1128
f 669//669 1128//1128 670//670
f 668//668 1109//1109 1121//1121
f 668//668 1121//1121 669//669
f 667//667 1106//1106 1109//1109
f 667//667 1109//1109 668//668
