# Blender 4.5.4 LTS
# www.blender.org
o Object_4
v -1.064120 -0.647970 2.281451
v -1.170983 -0.537887 2.343114
v -1.277052 -0.552220 2.209841
v -1.086441 -0.631137 2.135736
v -1.317930 -0.413249 2.455560
v -1.469718 -0.420006 2.305733
v -1.408614 -0.212814 2.534122
v -1.598676 -0.205053 2.386071
v -1.449706 0.012012 2.594907
v -1.613928 0.053855 2.422656
v -1.387790 0.228244 2.568433
v -1.499652 0.276211 2.395198
v -1.286532 0.398825 2.521667
v -1.349070 0.436475 2.346215
v -1.319660 -0.530263 2.034536
v -1.090874 -0.614248 1.973513
v -1.538668 -0.393213 2.097664
v -1.643364 -0.156027 2.152097
v -1.661678 0.097871 2.189631
v -1.559853 0.327730 2.196056
v -1.444591 0.530660 2.200477
v -1.316232 -0.500911 1.839736
v -1.272180 -0.713120 1.825726
v -1.531819 -0.348628 1.878340
v -1.634030 -0.111358 1.920447
v -1.650229 0.142159 1.954763
v -1.598117 0.384917 1.981474
v -1.564845 0.636011 2.039397
v -1.427547 -0.528052 1.621943
v -1.400487 -0.785213 1.602662
v -1.496466 -0.295404 1.660089
v -1.635682 -0.067406 1.695790
v -1.692558 0.191996 1.735942
v -1.617498 0.444161 1.758058
v -1.592101 0.702883 1.815445
v -1.526121 -0.553734 1.401825
v -1.494514 -0.830917 1.382347
v -1.548966 -0.272372 1.428635
v -1.704452 -0.031853 1.464713
v -1.812741 0.239074 1.513753
v -1.734335 0.516731 1.551321
v -1.702127 0.798135 1.629531
v -1.550351 -0.539069 1.163879
v -1.521381 -0.834763 1.142774
v -1.535305 -0.238703 1.182790
v -1.680077 0.009274 1.211826
v -1.781998 0.282303 1.248502
v -1.856482 0.572712 1.309813
v -1.856781 0.906573 1.397929
v -0.997386 -0.778584 2.388232
v -1.015053 -0.665738 2.405208
v -1.028330 -0.805271 2.298086
v -1.026541 -0.519308 2.416601
v -1.134390 -0.404931 2.542456
v -1.197127 -0.213132 2.606232
v -1.230499 -0.017353 2.674377
v -1.209598 0.183061 2.671218
v -1.153631 0.348736 2.620236
v -1.099638 0.468202 2.581152
v -1.150719 0.509813 2.468980
v -1.204904 0.582122 2.328448
v -1.302815 0.705487 2.212290
v -1.376249 0.812222 2.047068
v -1.398740 0.892961 1.831827
v -1.508931 1.037179 1.673247
v -1.657249 1.207347 1.483760
v -1.649128 1.282032 1.138643
v -1.877971 0.956472 1.092144
v -1.805278 0.627412 1.029970
v -1.691774 0.325573 0.978196
v -1.726457 0.025284 0.940291
v -1.656597 -0.243102 0.915409
v -1.453310 -0.472494 0.906671
v -1.411747 -0.762663 0.896861
v -1.337191 -1.044317 1.130266
v -1.255758 -0.969154 0.885342
v -1.338785 -1.044834 1.366135
v -1.258477 -0.968824 1.581599
v -1.147292 -0.879563 1.804394
v -1.009590 -0.758678 1.966767
v -1.039366 -0.806234 2.152969
v -1.446162 -0.781774 0.631757
v -1.511547 -0.483632 0.641548
v -1.562609 -0.512672 0.391063
v -1.432500 -0.789896 0.375398
v -1.749250 -0.259534 0.662816
v -1.743534 -0.258226 0.404888
v -1.868823 0.017195 0.692566
v -1.852648 0.030511 0.418407
v -1.808197 0.339018 0.714847
v -1.803332 0.355827 0.429728
v -1.738814 0.645276 0.730438
v -1.684409 0.661965 0.430803
v -1.746684 0.941564 0.769876
v -1.735209 0.943498 0.449043
v -1.543930 -0.503945 0.121277
v -1.422441 -0.793287 0.124059
v -1.626264 -0.215258 0.126506
v -1.710477 0.069980 0.137832
v -1.682299 0.378997 0.137713
v -1.645811 0.669042 0.146020
v -1.719037 0.944576 0.150730
v -1.385136 -0.425255 -0.135598
v -1.340754 -0.761599 -0.122436
v -1.384336 -0.120212 -0.140493
v -1.444744 0.139641 -0.141094
v -1.519013 0.402797 -0.145263
v -1.584832 0.678619 -0.145844
v -1.784014 0.945024 -0.147227
v -1.424628 -0.473366 -0.411340
v -1.272563 -0.719374 -0.390624
v -1.458505 -0.159979 -0.412817
v -1.668079 0.075685 -0.426588
v -1.752436 0.362193 -0.453858
v -1.672238 0.663949 -0.452983
v -1.791966 0.944675 -0.449002
v -1.457428 -0.517598 -0.676396
v -1.297190 -0.757587 -0.656457
v -1.558566 -0.213755 -0.682952
v -1.785886 0.026136 -0.707583
v -1.883036 0.339406 -0.734306
v -1.764054 0.648806 -0.747486
v -1.711084 0.939073 -0.745923
v -1.466634 -0.530601 -0.929031
v -1.287605 -0.776525 -0.892947
v -1.519627 -0.216949 -0.952863
v -1.731233 0.029150 -0.985482
v -1.843451 0.331196 -1.021338
v -1.789841 0.651079 -1.041525
v -1.761521 0.958360 -1.090353
v -1.251081 -0.986819 0.624405
v -1.663540 1.221238 0.746704
v -1.716215 1.224462 0.442626
v -1.668085 1.206078 0.145020
v -1.813736 1.212649 -0.147643
v -1.821327 1.215192 -0.452489
v -1.692977 1.211960 -0.737992
v -1.703396 1.258684 -1.090858
v -1.474731 1.323227 -1.468163
v -1.713892 0.978753 -1.389688
v -1.774690 0.636862 -1.331049
v -1.642163 0.322387 -1.265748
v -1.540775 0.045039 -1.234484
v -1.573776 -0.265398 -1.218503
v -1.477721 -0.560405 -1.183857
v -1.212261 -0.746148 -1.153044
v -1.029417 -0.971009 -0.868170
v -0.987099 -0.964001 -1.122334
v -1.059179 -0.957124 -0.622957
v -1.093902 -0.958820 -0.368683
v -1.238774 -1.086198 -0.138602
v -1.303229 -1.114123 0.116066
v -1.285646 -1.059428 0.375437
v 0.783809 -0.851959 1.276345
v 0.972565 -0.623542 1.326089
v 0.875306 -0.618172 1.535491
v 0.722134 -0.859564 1.492564
v 0.989964 -0.314903 1.336355
v 0.902792 -0.326490 1.548066
v 0.888699 -0.001407 1.309788
v 0.810643 -0.023857 1.533795
v 0.651597 0.264517 1.231926
v 0.567660 0.221069 1.462448
v 0.625115 0.514796 1.252528
v 0.540227 0.447807 1.485714
v 0.697791 0.813874 1.362400
v 0.592457 0.722613 1.576676
v 0.714536 -0.586006 1.712640
v 0.634739 -0.837099 1.697933
v 0.755318 -0.324027 1.736281
v 0.664421 -0.048983 1.724657
v 0.433206 0.164486 1.650665
v 0.331586 0.358124 1.634614
v 0.415457 0.591664 1.721717
v 0.595475 -0.568475 1.898540
v 0.536769 -0.799762 1.890781
v 0.574174 -0.321652 1.892886
v 0.473489 -0.079966 1.870567
v 0.294853 0.104427 1.820457
v 0.344047 0.303744 1.855922
v 0.414333 0.554952 1.955392
v 0.452857 -0.543654 2.056896
v 0.456930 -0.777152 2.066627
v 0.510868 -0.346157 2.091339
v 0.530292 -0.128679 2.100995
v 0.441002 0.080990 2.077394
v 0.318560 0.250524 2.041597
v 0.410408 0.488989 2.146443
v 0.459524 -0.572936 2.274024
v 0.351710 -0.743650 2.220050
v 0.524911 -0.381313 2.315527
v 0.572819 -0.164824 2.330442
v 0.506671 0.060363 2.307666
v 0.350399 0.223504 2.245398
v 0.343367 0.409484 2.293896
v 0.405799 -0.583228 2.453638
v 0.293283 -0.730576 2.382778
v 0.482264 -0.410173 2.508944
v 0.523251 -0.196444 2.543574
v 0.486721 0.040758 2.529247
v 0.356697 0.221706 2.454462
v 0.241398 0.335548 2.398026
v 0.576634 -0.960291 0.979328
v 0.761757 -0.776888 1.033718
v 0.562360 -1.030276 1.219745
v 0.909457 -0.563438 1.074672
v 0.953488 -0.289816 1.073490
v 0.915192 0.001786 1.052864
v 0.826101 0.288269 1.030001
v 0.780892 0.559977 1.033144
v 0.840165 0.892668 1.132885
v 0.698482 1.227259 1.180219
v 0.621543 1.111335 1.467560
v 0.487384 0.975838 1.638093
v 0.364610 0.831633 1.799141
v 0.403428 0.806362 2.047392
v 0.388391 0.736580 2.246853
v 0.315300 0.627752 2.391863
v 0.228956 0.504808 2.491514
v 0.148429 0.408267 2.525512
v 0.133483 0.290983 2.472157
v 0.249257 0.187694 2.601990
v 0.351537 0.008002 2.703600
v 0.367710 -0.224239 2.699706
v 0.358824 -0.429292 2.673631
v 0.283421 -0.586948 2.587076
v 0.196570 -0.726043 2.502587
v 0.197060 -0.875483 2.354187
v 0.169248 -0.856335 2.473311
v 0.287622 -0.943674 2.226882
v 0.378751 -1.004557 2.071089
v 0.426423 -1.021055 1.871847
v 0.470542 -1.037990 1.662701
v 0.516694 -1.044815 1.446241
v 0.095300 -0.789935 2.627972
v 0.118446 -0.610699 2.683935
v -0.029600 -0.668346 2.829070
v -0.026947 -0.877453 2.772026
v 0.163796 -0.438131 2.764810
v -0.020505 -0.462741 2.882890
v 0.183842 -0.238352 2.819607
v -0.031587 -0.252317 2.860516
v 0.149028 -0.028641 2.776710
v -0.061450 -0.052168 2.778317
v 0.086524 0.157065 2.676649
v -0.082746 0.145022 2.732075
v 0.037803 0.306824 2.583030
v -0.122281 0.310687 2.616872
v -0.228713 -0.701818 2.923083
v -0.223665 -0.931859 2.863428
v -0.223741 -0.484451 2.999904
v -0.234642 -0.264068 2.903113
v -0.252126 -0.061178 2.805640
v -0.273024 0.124545 2.700341
v -0.294746 0.290225 2.571517
v -0.460591 -0.697762 2.917492
v -0.465055 -0.938737 2.877070
v -0.456590 -0.476457 2.954762
v -0.442622 -0.258301 2.894711
v -0.443024 -0.062304 2.769661
v -0.455144 0.121719 2.700136
v -0.460529 0.295222 2.616418
v -0.676120 -0.660480 2.830588
v -0.684292 -0.881693 2.786027
v -0.661080 -0.450235 2.829982
v -0.637793 -0.248370 2.786375
v -0.616634 -0.057398 2.708260
v -0.622847 0.126479 2.681143
v -0.631330 0.296004 2.614388
v -0.838211 -0.599988 2.679756
v -0.840589 -0.789714 2.645922
v -0.808463 -0.410664 2.645339
v -0.792894 -0.235523 2.619053
v -0.798106 -0.052812 2.632505
v -0.801238 0.123075 2.621230
v -0.798919 0.304857 2.607087
v -0.918032 -0.535895 2.504158
v -0.931504 -0.695157 2.505728
v -0.945950 -0.402011 2.572834
v -0.992021 -0.232589 2.660480
v -1.013386 -0.034015 2.661998
v -1.007357 0.144931 2.646778
v -0.982936 0.320342 2.635421
v 0.084769 -0.933326 2.538083
v 0.042967 0.453817 2.566165
v -0.115396 0.485546 2.593462
v -0.293057 0.479675 2.549546
v -0.468616 0.439172 2.472882
v -0.624589 0.442561 2.468029
v -0.793387 0.456162 2.514433
v -0.965727 0.474545 2.568285
v -0.910873 -0.830498 2.429787
v -0.807060 -0.927655 2.515352
v -0.678619 -1.062277 2.635498
v -0.455885 -1.113516 2.686426
v -0.229313 -1.100346 2.679115
v -0.044597 -1.028277 2.618854
v -1.079469 -1.118890 1.131272
v -0.800527 -1.109026 1.124649
v -0.832181 -1.108364 1.352388
v -1.092559 -1.125316 1.352670
v -0.532583 -1.051101 1.110884
v -0.561111 -0.988601 1.353459
v -0.325968 -1.268323 1.111283
v -0.364118 -1.087439 1.350925
v -0.097466 -1.338968 1.127358
v -0.167136 -1.175725 1.359188
v 0.137537 -1.296871 1.162894
v 0.033589 -1.144379 1.376598
v 0.319964 -1.114645 1.179655
v 0.277894 -1.138416 1.408155
v -0.799525 -1.061003 1.584190
v -1.045154 -1.058242 1.572219
v -0.602706 -1.092736 1.592840
v -0.401850 -1.107058 1.593197
v -0.196315 -1.192924 1.602337
v 0.029534 -1.223741 1.619036
v 0.241444 -1.139972 1.632244
v -0.792375 -1.071368 1.800839
v -0.932565 -0.925013 1.772891
v -0.630519 -1.190449 1.813747
v -0.424240 -1.169185 1.811229
v -0.207489 -1.268343 1.827714
v 0.024733 -1.264027 1.849211
v 0.237797 -1.181728 1.861538
v -0.767943 -1.049414 1.990543
v -0.904740 -0.899696 1.973270
v -0.624778 -1.152171 2.011296
v -0.437746 -1.177490 2.014536
v -0.228642 -1.268622 2.039545
v 0.006797 -1.277090 2.060126
v 0.200808 -1.158448 2.058299
v -0.736389 -0.951919 2.153136
v -0.907227 -0.907432 2.159256
v -0.611719 -1.088796 2.196214
v -0.441279 -1.193905 2.231628
v -0.239096 -1.225963 2.242208
v -0.034531 -1.186633 2.242336
v 0.151090 -1.097238 2.235459
v -0.764253 -0.960893 2.337683
v -0.910313 -0.892149 2.310805
v -0.631682 -1.102040 2.410895
v -0.447030 -1.192452 2.458026
v -0.234692 -1.192466 2.463849
v -0.052623 -1.110886 2.430744
v 0.084238 -0.999111 2.381278
v -1.008162 -1.055205 0.883909
v -0.710749 -0.983404 0.888590
v -0.489297 -1.144608 0.882657
v -0.270843 -1.338675 0.891227
v -0.032236 -1.441141 0.922829
v 0.231030 -1.379451 0.958402
v 0.432700 -1.176072 0.973827
v 0.381209 1.320309 1.555242
v 0.059207 1.353620 1.534524
v 0.017841 1.205919 1.684840
v 0.295755 1.160433 1.699187
v -0.224462 1.429303 1.588177
v -0.245096 1.283449 1.712111
v -0.505955 1.524537 1.660316
v -0.504458 1.395577 1.789469
v -0.793661 1.499523 1.635288
v -0.783413 1.385319 1.789863
v -1.049360 1.382016 1.537561
v -1.022461 1.256504 1.706713
v -1.313648 1.293610 1.485131
v -1.220749 1.103107 1.631673
v 0.005386 1.131658 1.900209
v 0.227870 1.028277 1.871362
v -0.250393 1.152257 1.879985
v -0.498576 1.216296 1.913809
v -0.753157 1.199377 1.911325
v -0.967351 1.078833 1.844085
v -1.146849 0.955234 1.798840
v 0.018699 1.137247 2.144077
v 0.238118 1.001835 2.111059
v -0.244579 1.136254 2.117084
v -0.490112 1.035460 2.034486
v -0.711100 0.960698 1.993191
v -0.890268 0.874550 1.957869
v -1.132097 0.881206 2.005883
v 0.002262 1.049632 2.340198
v 0.233312 0.939589 2.316694
v -0.253596 1.061916 2.316071
v -0.479785 0.955145 2.223495
v -0.705287 0.830557 2.135018
v -0.845462 0.762946 2.097314
v -1.082070 0.780769 2.172984
v -0.031263 0.902790 2.491662
v 0.176858 0.805155 2.462453
v -0.265151 0.909445 2.463074
v -0.482888 0.831196 2.376729
v -0.673251 0.708423 2.267541
v -0.816918 0.675250 2.247772
v -1.015869 0.652393 2.290389
v -0.075931 0.702678 2.567805
v 0.105505 0.637967 2.550979
v -0.277445 0.705196 2.539536
v -0.493233 0.655374 2.489450
v -0.639925 0.555344 2.354302
v -0.799632 0.583507 2.397267
v -0.986224 0.583750 2.447654
v 0.454677 1.496036 1.436859
v 0.093793 1.523215 1.431505
v -0.222775 1.518210 1.413782
v -0.507005 1.600053 1.489817
v -0.788755 1.574091 1.450832
v -1.068859 1.537612 1.399176
v -1.328483 1.423283 1.288670
v -0.927228 1.244670 -1.693267
v -0.548311 1.395626 -1.782036
v -0.485253 1.241571 -1.913381
v -0.841504 1.083210 -1.852496
v -0.123691 1.371429 -1.739000
v -0.075110 1.255925 -1.883262
v 0.301740 1.364844 -1.701089
v 0.342963 1.232828 -1.836424
v 0.718305 1.306875 -1.626763
v 0.761346 1.195860 -1.781780
v 1.136538 1.251937 -1.555466
v 1.155042 1.097131 -1.692638
v 1.434039 1.000254 -1.348420
v 1.481302 0.896781 -1.551658
v -0.435918 1.186236 -2.123304
v -0.755877 0.932113 -2.012891
v -0.026617 1.161883 -2.060347
v 0.369757 1.056559 -1.957478
v 0.798924 1.145953 -1.996381
v 1.161319 0.973081 -1.858034
v 1.438843 0.704061 -1.683291
v -0.371749 1.092686 -2.320404
v -0.702061 0.890463 -2.238041
v 0.023113 1.061380 -2.241687
v 0.380383 0.838309 -2.049425
v 0.801103 0.984661 -2.140545
v 1.140808 0.837162 -2.009393
v 1.394578 0.541321 -1.830838
v -0.298876 0.915817 -2.448289
v -0.618747 0.789451 -2.417060
v 0.066378 0.900266 -2.379998
v 0.387930 0.662609 -2.155078
v 0.780265 0.756364 -2.198604
v 1.088964 0.654427 -2.108163
v 1.373694 0.461610 -2.009117
v -0.237512 0.740479 -2.553911
v -0.535200 0.671389 -2.558585
v 0.100336 0.743906 -2.506850
v 0.411706 0.581196 -2.332078
v 0.746933 0.542605 -2.286594
v 1.050237 0.475528 -2.231825
v 1.323173 0.354981 -2.154341
v -0.186106 0.632571 -2.734008
v -0.466874 0.566886 -2.702707
v 0.127167 0.631702 -2.694981
v 0.434209 0.501610 -2.521024
v 0.756519 0.450089 -2.474325
v 1.058391 0.401067 -2.448975
v 1.304688 0.301002 -2.348744
v -1.011008 1.444371 -1.592968
v -1.291095 1.141245 -1.684060
v -0.600369 1.528333 -1.674717
v -0.177963 1.508019 -1.640607
v 0.246354 1.462607 -1.552881
v 0.633881 1.356291 -1.432396
v 1.048827 1.343221 -1.389716
v 1.339596 1.138302 -1.157838
v 1.745469 1.066998 -1.002942
v 1.875831 0.982829 -1.308501
v 1.874192 0.829458 -1.527984
v 1.798426 0.628923 -1.680686
v 1.766117 0.503111 -1.866122
v 1.712008 0.389284 -2.025802
v 1.606641 0.274809 -2.159122
v 1.551155 0.234290 -2.346364
v 1.497818 0.212290 -2.473130
v 1.329984 0.265952 -2.537957
v 1.097741 0.359045 -2.670118
v 0.782701 0.376258 -2.690987
v 0.445639 0.358339 -2.657505
v 0.146789 0.471312 -2.846184
v -0.157649 0.479985 -2.874963
v -0.427132 0.442351 -2.831831
v -0.694587 0.498346 -2.731197
v -0.593311 0.382005 -2.749149
v -0.816025 0.616752 -2.633818
v -0.922651 0.727926 -2.491003
v -1.012471 0.816493 -2.281617
v -1.023118 0.770804 -1.987947
v -1.111619 0.893837 -1.798928
v 1.040929 0.920460 0.914179
v 0.940406 0.579686 0.794413
v 1.015669 0.552092 0.505054
v 1.128611 0.887610 0.630404
v 1.068256 0.277842 0.844954
v 1.265494 0.270144 0.648615
v 1.175788 -0.017221 0.908342
v 1.355376 -0.034641 0.709074
v 1.115052 -0.302025 0.876236
v 1.293763 -0.330648 0.689222
v 0.926295 -0.524252 0.792877
v 1.133244 -0.576380 0.621163
v 0.831779 -0.770286 0.777037
v 1.067082 -0.869926 0.639792
v 1.197138 0.526757 0.255772
v 1.146481 0.809504 0.245169
v 1.368729 0.257983 0.363848
v 1.466966 -0.041820 0.433443
v 1.420175 -0.342898 0.437822
v 1.272852 -0.591530 0.395017
v 1.222881 -0.903023 0.440665
v 1.423855 0.506682 0.046624
v 1.344055 0.777847 0.017568
v 1.537177 0.231783 0.127067
v 1.518546 -0.051410 0.128029
v 1.575183 -0.356730 0.217075
v 1.524746 -0.671629 0.256418
v 1.332688 -0.904647 0.191408
v 1.718855 0.494694 -0.107425
v 1.648372 0.782045 -0.138062
v 1.694027 0.196883 -0.108409
v 1.689423 -0.082256 -0.089290
v 1.720470 -0.388240 -0.022625
v 1.676855 -0.705638 0.019865
v 1.478891 -0.946231 -0.029359
v 1.865190 0.468972 -0.351281
v 1.826851 0.772813 -0.371475
v 1.870579 0.164477 -0.334757
v 1.859529 -0.122807 -0.309082
v 1.821515 -0.418610 -0.287189
v 1.716020 -0.681296 -0.284559
v 1.554035 -0.924428 -0.298267
v 1.919839 0.423317 -0.624150
v 1.884305 0.737634 -0.646113
v 1.960416 0.123572 -0.593657
v 1.996678 -0.170502 -0.545986
v 2.049024 -0.488602 -0.470205
v 1.940198 -0.764904 -0.467147
v 1.711010 -0.978288 -0.505065
v 1.030334 1.213818 0.957041
v 0.702786 -0.993890 0.772175
v 0.915904 -1.134080 0.637895
v 1.035346 -1.144485 0.411882
v 1.144749 -1.142633 0.165392
v 1.207966 -1.074631 -0.104891
v 1.264553 -0.994949 -0.382873
v 1.367226 -0.988835 -0.615762
v 1.587024 -1.220251 -0.755627
v 1.861357 -1.065938 -0.708090
v 2.078735 -0.821993 -0.686258
v 2.168973 -0.531555 -0.702302
v 2.127746 -0.213112 -0.774384
v 2.027064 0.071922 -0.841875
v 2.106267 0.399053 -0.845174
v 2.059714 0.754473 -0.899803
v 1.763249 1.043355 -0.676510
v 1.789225 1.085708 -0.382120
v 1.640005 1.081406 -0.120768
v 1.310934 1.046619 0.016972
v 1.174013 1.085454 0.294519
v 1.189151 1.166237 0.676267
v 0.493686 -1.143402 0.742425
v 0.319878 -1.391214 0.733258
v 0.367623 -1.285507 0.494145
v 0.637786 -1.252930 0.560049
v 0.036180 -1.462118 0.701579
v 0.108703 -1.393080 0.466076
v -0.220579 -1.351737 0.679263
v -0.167392 -1.330958 0.435496
v -0.441422 -1.151119 0.646256
v -0.417392 -1.220128 0.410108
v -0.685955 -1.040384 0.631026
v -0.702024 -1.213504 0.393278
v -0.982162 -1.083290 0.627734
v -1.015086 -1.217274 0.385009
v 0.484274 -1.360505 0.293526
v 0.774026 -1.311813 0.350055
v 0.205178 -1.451732 0.256979
v -0.091496 -1.401599 0.206694
v -0.373724 -1.299702 0.181429
v -0.666106 -1.266272 0.156792
v -1.011993 -1.296881 0.131939
v 0.597006 -1.368582 0.057853
v 0.869588 -1.266582 0.107110
v 0.312722 -1.539910 0.039113
v -0.024980 -1.547245 -0.009659
v -0.322453 -1.379098 -0.053003
v -0.592431 -1.227137 -0.079262
v -0.941101 -1.250956 -0.117102
v 0.667682 -1.253262 -0.185904
v 0.932968 -1.152634 -0.156303
v 0.407158 -1.510971 -0.203991
v 0.063375 -1.526713 -0.244703
v -0.240086 -1.370769 -0.278508
v -0.471746 -1.047334 -0.296540
v -0.822606 -1.103833 -0.342514
v 0.770904 -1.285429 -0.414966
v 1.004355 -1.062633 -0.417037
v 0.477986 -1.367326 -0.439419
v 0.148088 -1.457047 -0.485215
v -0.151571 -1.279031 -0.508423
v -0.419329 -1.055584 -0.553769
v -0.768114 -1.088302 -0.589052
v 0.894003 -1.411854 -0.619008
v 1.148520 -1.157535 -0.614137
v 0.563399 -1.537606 -0.641732
v 0.227799 -1.342735 -0.706079
v -0.097537 -1.293064 -0.756435
v -0.404162 -1.158053 -0.804169
v -0.763957 -1.163241 -0.836847
v -0.733920 -1.185789 -1.077382
v -0.369124 -1.221962 -1.046036
v -0.078628 -1.470638 -0.997277
v 0.282811 -1.475500 -0.941295
v 0.641441 -1.556334 -0.885378
v 0.980005 -1.437165 -0.845882
v 1.267203 -1.255622 -0.821193
v 1.267824 1.420565 -1.123816
v 0.896983 1.420461 -1.192575
v 0.748517 1.567139 -1.061923
v 1.122970 1.642393 -1.094198
v 0.538159 1.467142 -1.274815
v 0.479879 1.708135 -1.345319
v 0.172782 1.543098 -1.401414
v 0.107047 1.739798 -1.412800
v -0.229077 1.619608 -1.536219
v -0.272335 1.734264 -1.403974
v -0.627400 1.625755 -1.550725
v -0.637124 1.729737 -1.389732
v -1.002765 1.571967 -1.434397
v -0.956205 1.680444 -1.238303
v 0.691809 1.844736 -1.176828
v 0.925330 1.798606 -1.003787
v 0.388813 1.914726 -1.356558
v 0.035712 1.913495 -1.384250
v -0.312163 1.843299 -1.229868
v -0.634198 1.833585 -1.189203
v -0.896155 1.784782 -1.015941
v 0.592245 2.068049 -1.204953
v 0.785327 1.973009 -0.957699
v 0.296925 2.102096 -1.352573
v -0.044085 2.073568 -1.330090
v -0.350822 1.981522 -1.109877
v -0.603964 1.917135 -0.922354
v -0.849376 1.917602 -0.851271
v 0.461969 2.234827 -1.151823
v 0.669122 2.170813 -0.961175
v 0.191681 2.264411 -1.277255
v -0.124796 2.216945 -1.243202
v -0.397726 2.147595 -1.086220
v -0.644248 2.132155 -0.974804
v -0.887097 2.133264 -0.938867
v 0.340728 2.375055 -1.066774
v 0.552504 2.352435 -0.943999
v 0.094084 2.392093 -1.153727
v -0.186446 2.368177 -1.164217
v -0.442070 2.303615 -1.059108
v -0.689652 2.315428 -1.059423
v -0.914838 2.312725 -0.988669
v 0.250072 2.533945 -0.992014
v 0.441715 2.498505 -0.885274
v 0.012891 2.534562 -1.043328
v -0.240236 2.535074 -1.079012
v -0.483933 2.482084 -1.030682
v -0.715149 2.499403 -1.027327
v -0.922701 2.481195 -0.965273
v 1.562271 1.405113 -0.961381
v -1.375153 1.558134 -1.324915
v -1.249142 1.678996 -1.127055
v -1.134617 1.802694 -0.917372
v -1.070943 1.947138 -0.807780
v -1.099878 2.148537 -0.858631
v -1.111110 2.313792 -0.891424
v -1.079958 2.456261 -0.852387
v -1.059730 2.575273 -0.828960
v -0.933457 2.625151 -0.879382
v -0.744821 2.668831 -0.929242
v -0.524104 2.685117 -0.958399
v -0.291057 2.704291 -0.960689
v -0.047754 2.691864 -0.922500
v 0.163779 2.627581 -0.847246
v 0.361613 2.612133 -0.792606
v 0.612158 2.521654 -0.788423
v 0.505111 2.607126 -0.746137
v 0.727704 2.355768 -0.807120
v 0.831609 2.156147 -0.800055
v 0.944938 1.952065 -0.793410
v 1.197671 1.853528 -0.895524
v 1.401988 1.666331 -0.940690
v -0.437607 -0.901330 -2.827849
v -0.484316 -0.730328 -2.916817
v -0.186595 -0.760011 -2.916761
v -0.158248 -0.926941 -2.804290
v -0.515269 -0.528825 -2.934977
v -0.207847 -0.562446 -2.948543
v -0.523718 -0.327667 -2.894906
v -0.214154 -0.353994 -2.885543
v -0.492915 -0.135051 -2.784446
v -0.200438 -0.148720 -2.861675
v -0.453658 0.068683 -2.800677
v -0.180080 0.069693 -2.956824
v -0.430544 0.262423 -2.860684
v -0.161982 0.289480 -2.973059
v 0.128815 -0.732176 -2.729759
v 0.137606 -0.863231 -2.610604
v 0.117761 -0.561861 -2.774838
v 0.107524 -0.374359 -2.718982
v 0.122217 -0.187769 -2.849128
v 0.150046 0.030044 -2.977912
v 0.161669 0.271034 -2.964632
v 0.432829 -0.718764 -2.540811
v 0.447957 -0.899105 -2.577204
v 0.429951 -0.563520 -2.591461
v 0.441009 -0.407181 -2.713516
v 0.448111 -0.221996 -2.791241
v 0.453407 -0.017192 -2.814700
v 0.449109 0.172567 -2.731366
v 0.768986 -0.797004 -2.675155
v 0.766722 -1.000640 -2.681890
v 0.763498 -0.609738 -2.652910
v 0.798880 -0.457849 -2.848364
v 0.816933 -0.235743 -2.955839
v 0.816857 0.005248 -2.954635
v 0.803031 0.222479 -2.866710
v 1.104355 -0.844023 -2.728274
v 1.093177 -1.064098 -2.719965
v 1.095765 -0.639735 -2.654518
v 1.133106 -0.470045 -2.761721
v 1.163219 -0.253149 -2.873138
v 1.165099 -0.013713 -2.904293
v 1.129603 0.194758 -2.814924
v 1.406056 -0.859561 -2.642011
v 1.374911 -1.060502 -2.623464
v 1.423147 -0.671926 -2.638732
v 1.466603 -0.470770 -2.704051
v 1.469628 -0.259953 -2.744596
v 1.435833 -0.048704 -2.731201
v 1.366450 0.119836 -2.633489
v -0.574179 -0.945241 -2.662596
v -0.648556 -0.829002 -2.728462
v -0.410710 -1.027518 -2.697490
v -0.752613 -0.701049 -2.852341
v -0.807614 -0.507918 -2.900872
v -0.818245 -0.296836 -2.901726
v -0.769145 -0.097493 -2.791109
v -0.709915 0.091106 -2.724957
v -0.655467 0.265882 -2.754688
v 1.601640 0.116720 -2.551029
v 1.722253 -0.033994 -2.648924
v 1.769977 -0.255022 -2.647669
v 1.755923 -0.472473 -2.591495
v 1.700609 -0.678963 -2.516822
v 1.632500 -0.845481 -2.450773
v 1.575936 -1.029065 -2.461424
v 1.343628 -1.220603 -2.525852
v 1.499311 -1.155529 -2.435539
v 1.082312 -1.261586 -2.616845
v 0.755866 -1.170695 -2.578109
v 0.446890 -1.066863 -2.539080
v 0.143031 -1.046315 -2.578373
v -0.156420 -1.079577 -2.681228
v -1.244214 -0.829242 -1.403611
v -1.500572 -0.606692 -1.443294
v -1.454658 -0.613197 -1.689678
v -1.206739 -0.832662 -1.652157
v -1.665060 -0.327657 -1.476972
v -1.628024 -0.352901 -1.736015
v -1.627776 -0.007400 -1.504234
v -1.601645 -0.041789 -1.754657
v -1.472672 0.280802 -1.500873
v -1.478902 0.235617 -1.756413
v -1.615018 0.571934 -1.576149
v -1.339084 0.445477 -1.733475
v -1.536476 0.889646 -1.624971
v -1.290991 0.691640 -1.765663
v -1.370497 -0.614359 -1.926883
v -1.102984 -0.769332 -1.872854
v -1.539124 -0.366681 -1.970645
v -1.521915 -0.069742 -1.987249
v -1.363183 0.168353 -1.957200
v -1.294615 0.375430 -1.957526
v -1.260602 0.626323 -1.998048
v -1.312830 -0.630873 -2.147692
v -1.028723 -0.748196 -2.068471
v -1.482898 -0.401265 -2.204104
v -1.511494 -0.108788 -2.231427
v -1.353514 0.119647 -2.175532
v -1.379904 0.372038 -2.242249
v -1.260960 0.633155 -2.287755
v -1.190359 -0.620149 -2.327226
v -1.024971 -0.815555 -2.272194
v -1.327872 -0.404045 -2.389428
v -1.322504 -0.154312 -2.388618
v -1.327291 0.069236 -2.410443
v -1.328221 0.332126 -2.493756
v -1.178236 0.581877 -2.527013
v -1.175869 -0.707030 -2.571008
v -0.982548 -0.882139 -2.490476
v -1.197386 -0.438443 -2.585397
v -1.181115 -0.200718 -2.559055
v -1.148756 0.017919 -2.554592
v -1.154734 0.262551 -2.653352
v -1.030591 0.479750 -2.673256
v -1.000425 -0.717354 -2.767923
v -0.838091 -0.854193 -2.648254
v -1.056307 -0.486828 -2.802552
v -1.025792 -0.261641 -2.754378
v -0.957669 -0.047457 -2.653393
v -0.950903 0.179653 -2.733064
v -0.863905 0.371050 -2.757183
v -0.909715 -0.914398 -1.374951
v -0.651376 -0.974304 -2.563504
v -0.745939 -1.013530 -2.428172
v -0.808590 -1.011343 -2.249898
v -0.850587 -0.975094 -2.042512
v -0.834173 -0.883050 -1.816010
v -0.845916 -0.860181 -1.598810
v 2.152363 0.703333 -1.180501
v 2.224086 0.343122 -1.086180
v 2.238035 0.267497 -1.329679
v 2.130139 0.582645 -1.429446
v 2.139321 0.020077 -1.061158
v 2.287070 -0.022451 -1.272899
v 2.143027 -0.251049 -1.036191
v 2.279526 -0.307812 -1.254382
v 2.169760 -0.548621 -0.986974
v 2.286368 -0.604277 -1.225285
v 2.074033 -0.809290 -0.974040
v 2.171776 -0.866965 -1.210436
v 1.952166 -1.097028 -0.962420
v 2.001215 -1.126217 -1.211228
v 2.366112 0.257375 -1.588456
v 2.093782 0.472577 -1.650738
v 2.445253 -0.060380 -1.517677
v 2.391681 -0.353490 -1.488566
v 2.363967 -0.652221 -1.463504
v 2.247276 -0.929866 -1.455008
v 1.981696 -1.097473 -1.450284
v 2.359114 0.199079 -1.863933
v 2.096102 0.411072 -1.890132
v 2.445537 -0.120455 -1.800517
v 2.348445 -0.400665 -1.741894
v 2.342981 -0.678545 -1.727210
v 2.182422 -0.923453 -1.711541
v 1.942970 -1.071533 -1.705150
v 2.223792 0.104423 -2.078821
v 2.002782 0.296256 -2.064438
v 2.303685 -0.176539 -2.033712
v 2.251299 -0.441724 -1.977607
v 2.224024 -0.684166 -1.960543
v 2.063616 -0.892227 -1.927742
v 1.814091 -0.968629 -1.883648
v 2.054434 0.017967 -2.245821
v 1.878014 0.207267 -2.232182
v 2.122990 -0.229307 -2.209536
v 2.063873 -0.458943 -2.130158
v 1.990905 -0.654933 -2.090404
v 1.875784 -0.821577 -2.053566
v 1.771160 -0.974800 -2.050993
v 1.914781 -0.019614 -2.448849
v 1.761434 0.148419 -2.403929
v 1.996116 -0.243908 -2.450468
v 1.980677 -0.477957 -2.397844
v 1.892338 -0.676648 -2.313439
v 1.778402 -0.825082 -2.225460
v 1.706855 -1.008210 -2.265198
v 1.732049 -1.361730 -0.967575
v 1.781306 -1.377474 -1.225976
v 1.770795 -1.330537 -1.469392
v 1.716914 -1.240255 -1.705528
v 1.669352 -1.171106 -1.905227
v 1.634297 -1.208621 -2.116196
v 1.554661 -1.186292 -2.303064
v 1.383198 -1.422138 -1.028064
v 1.031057 -1.374718 -1.089814
v 1.098525 -1.545659 -1.309252
v 1.442871 -1.466046 -1.271146
v 0.691425 -1.444694 -1.130030
v 0.734488 -1.467885 -1.365861
v 0.325516 -1.551241 -1.175052
v 0.365367 -1.537638 -1.413915
v -0.049182 -1.542971 -1.228591
v -0.019482 -1.559380 -1.465390
v -0.366080 -1.336603 -1.270557
v -0.356932 -1.359128 -1.514924
v -0.662667 -1.104567 -1.322116
v -0.599162 -1.001942 -1.555170
v 1.142804 -1.617694 -1.551263
v 1.445896 -1.400474 -1.510278
v 0.768036 -1.555402 -1.605084
v 0.402607 -1.423604 -1.643443
v 0.026051 -1.472949 -1.703061
v -0.295325 -1.276495 -1.745091
v -0.633099 -1.170240 -1.785882
v 1.145810 -1.577285 -1.791889
v 1.434447 -1.346188 -1.736936
v 0.782966 -1.591913 -1.837692
v 0.419264 -1.442045 -1.870007
v 0.070597 -1.344259 -1.911978
v -0.307086 -1.398120 -1.981127
v -0.621916 -1.254301 -2.028339
v 1.130358 -1.529860 -2.016645
v 1.428887 -1.381800 -1.957952
v 0.782004 -1.547559 -2.061681
v 0.425060 -1.416923 -2.092084
v 0.087320 -1.363496 -2.126436
v -0.276600 -1.372700 -2.199842
v -0.582247 -1.272942 -2.240705
v 1.108966 -1.477607 -2.233818
v 1.431683 -1.439185 -2.190710
v 0.765705 -1.424048 -2.257607
v 0.442125 -1.261556 -2.253021
v 0.110992 -1.321671 -2.322994
v -0.235862 -1.321524 -2.383604
v -0.520998 -1.235451 -2.423184
v 1.091072 -1.390198 -2.434324
v 1.364514 -1.333074 -2.376637
v 0.753350 -1.333406 -2.445875
v 0.447212 -1.122946 -2.369862
v 0.136280 -1.216559 -2.487613
v -0.189680 -1.233709 -2.553640
v -0.453417 -1.152199 -2.575080
v -1.030789 2.658060 0.386703
v -0.852932 2.739710 0.425089
v -0.841135 2.738060 0.225773
v -1.020481 2.653172 0.202526
v -0.646738 2.747974 0.439380
v -0.641730 2.801260 0.237965
v -0.436978 2.686539 0.425447
v -0.421660 2.741399 0.231732
v -0.258407 2.540440 0.372763
v -0.240442 2.574665 0.202961
v -0.104059 2.427861 0.324959
v -0.087114 2.434739 0.165280
v 0.059443 2.530106 0.350282
v 0.094548 2.535372 0.178218
v -0.832459 2.700459 0.030721
v -1.011615 2.607029 0.022083
v -0.631554 2.757055 0.039802
v -0.408324 2.700410 0.042410
v -0.214502 2.547188 0.038932
v -0.061982 2.455231 0.033977
v 0.111350 2.447282 0.039605
v -0.841957 2.771339 -0.152152
v -1.031499 2.669799 -0.144535
v -0.630425 2.814302 -0.149243
v -0.396313 2.806442 -0.124604
v -0.192555 2.672104 -0.108857
v -0.012242 2.586403 -0.117715
v 0.192858 2.568233 -0.104263
v -0.843522 2.856572 -0.360337
v -1.038483 2.748052 -0.348242
v -0.619619 2.916003 -0.358779
v -0.384309 2.869699 -0.344603
v -0.175609 2.754334 -0.331333
v 0.032830 2.672895 -0.328891
v 0.252343 2.640647 -0.307357
v -0.819840 2.859489 -0.575357
v -1.019474 2.767927 -0.555598
v -0.594124 2.930420 -0.588042
v -0.363264 2.850054 -0.561914
v -0.143102 2.788744 -0.543848
v 0.072960 2.721174 -0.515860
v 0.292167 2.681872 -0.485856
v -0.784107 2.799338 -0.773032
v -0.975300 2.724476 -0.738533
v -0.560243 2.854367 -0.802705
v -0.330903 2.805843 -0.769983
v -0.097089 2.795982 -0.748131
v 0.114617 2.714728 -0.694215
v 0.322717 2.681334 -0.653668
v -1.090880 2.482023 0.451775
v -1.008411 2.560588 0.522658
v -1.122778 2.502960 0.343426
v -0.853207 2.632045 0.594504
v -0.649335 2.628345 0.605012
v -0.450854 2.559055 0.568369
v -0.275523 2.435107 0.497291
v -0.122029 2.347981 0.443263
v 0.042816 2.434308 0.469787
v 0.164459 2.485265 0.470544
v 0.223483 2.544233 0.365221
v 0.278091 2.502948 0.196797
v 0.298037 2.416502 0.047276
v 0.405850 2.542516 -0.078622
v 0.467187 2.590788 -0.289058
v 0.501317 2.621439 -0.467307
v 0.517926 2.637335 -0.629005
v -1.114095 2.609330 -0.709479
v -1.170952 2.639542 -0.538882
v -1.199961 2.631507 -0.335699
v -1.158565 2.523787 -0.144827
v -1.103336 2.425879 0.011317
v -1.137958 2.495790 0.182391
v 0.891996 1.434799 0.846961
v 1.063792 1.391405 0.603229
v 0.906275 1.596792 0.478881
v 0.780526 1.651001 0.723697
v 1.113976 1.325006 0.260095
v 1.082101 1.569873 0.252083
v 1.252821 1.294484 0.018566
v 1.264484 1.578480 0.046503
v 1.536859 1.346207 -0.154945
v 1.302885 1.527547 -0.210962
v 1.649775 1.358065 -0.407530
v 1.447654 1.569354 -0.435109
v 1.606997 1.341542 -0.674984
v 1.492935 1.626080 -0.687442
v 0.971979 1.889021 0.521156
v 0.803659 1.926434 0.737054
v 1.032491 1.815846 0.240025
v 1.217939 1.839185 0.044121
v 1.286460 1.815829 -0.189690
v 1.290463 1.784367 -0.428575
v 1.321997 1.834470 -0.673298
v 0.936470 2.119734 0.501204
v 0.750484 2.125623 0.685142
v 0.982586 2.034753 0.232764
v 1.092194 2.025139 0.015664
v 1.150784 2.014584 -0.204206
v 1.096907 1.953936 -0.421303
v 1.063188 1.953651 -0.618922
v 0.821209 2.289298 0.436698
v 0.656505 2.265739 0.604390
v 0.892372 2.235695 0.198186
v 0.888891 2.131876 -0.027545
v 0.942083 2.135309 -0.227916
v 0.909542 2.083583 -0.413410
v 0.907100 2.125185 -0.606013
v 0.678926 2.429501 0.357340
v 0.549366 2.416175 0.535039
v 0.730829 2.370018 0.139980
v 0.728836 2.271195 -0.061989
v 0.766303 2.263186 -0.244170
v 0.812344 2.307793 -0.428242
v 0.801123 2.334760 -0.617392
v 0.487516 2.517172 0.266907
v 0.392644 2.529418 0.443018
v 0.526663 2.443349 0.083298
v 0.566933 2.394985 -0.080853
v 0.653097 2.472335 -0.258538
v 0.675666 2.498940 -0.448889
v 0.677380 2.518614 -0.623751
v 0.683909 1.531228 1.091907
v 0.250074 2.430897 0.536079
v 0.363921 2.338281 0.623946
v 0.455695 2.238919 0.718967
v 0.525079 2.109064 0.817309
v 0.555207 1.914248 0.869949
v 0.595922 1.713974 0.947533
v -1.351154 1.644739 1.211496
v -1.087559 1.730106 1.333027
v -1.069484 1.875379 1.255285
v -1.339517 1.846406 1.143862
v -0.795989 1.744961 1.371504
v -0.788371 1.882696 1.300602
v -0.501337 1.783723 1.453331
v -0.495818 1.922302 1.368989
v -0.200517 1.719732 1.382651
v -0.196263 1.876396 1.295733
v 0.093608 1.670525 1.321606
v 0.063047 1.797878 1.167385
v 0.425605 1.644813 1.291180
v 0.361397 1.784822 1.130198
v -1.047825 2.048726 1.185379
v -1.282967 2.009635 1.036292
v -0.768092 2.019988 1.204922
v -0.488667 2.040213 1.236077
v -0.214305 1.988460 1.151058
v -0.003909 1.845159 0.941303
v 0.272139 1.878247 0.921444
v -0.988949 2.175274 1.038536
v -1.188118 2.120363 0.891270
v -0.733860 2.156137 1.067169
v -0.482356 2.126157 1.057771
v -0.247460 2.060651 0.972252
v -0.055947 1.901098 0.743478
v 0.240684 2.031597 0.823606
v -0.914696 2.270929 0.860412
v -1.096916 2.202375 0.753339
v -0.691195 2.235234 0.877754
v -0.470710 2.200093 0.860664
v -0.273486 2.111924 0.782242
v -0.081872 2.003551 0.629075
v 0.207070 2.155009 0.725047
v -0.840533 2.263690 0.674186
v -1.007104 2.261523 0.608349
v -0.651862 2.273674 0.721354
v -0.463976 2.201107 0.657809
v -0.295647 2.129974 0.581274
v -0.108655 2.115073 0.544983
v 0.142502 2.253757 0.634212
v -0.852080 2.454009 0.684899
v -0.999430 2.408493 0.581638
v -0.653126 2.455897 0.723437
v -0.453964 2.393711 0.662114
v -0.284024 2.283766 0.563945
v -0.125196 2.241391 0.508191
v 0.066299 2.325606 0.537457
v -1.519628 1.525563 0.957497
v -1.093024 2.360060 0.459744
v -1.109202 2.218346 0.481641
v -1.216111 2.151125 0.604386
v -1.327145 2.068823 0.712703
v -1.439143 1.940755 0.803380
v -1.499201 1.752181 0.887188
v -1.538803 1.480229 -0.993586
v -1.658988 1.458489 -0.718907
v -1.680399 1.701769 -0.699987
v -1.390725 1.651583 -0.862841
v -1.851555 1.468934 -0.457724
v -1.889912 1.718842 -0.462656
v -1.874628 1.464433 -0.147888
v -1.913023 1.713272 -0.157081
v -1.750781 1.451079 0.158657
v -1.797005 1.691751 0.144297
v -1.575518 1.444104 0.404965
v -1.572760 1.655765 0.375728
v -1.477304 1.437042 0.635485
v -1.475860 1.653340 0.583001
v -1.650475 1.906973 -0.677027
v -1.365649 1.842919 -0.808471
v -1.832527 1.934213 -0.447092
v -1.885549 1.939349 -0.157700
v -1.780757 1.914786 0.124551
v -1.599595 1.876613 0.356677
v -1.455187 1.856151 0.536526
v -1.580642 2.096870 -0.661024
v -1.307372 2.007318 -0.756106
v -1.736107 2.126215 -0.427428
v -1.752618 2.114057 -0.159201
v -1.699873 2.100613 0.097594
v -1.528732 2.045240 0.302142
v -1.360636 1.997786 0.464384
v -1.451310 2.216569 -0.592438
v -1.309992 2.194343 -0.764045
v -1.569009 2.253597 -0.387728
v -1.577199 2.225028 -0.157813
v -1.537462 2.194468 0.052805
v -1.391385 2.114328 0.210481
v -1.234327 2.067671 0.374879
v -1.430916 2.402691 -0.590020
v -1.290302 2.367045 -0.763341
v -1.425567 2.359305 -0.360474
v -1.379562 2.280922 -0.161671
v -1.353671 2.237825 0.018127
v -1.249856 2.184423 0.167017
v -1.160504 2.178285 0.324256
v -1.315708 2.542254 -0.561202
v -1.230748 2.517752 -0.745979
v -1.339875 2.519262 -0.351866
v -1.278933 2.417543 -0.156198
v -1.191975 2.302127 0.007301
v -1.184827 2.334281 0.178005
v -1.131765 2.325087 0.317031
vn -0.8028 -0.4956 0.3314
vn -0.4137 -0.7856 0.4601
vn -0.4457 -0.8812 0.1579
vn -0.7370 -0.6757 0.0131
vn -0.3907 -0.6607 0.6409
vn -0.6295 -0.7038 0.3292
vn -0.4891 -0.3896 0.7804
vn -0.8268 -0.3511 0.4395
vn -0.5610 -0.0141 0.8277
vn -0.8649 0.1170 0.4881
vn -0.5526 0.3938 0.7345
vn -0.7248 0.4894 0.4850
vn -0.5193 0.6029 0.6056
vn -0.5902 0.5889 0.5521
vn -0.5374 -0.8416 0.0538
vn -0.6879 -0.6617 0.2982
vn -0.7632 -0.6459 -0.0177
vn -0.9656 -0.2568 0.0411
vn -0.9786 0.1478 0.1435
vn -0.8515 0.3832 0.3579
vn -0.6637 0.4318 0.6107
vn -0.7590 -0.6043 0.2424
vn -0.6785 -0.4393 0.5887
vn -0.8148 -0.5729 -0.0889
vn -0.9633 -0.2597 -0.0676
vn -0.9934 0.0796 0.0829
vn -0.9505 0.2096 0.2295
vn -0.8264 0.3915 0.4046
vn -0.8957 -0.2772 0.3477
vn -0.7959 -0.3637 0.4840
vn -0.8834 -0.4573 0.1025
vn -0.9216 -0.3766 0.0938
vn -0.9576 -0.0191 0.2873
vn -0.9327 0.1188 0.3406
vn -0.8400 0.3147 0.4419
vn -0.9695 -0.1146 0.2166
vn -0.8880 -0.3819 0.2560
vn -0.9389 -0.3330 0.0865
vn -0.9000 -0.4339 0.0428
vn -0.9667 -0.1287 0.2213
vn -0.9059 0.0094 0.4235
vn -0.7766 0.1657 0.6079
vn -0.9877 -0.1342 -0.0798
vn -0.9089 -0.3767 -0.1788
vn -0.9457 -0.3232 0.0354
vn -0.9385 -0.3440 -0.0293
vn -0.9780 -0.1843 -0.0974
vn -0.9901 -0.1166 0.0778
vn -0.9251 0.2037 0.3205
vn -0.7606 -0.4354 0.4816
vn -0.7628 -0.2462 0.5980
vn -0.8185 -0.5260 0.2311
vn -0.4889 -0.5343 0.6895
vn -0.2603 -0.5960 0.7596
vn -0.2487 -0.3440 0.9054
vn -0.2007 -0.0907 0.9755
vn -0.1789 0.2004 0.9632
vn -0.2045 0.4047 0.8913
vn -0.1968 0.6180 0.7611
vn -0.3648 0.7600 0.5379
vn -0.3527 0.6834 0.6392
vn -0.3442 0.6253 0.7004
vn -0.4284 0.7593 0.4899
vn -0.3895 0.7384 0.5505
vn -0.3741 0.5536 0.7440
vn -0.5673 0.6490 0.5070
vn -0.7804 0.6092 0.1406
vn -0.9672 0.2305 -0.1066
vn -0.9798 -0.1250 -0.1564
vn -0.9953 -0.0874 0.0419
vn -0.9409 -0.1862 0.2830
vn -0.8538 -0.4583 0.2470
vn -0.9379 -0.3467 0.0120
vn -0.9070 -0.3887 -0.1620
vn -0.5588 -0.8046 -0.2008
vn -0.5546 -0.8141 -0.1719
vn -0.5603 -0.8004 0.2133
vn -0.4867 -0.7269 0.4844
vn -0.4454 -0.6568 0.6084
vn -0.7209 -0.6251 0.2991
vn -0.8354 -0.5487 -0.0325
vn -0.8879 -0.4432 0.1234
vn -0.8615 -0.4818 0.1603
vn -0.8883 -0.4583 -0.0302
vn -0.8981 -0.4364 0.0552
vn -0.8344 -0.5219 0.1773
vn -0.8799 -0.4460 -0.1639
vn -0.9724 -0.1176 0.2014
vn -0.9679 -0.0963 -0.2322
vn -0.9853 0.1249 0.1163
vn -0.9587 0.2087 -0.1934
vn -0.9946 0.0156 -0.1031
vn -0.9888 0.0578 -0.1376
vn -0.9805 0.1287 -0.1485
vn -0.9981 0.0029 -0.0617
vn -0.8832 -0.3025 -0.3583
vn -0.9181 -0.3470 -0.1915
vn -0.8198 -0.2449 -0.5177
vn -0.8351 -0.0958 -0.5418
vn -0.9062 0.0662 -0.4176
vn -0.9752 -0.1215 -0.1849
vn -0.9910 -0.1300 0.0333
vn -0.9513 -0.1808 -0.2495
vn -0.8867 -0.3183 -0.3354
vn -0.9577 -0.2300 -0.1728
vn -0.9623 -0.2637 -0.0665
vn -0.9960 -0.0838 0.0322
vn -0.9657 -0.2514 0.0642
vn -0.9565 -0.2587 0.1352
vn -0.9459 -0.2843 0.1565
vn -0.8614 -0.5020 -0.0779
vn -0.8789 -0.3212 0.3526
vn -0.7916 -0.3677 0.4880
vn -0.8866 -0.0167 0.4622
vn -0.9623 -0.0876 0.2576
vn -0.9804 -0.1928 -0.0402
vn -0.9114 -0.3974 0.1068
vn -0.7599 -0.6470 0.0619
vn -0.8765 -0.4616 0.1369
vn -0.8655 -0.4817 0.1371
vn -0.9899 -0.0081 0.1414
vn -0.9801 0.1584 0.1194
vn -0.9991 0.0369 -0.0228
vn -0.8915 -0.4528 0.0139
vn -0.6976 -0.7141 -0.0594
vn -0.9235 -0.3784 -0.0625
vn -0.8541 -0.4338 -0.2868
vn -0.9472 -0.1406 -0.2883
vn -0.9916 0.0915 -0.0917
vn -0.9806 0.1891 -0.0527
vn -0.5983 -0.7812 0.1785
vn -0.8934 0.4484 -0.0270
vn -0.9522 0.2875 0.1028
vn -0.9774 0.0104 0.2112
vn -0.9728 -0.1354 0.1878
vn -0.9730 -0.0730 -0.2189
vn -0.9656 0.1402 -0.2189
vn -0.9066 0.3854 -0.1718
vn -0.6095 0.5209 -0.5976
vn -0.8632 0.2449 -0.4414
vn -0.9199 -0.0906 -0.3815
vn -0.8719 -0.2505 -0.4208
vn -0.9733 -0.1199 -0.1959
vn -0.9713 -0.1896 0.1433
vn -0.8274 -0.5383 0.1604
vn -0.6127 -0.7903 -0.0038
vn -0.5972 -0.8013 -0.0362
vn -0.5741 -0.8037 -0.1563
vn -0.5796 -0.8148 0.0113
vn -0.6125 -0.7197 -0.3270
vn -0.6687 -0.6080 -0.4280
vn -0.7591 -0.6470 -0.0714
vn -0.6916 -0.6900 0.2136
vn 0.7382 -0.6741 -0.0259
vn 0.9310 -0.3598 0.0612
vn 0.8190 -0.3222 0.4748
vn 0.7113 -0.6348 0.3018
vn 0.9859 0.0848 0.1442
vn 0.8544 0.0853 0.5126
vn 0.8505 0.4532 0.2669
vn 0.7304 0.4967 0.4689
vn 0.8266 0.3433 0.4460
vn 0.7253 0.4457 0.5246
vn 0.8861 -0.1249 0.4463
vn 0.8433 -0.1327 0.5209
vn 0.8862 -0.0798 0.4564
vn 0.8217 -0.1319 0.5544
vn 0.7733 -0.2184 0.5952
vn 0.7631 -0.4913 0.4199
vn 0.7327 0.0881 0.6748
vn 0.5944 0.4767 0.6477
vn 0.6732 0.4351 0.5979
vn 0.8921 -0.0914 0.4426
vn 0.9231 -0.1789 0.3403
vn 0.8164 -0.1281 0.5631
vn 0.8347 -0.3236 0.4456
vn 0.8450 0.0913 0.5270
vn 0.8024 0.5059 0.3165
vn 0.8919 0.4153 0.1793
vn 0.9967 -0.0807 0.0072
vn 0.9958 -0.0886 -0.0243
vn 0.9276 -0.1927 0.3199
vn 0.8626 -0.2474 0.4413
vn 0.9917 -0.1005 0.0801
vn 0.9684 0.2119 -0.1312
vn 0.8676 0.4574 -0.1951
vn 0.9933 0.0604 -0.0986
vn 0.9830 -0.1319 0.1273
vn 0.9020 -0.4051 0.1491
vn 0.8307 -0.3816 0.4053
vn 0.9629 -0.2665 0.0428
vn 0.9989 0.0421 0.0199
vn 0.8866 0.4622 -0.0140
vn 0.9212 0.3835 0.0653
vn 0.9378 -0.0532 0.3431
vn 0.7437 -0.5577 0.3686
vn 0.7242 -0.5433 0.4246
vn 0.8520 -0.3400 0.3982
vn 0.8972 -0.0228 0.4410
vn 0.8146 0.4189 0.4012
vn 0.6475 0.6599 0.3812
vn 0.7562 0.1999 0.6231
vn 0.6894 -0.7101 0.1428
vn 0.7964 -0.6044 -0.0206
vn 0.5775 -0.8163 0.0102
vn 0.9151 -0.4008 -0.0435
vn 0.9641 -0.0946 0.2482
vn 0.7890 0.2882 0.5425
vn 0.7219 0.3015 0.6229
vn 0.7955 -0.0966 0.5981
vn 0.7979 -0.1071 0.5931
vn 0.7501 0.2875 0.5956
vn 0.7737 0.2625 0.5766
vn 0.7028 0.2128 0.6788
vn 0.8802 0.2911 0.3749
vn 0.9289 0.3657 0.0586
vn 0.9074 0.2462 0.3406
vn 0.7915 0.0794 0.6060
vn 0.6404 -0.0855 0.7633
vn 0.5492 -0.1925 0.8132
vn 0.5411 0.3511 0.7641
vn 0.3739 0.6756 0.6354
vn 0.5252 0.3561 0.7729
vn 0.6213 -0.0433 0.7823
vn 0.6086 -0.3655 0.7042
vn 0.5794 -0.5593 0.5928
vn 0.6940 -0.4970 0.5209
vn 0.7325 -0.4797 0.4830
vn 0.7794 -0.4692 0.4153
vn 0.7030 -0.4401 0.5587
vn 0.7474 -0.5244 0.4080
vn 0.7219 -0.6525 0.2305
vn 0.6008 -0.7793 0.1781
vn 0.5138 -0.8507 0.1115
vn 0.7488 -0.3666 0.5522
vn 0.6301 -0.4001 0.6655
vn 0.5914 -0.2651 0.7615
vn 0.6188 -0.4102 0.6699
vn 0.4895 -0.2959 0.8202
vn 0.4737 -0.1059 0.8743
vn 0.3529 0.0361 0.9350
vn 0.2350 0.2302 0.9444
vn 0.2166 0.3406 0.9149
vn 0.0686 0.3659 0.9281
vn 0.2244 0.5659 0.7934
vn 0.0147 0.4712 0.8819
vn 0.3603 0.3653 0.8583
vn -0.0403 0.3632 0.9308
vn 0.2151 -0.2465 0.9450
vn 0.2563 -0.4894 0.8336
vn 0.1588 0.0074 0.9873
vn 0.0744 0.3785 0.9226
vn -0.0202 0.4245 0.9052
vn -0.0704 0.4733 0.8781
vn -0.1259 0.4231 0.8973
vn -0.2429 -0.1716 0.9548
vn -0.1809 -0.4723 0.8626
vn -0.2920 0.0682 0.9540
vn -0.2582 0.3814 0.8876
vn -0.1961 0.4076 0.8919
vn -0.0654 0.4000 0.9142
vn -0.0154 0.5266 0.8500
vn -0.5749 -0.0547 0.8164
vn -0.5816 -0.3763 0.7212
vn -0.5976 0.1369 0.7900
vn -0.5424 0.2772 0.7931
vn -0.3821 0.2398 0.8925
vn -0.2018 0.2412 0.9493
vn -0.0314 0.4949 0.8684
vn -0.7735 0.0015 0.6338
vn -0.8110 -0.2715 0.5183
vn -0.6150 0.0280 0.7880
vn -0.3395 0.0435 0.9396
vn -0.1628 0.0771 0.9836
vn -0.0636 0.1128 0.9916
vn 0.0901 0.3467 0.9336
vn -0.6970 -0.2198 0.6826
vn -0.8118 -0.1883 0.5528
vn -0.3678 -0.3698 0.8532
vn -0.0602 -0.2178 0.9741
vn 0.0635 -0.0300 0.9975
vn 0.1060 0.0842 0.9908
vn 0.1155 0.2528 0.9606
vn 0.7468 -0.5406 0.3873
vn 0.3104 0.0093 0.9506
vn -0.0324 0.1029 0.9942
vn -0.2285 0.1500 0.9619
vn -0.2318 0.3654 0.9015
vn -0.0298 0.5812 0.8132
vn 0.2189 0.6180 0.7551
vn 0.0941 0.6031 0.7921
vn -0.7084 -0.5975 0.3756
vn -0.7545 -0.6154 0.2282
vn -0.5783 -0.7345 0.3552
vn -0.1663 -0.8480 0.5032
vn 0.2494 -0.8196 0.5157
vn 0.5840 -0.6830 0.4386
vn -0.1168 -0.9774 -0.1762
vn 0.1069 -0.9910 -0.0811
vn 0.1349 -0.9877 0.0795
vn -0.1480 -0.9777 0.1488
vn -0.3204 -0.9389 0.1253
vn -0.0914 -0.9957 0.0162
vn -0.5085 -0.8069 0.3005
vn -0.4355 -0.8944 0.1017
vn -0.1335 -0.8803 0.4552
vn -0.1866 -0.9548 0.2312
vn 0.2862 -0.8207 0.4945
vn 0.1555 -0.9719 0.1768
vn 0.4843 -0.8328 0.2683
vn 0.3245 -0.9427 0.0773
vn -0.1371 -0.9885 0.0644
vn -0.1963 -0.9010 0.3869
vn -0.1022 -0.9628 -0.2503
vn -0.2568 -0.9291 -0.2662
vn -0.2055 -0.9533 -0.2215
vn 0.1404 -0.9716 -0.1906
vn 0.3711 -0.9269 -0.0567
vn -0.5424 -0.8332 0.1071
vn -0.4423 -0.8008 0.4039
vn -0.2559 -0.9635 -0.0784
vn -0.1981 -0.9653 -0.1703
vn -0.2020 -0.9664 -0.1592
vn 0.2012 -0.9756 -0.0881
vn 0.5002 -0.8652 0.0363
vn -0.6354 -0.7312 0.2481
vn -0.6203 -0.7604 0.1926
vn -0.4235 -0.8847 0.1949
vn -0.2671 -0.9625 0.0471
vn -0.1676 -0.9829 0.0764
vn 0.2401 -0.9471 0.2130
vn 0.5395 -0.7847 0.3052
vn -0.5792 -0.8034 0.1377
vn -0.5498 -0.8346 0.0343
vn -0.5737 -0.8152 0.0792
vn -0.3060 -0.9510 0.0441
vn -0.0076 -0.9833 0.1820
vn 0.3313 -0.8595 0.3892
vn 0.5485 -0.6566 0.5177
vn -0.6060 -0.7954 -0.0098
vn -0.5367 -0.8317 0.1422
vn -0.5674 -0.8234 0.0027
vn -0.2212 -0.9625 0.1572
vn 0.1764 -0.9468 0.2691
vn 0.4886 -0.8007 0.3465
vn 0.6444 -0.6301 0.4332
vn -0.0713 -0.9908 -0.1146
vn -0.1052 -0.9934 -0.0451
vn -0.5557 -0.8314 -0.0057
vn -0.5307 -0.8455 0.0587
vn -0.1104 -0.9714 0.2102
vn 0.4337 -0.8332 0.3431
vn 0.6623 -0.6907 0.2903
vn 0.3831 0.5129 0.7682
vn 0.1150 0.6474 0.7535
vn 0.1949 0.7599 0.6201
vn 0.4042 0.5815 0.7060
vn 0.3067 0.7099 0.6340
vn 0.3158 0.6890 0.6523
vn 0.1497 0.8161 0.5582
vn 0.1726 0.6575 0.7334
vn -0.2837 0.7889 0.5450
vn -0.2907 0.6276 0.7222
vn -0.4537 0.6504 0.6092
vn -0.5120 0.5205 0.6833
vn -0.3498 0.7022 0.6201
vn -0.3076 0.6023 0.7366
vn 0.2458 0.9361 0.2514
vn 0.6064 0.7280 0.3197
vn 0.1270 0.8881 0.4419
vn 0.0297 0.6441 0.7644
vn -0.2709 0.4376 0.8574
vn -0.4191 0.4737 0.7746
vn -0.2700 0.7216 0.6375
vn 0.2564 0.9454 0.2012
vn 0.6533 0.7430 0.1458
vn -0.1546 0.9416 0.2991
vn -0.3212 0.7366 0.5952
vn -0.3828 0.5318 0.7554
vn -0.2156 0.6593 0.7203
vn -0.0969 0.8413 0.5318
vn 0.2104 0.8082 0.5500
vn 0.6210 0.6172 0.4831
vn -0.2632 0.8136 0.5185
vn -0.5187 0.7040 0.4851
vn -0.4748 0.6670 0.5742
vn -0.1371 0.7765 0.6151
vn 0.0165 0.7854 0.6188
vn 0.1223 0.5367 0.8348
vn 0.5037 0.3905 0.7706
vn -0.2671 0.5658 0.7800
vn -0.5464 0.5130 0.6620
vn -0.4331 0.6089 0.6646
vn -0.0410 0.7918 0.6094
vn -0.0261 0.8111 0.5844
vn 0.0255 0.2326 0.9722
vn 0.3574 0.1562 0.9208
vn -0.2541 0.2409 0.9367
vn -0.4777 0.2405 0.8450
vn -0.2362 0.5391 0.8084
vn 0.1506 0.7572 0.6355
vn -0.0297 0.8299 0.5572
vn 0.4760 0.5099 0.7165
vn 0.0763 0.5747 0.8148
vn 0.2302 0.5613 0.7949
vn 0.0878 0.6299 0.7717
vn -0.2440 0.6194 0.7462
vn -0.3826 0.5129 0.7685
vn -0.5266 0.6025 0.5997
vn -0.3048 0.4556 -0.8363
vn -0.1329 0.5899 -0.7965
vn -0.2168 0.7467 -0.6288
vn -0.4152 0.5403 -0.7319
vn 0.1023 0.7225 -0.6837
vn 0.1083 0.8109 -0.5751
vn 0.1730 0.8220 -0.5425
vn 0.1244 0.7822 -0.6104
vn 0.2012 0.8631 -0.4632
vn 0.2064 0.8140 -0.5430
vn 0.4692 0.7998 -0.3745
vn 0.5281 0.6978 -0.4839
vn 0.4139 0.8389 -0.3536
vn 0.4120 0.6782 -0.6085
vn -0.2598 0.8538 -0.4511
vn -0.5094 0.7484 -0.4247
vn 0.2338 0.8248 -0.5147
vn 0.1156 0.7080 -0.6967
vn 0.1699 0.7494 -0.6400
vn 0.6041 0.5882 -0.5377
vn 0.4323 0.5734 -0.6959
vn -0.1813 0.7702 -0.6114
vn -0.3981 0.8155 -0.4201
vn 0.3789 0.6951 -0.6109
vn 0.1903 0.5516 -0.8121
vn 0.1158 0.4846 -0.8671
vn 0.6032 0.4275 -0.6733
vn 0.4291 0.6559 -0.6210
vn -0.0719 0.6145 -0.7856
vn -0.1914 0.7154 -0.6720
vn 0.4348 0.6208 -0.6524
vn 0.2789 0.6210 -0.7325
vn 0.1047 0.4307 -0.8964
vn 0.4930 0.4046 -0.7702
vn 0.3789 0.6625 -0.6461
vn -0.0525 0.7184 -0.6936
vn -0.1165 0.7112 -0.6933
vn 0.3852 0.7622 -0.5203
vn 0.3541 0.7928 -0.4961
vn 0.1732 0.7603 -0.6260
vn 0.4000 0.7027 -0.5884
vn 0.3637 0.7753 -0.5164
vn -0.0652 0.7614 -0.6450
vn -0.1841 0.6587 -0.7295
vn 0.3296 0.7625 -0.5568
vn 0.3604 0.8105 -0.4618
vn 0.1456 0.9117 -0.3843
vn 0.3021 0.9214 -0.2446
vn 0.3648 0.9044 -0.2214
vn -0.2920 0.5885 -0.7539
vn -0.3877 0.3702 -0.8442
vn -0.1186 0.6438 -0.7559
vn 0.1493 0.7443 -0.6510
vn 0.2494 0.8519 -0.4605
vn 0.2055 0.9171 -0.3416
vn 0.3699 0.8511 -0.3726
vn 0.4879 0.6873 -0.5381
vn 0.6717 0.7207 -0.1715
vn 0.4822 0.8280 -0.2862
vn 0.4237 0.6756 -0.6034
vn 0.2881 0.6959 -0.6578
vn 0.1787 0.8149 -0.5513
vn 0.1287 0.7932 -0.5952
vn 0.1799 0.8481 -0.4984
vn 0.2664 0.9103 -0.3168
vn 0.3266 0.8398 -0.4336
vn 0.4426 0.8078 -0.3894
vn 0.3257 0.8321 -0.4490
vn 0.0074 0.8091 -0.5876
vn 0.2860 0.6537 -0.7006
vn 0.3535 0.5605 -0.7489
vn -0.0827 0.5529 -0.8291
vn -0.3041 0.4153 -0.8573
vn -0.0968 0.4564 -0.8845
vn -0.2444 0.2381 -0.9400
vn -0.1223 0.6623 -0.7392
vn -0.2222 0.7883 -0.5738
vn -0.3997 0.8874 -0.2298
vn -0.5331 0.7881 -0.3077
vn -0.4384 0.4595 -0.7724
vn 0.8217 -0.2059 0.5314
vn 0.8579 0.0097 0.5137
vn 0.9090 0.2047 0.3632
vn 0.9415 -0.2275 0.2487
vn 0.6740 0.3961 0.6235
vn 0.7614 0.4901 0.4243
vn 0.6661 0.1042 0.7385
vn 0.8384 0.0784 0.5393
vn 0.6912 -0.3361 0.6397
vn 0.7321 -0.3860 0.5613
vn 0.7369 -0.4362 0.5164
vn 0.6676 -0.3571 0.6533
vn 0.6917 -0.3977 0.6028
vn 0.6431 -0.2699 0.7166
vn 0.7970 0.3450 0.4958
vn 0.9027 -0.0407 0.4284
vn 0.8007 0.4490 0.3967
vn 0.9224 0.1078 0.3710
vn 0.8239 -0.2261 0.5197
vn 0.7193 -0.3121 0.6206
vn 0.7528 -0.3921 0.5286
vn 0.6244 0.3066 0.7184
vn 0.6223 0.1044 0.7758
vn 0.7868 0.2285 0.5733
vn 0.8743 0.1211 0.4701
vn 0.8319 0.0152 0.5548
vn 0.7036 -0.3211 0.6339
vn 0.6632 -0.6046 0.4411
vn 0.7122 0.1538 0.6850
vn 0.6523 0.1235 0.7478
vn 0.7774 0.0485 0.6271
vn 0.8269 0.0821 0.5563
vn 0.8918 0.0063 0.4524
vn 0.8417 -0.3947 0.3684
vn 0.6084 -0.7696 0.1941
vn 0.9152 0.1020 0.3899
vn 0.9292 0.1671 0.3296
vn 0.8869 0.0511 0.4590
vn 0.8436 0.0746 0.5318
vn 0.8213 -0.0667 0.5666
vn 0.7601 -0.4188 0.4969
vn 0.4723 -0.8528 0.2230
vn 0.9173 0.0936 0.3871
vn 0.9125 0.2991 0.2792
vn 0.9230 0.1044 0.3704
vn 0.8729 0.1827 0.4524
vn 0.7875 -0.0387 0.6152
vn 0.6283 -0.4116 0.6602
vn 0.3098 -0.7394 0.5978
vn 0.7675 0.2502 0.5902
vn 0.5205 -0.5847 0.6223
vn 0.4502 -0.6147 0.6476
vn 0.5877 -0.7377 0.3322
vn 0.5608 -0.8214 0.1041
vn 0.4112 -0.9081 -0.0797
vn 0.2971 -0.9514 0.0814
vn 0.1629 -0.8430 0.5126
vn 0.1626 -0.7434 0.6488
vn 0.5249 -0.6774 0.5153
vn 0.8287 -0.4526 0.3292
vn 0.9624 -0.0701 0.2626
vn 0.9462 0.2093 0.2469
vn 0.9210 0.0654 0.3840
vn 0.8792 0.0478 0.4740
vn 0.8285 0.4556 0.3256
vn 0.8901 0.4545 0.0332
vn 0.9256 0.3070 0.2216
vn 0.6665 0.1794 0.7236
vn 0.6637 0.0959 0.7419
vn 0.9653 0.0948 0.2435
vn 0.9576 0.1722 0.2309
vn 0.5564 -0.7375 0.3828
vn 0.4801 -0.8745 0.0696
vn 0.3079 -0.9266 0.2159
vn 0.2624 -0.8542 0.4488
vn -0.0302 -0.9951 -0.0943
vn 0.0259 -0.9994 0.0230
vn -0.4750 -0.8746 -0.0974
vn -0.3690 -0.9288 0.0348
vn -0.4963 -0.8618 0.1046
vn -0.3169 -0.9212 0.2260
vn -0.1417 -0.9426 0.3022
vn -0.0481 -0.9234 0.3807
vn -0.1180 -0.9396 0.3214
vn -0.2227 -0.9040 0.3650
vn 0.2379 -0.9221 0.3053
vn 0.2972 -0.9320 0.2074
vn 0.0761 -0.9224 0.3786
vn -0.2987 -0.9105 0.2859
vn -0.3103 -0.9327 0.1838
vn -0.0569 -0.9942 0.0909
vn -0.2460 -0.9691 0.0199
vn 0.4288 -0.9033 0.0122
vn 0.3788 -0.9205 -0.0960
vn 0.2337 -0.9565 0.1744
vn -0.2554 -0.9608 0.1083
vn -0.4757 -0.8717 -0.1179
vn -0.1620 -0.9253 -0.3429
vn -0.1586 -0.9023 -0.4009
vn 0.5069 -0.8583 -0.0794
vn 0.4099 -0.8999 -0.1487
vn 0.3660 -0.9208 -0.1350
vn -0.1607 -0.9473 -0.2770
vn -0.5264 -0.7654 -0.3702
vn -0.2719 -0.8948 -0.3540
vn -0.1182 -0.9288 -0.3512
vn 0.4672 -0.7941 0.3888
vn 0.4671 -0.8499 0.2438
vn 0.2225 -0.9693 0.1048
vn -0.1601 -0.9472 -0.2778
vn -0.5077 -0.8301 -0.2307
vn -0.3073 -0.9510 0.0349
vn -0.1989 -0.9749 0.1000
vn 0.4131 -0.7674 0.4903
vn 0.4173 -0.7098 0.5675
vn -0.0179 -0.9499 0.3122
vn -0.2555 -0.9561 0.1437
vn -0.4119 -0.8929 0.1817
vn -0.2900 -0.9250 0.2454
vn -0.3127 -0.9390 0.1428
vn -0.4142 -0.9082 -0.0601
vn -0.4123 -0.8888 0.2000
vn -0.3496 -0.8635 0.3634
vn -0.1530 -0.9584 0.2411
vn 0.0825 -0.9963 0.0224
vn 0.3596 -0.9180 0.1672
vn 0.2215 -0.8026 0.5539
vn 0.3878 0.4542 -0.8021
vn 0.2348 0.6650 -0.7090
vn 0.3744 0.2537 -0.8919
vn 0.2181 0.4298 -0.8762
vn 0.3900 0.6313 -0.6703
vn 0.4230 0.0369 -0.9054
vn 0.2931 0.5270 -0.7977
vn 0.1000 0.2416 -0.9652
vn 0.1273 0.7073 -0.6954
vn -0.0429 0.6768 -0.7349
vn -0.1379 0.7906 -0.5966
vn -0.1802 0.8513 -0.4927
vn -0.2667 0.7848 -0.5593
vn -0.2416 0.8727 -0.4243
vn 0.5908 0.1974 -0.7823
vn 0.3651 0.4825 -0.7962
vn 0.3235 0.1266 -0.9377
vn -0.1536 0.2820 -0.9470
vn -0.3050 0.6493 -0.6967
vn -0.2548 0.8630 -0.4361
vn -0.2236 0.8555 -0.4669
vn 0.6040 0.4222 -0.6760
vn 0.6326 0.5090 -0.5837
vn 0.2084 0.3612 -0.9089
vn -0.3141 0.2633 -0.9121
vn -0.5040 0.3176 -0.8032
vn -0.3947 0.3854 -0.8341
vn -0.2815 0.3113 -0.9077
vn 0.4977 0.6107 -0.6159
vn 0.6584 0.4735 -0.5851
vn 0.1188 0.5854 -0.8020
vn -0.3385 0.2987 -0.8923
vn -0.4497 -0.0442 -0.8921
vn -0.2792 -0.2787 -0.9189
vn -0.2719 -0.3312 -0.9035
vn 0.3933 0.6469 -0.6533
vn 0.5253 0.5325 -0.6637
vn 0.1134 0.6130 -0.7819
vn -0.2262 0.3704 -0.9009
vn -0.2672 0.0574 -0.9619
vn -0.1736 -0.0754 -0.9819
vn -0.3627 -0.0799 -0.9285
vn 0.3144 0.7035 -0.6374
vn 0.3821 0.6575 -0.6494
vn 0.1699 0.6441 -0.7459
vn -0.0840 0.4584 -0.8848
vn -0.1349 0.2953 -0.9458
vn -0.1690 0.2921 -0.9413
vn -0.4119 0.2861 -0.8652
vn 0.7410 0.4316 -0.5144
vn -0.4864 0.7522 -0.4445
vn -0.3738 0.8448 -0.3829
vn -0.2502 0.7309 -0.6349
vn -0.2624 0.2158 -0.9405
vn -0.3835 -0.2112 -0.8990
vn -0.4852 0.0331 -0.8738
vn -0.5100 0.3341 -0.7926
vn -0.5413 0.5114 -0.6674
vn -0.4380 0.5470 -0.7134
vn -0.2363 0.5706 -0.7865
vn -0.0780 0.5915 -0.8025
vn 0.0330 0.6970 -0.7163
vn 0.2317 0.7885 -0.5697
vn 0.2947 0.8313 -0.4712
vn 0.2513 0.8436 -0.4744
vn 0.5560 0.6597 -0.5056
vn 0.3528 0.8256 -0.4403
vn 0.7132 0.4806 -0.5102
vn 0.7551 0.4344 -0.4910
vn 0.5435 0.7029 -0.4588
vn 0.4092 0.7821 -0.4700
vn 0.6341 0.5651 -0.5277
vn -0.2234 -0.6365 -0.7382
vn -0.1669 -0.3924 -0.9045
vn 0.2406 -0.3367 -0.9103
vn 0.2492 -0.5401 -0.8039
vn -0.0661 0.0040 -0.9978
vn 0.2282 0.0569 -0.9720
vn -0.0063 0.2872 -0.9579
vn 0.1641 0.1579 -0.9737
vn -0.1237 0.2093 -0.9700
vn -0.0885 -0.1563 -0.9837
vn -0.3275 -0.0850 -0.9410
vn -0.2280 -0.1948 -0.9540
vn -0.3971 0.0574 -0.9160
vn -0.1675 0.1861 -0.9681
vn 0.4779 -0.2864 -0.8304
vn 0.3552 -0.3152 -0.8801
vn 0.4433 -0.0594 -0.8944
vn 0.2598 -0.1757 -0.9496
vn 0.1249 -0.3904 -0.9121
vn 0.2113 -0.1573 -0.9647
vn 0.3306 0.2717 -0.9038
vn 0.0622 -0.1263 -0.9900
vn -0.0733 -0.1526 -0.9856
vn 0.0665 -0.3238 -0.9438
vn -0.1004 -0.4553 -0.8846
vn -0.1300 -0.3332 -0.9338
vn 0.0239 0.0319 -0.9992
vn 0.1686 0.4143 -0.8944
vn -0.1998 0.0767 -0.9768
vn -0.2481 -0.1958 -0.9487
vn -0.1772 -0.3449 -0.9218
vn -0.1043 -0.5544 -0.8257
vn -0.0910 -0.2369 -0.9673
vn -0.0980 0.1723 -0.9802
vn -0.0822 0.5251 -0.8470
vn 0.0725 0.0786 -0.9943
vn 0.0665 -0.2856 -0.9561
vn 0.0625 -0.1984 -0.9781
vn 0.1459 -0.4871 -0.8610
vn 0.2859 -0.2197 -0.9327
vn 0.3647 0.2155 -0.9058
vn 0.3676 0.5576 -0.7442
vn 0.4210 -0.0818 -0.9034
vn 0.4669 -0.3188 -0.8248
vn 0.2896 -0.2368 -0.9274
vn 0.2615 -0.3439 -0.9019
vn 0.3359 -0.1242 -0.9337
vn 0.4041 0.3051 -0.8623
vn 0.4452 0.5898 -0.6738
vn -0.4312 -0.6501 -0.6257
vn -0.3187 -0.7015 -0.6375
vn -0.2640 -0.6553 -0.7077
vn -0.2600 -0.4806 -0.8375
vn -0.2608 -0.0681 -0.9630
vn -0.2347 0.3018 -0.9240
vn -0.2027 0.3256 -0.9235
vn -0.1933 -0.0199 -0.9809
vn -0.1966 -0.0183 -0.9803
vn 0.3383 0.7095 -0.6182
vn 0.4470 0.3921 -0.8040
vn 0.5088 -0.0391 -0.8600
vn 0.4978 -0.3250 -0.8041
vn 0.5408 -0.4449 -0.7138
vn 0.6830 -0.3267 -0.6532
vn 0.7128 -0.3524 -0.6065
vn 0.4458 -0.6151 -0.6503
vn 0.6401 -0.5575 -0.5286
vn 0.0495 -0.6418 -0.7653
vn -0.3087 -0.5880 -0.7476
vn -0.1240 -0.5525 -0.8243
vn 0.2744 -0.4725 -0.8375
vn 0.1590 -0.5749 -0.8026
vn -0.4931 -0.8699 0.0117
vn -0.7778 -0.6228 0.0847
vn -0.7129 -0.6732 -0.1964
vn -0.3970 -0.8997 -0.1812
vn -0.9785 -0.1896 0.0809
vn -0.9406 -0.2560 -0.2231
vn -0.9799 0.1987 -0.0162
vn -0.9288 0.2599 -0.2643
vn -0.9416 0.0034 -0.3366
vn -0.8597 0.3423 -0.3792
vn -0.7568 -0.1349 -0.6395
vn -0.8411 0.1231 -0.5267
vn -0.6064 0.1657 -0.7777
vn -0.6596 0.2508 -0.7085
vn -0.6434 -0.7324 -0.2228
vn -0.4353 -0.8890 -0.1424
vn -0.9258 -0.2975 -0.2331
vn -0.9169 0.2864 -0.2781
vn -0.8923 0.3917 -0.2244
vn -0.9583 0.2630 -0.1115
vn -0.8478 0.5181 -0.1135
vn -0.6265 -0.7445 -0.2306
vn -0.5838 -0.8117 -0.0170
vn -0.8545 -0.3384 -0.3941
vn -0.8975 0.1945 -0.3959
vn -0.9535 0.2578 -0.1560
vn -0.9814 0.1855 -0.0493
vn -0.7660 0.6256 -0.1480
vn -0.7530 -0.6359 -0.1691
vn -0.6660 -0.7447 0.0422
vn -0.8025 -0.2393 -0.5466
vn -0.7559 0.0733 -0.6505
vn -0.8450 -0.0032 -0.5348
vn -0.8537 0.0936 -0.5123
vn -0.5913 0.5537 -0.5864
vn -0.7954 -0.5265 -0.3003
vn -0.5570 -0.8072 -0.1953
vn -0.8564 -0.0681 -0.5119
vn -0.7104 0.1489 -0.6879
vn -0.6256 -0.0749 -0.7766
vn -0.5606 -0.0433 -0.8270
vn -0.3722 0.3845 -0.8448
vn -0.4873 -0.5234 -0.6990
vn -0.3034 -0.7834 -0.5424
vn -0.6290 -0.0449 -0.7761
vn -0.5803 0.2875 -0.7620
vn -0.4649 0.1407 -0.8741
vn -0.3115 -0.0972 -0.9453
vn -0.1610 0.1561 -0.9745
vn -0.4119 -0.8808 -0.2335
vn -0.4268 -0.6871 -0.5880
vn -0.5613 -0.7514 -0.3470
vn -0.7011 -0.7097 -0.0693
vn -0.7345 -0.6731 0.0866
vn -0.5873 -0.8015 0.1128
vn -0.4060 -0.9094 -0.0904
vn 0.8817 0.4717 -0.0122
vn 0.9626 0.0644 0.2633
vn 0.9424 0.2738 0.1921
vn 0.8128 0.5058 -0.2889
vn 0.9187 0.0164 0.3947
vn 0.8817 0.0671 0.4671
vn 0.9393 0.1193 0.3217
vn 0.8818 0.0255 0.4710
vn 0.9646 -0.1008 0.2437
vn 0.8973 -0.1437 0.4173
vn 0.8825 -0.4067 0.2360
vn 0.8257 -0.4607 0.3256
vn 0.7538 -0.5844 0.3003
vn 0.7714 -0.6226 0.1319
vn 0.8715 0.4868 0.0593
vn 0.6137 0.7237 -0.3157
vn 0.9715 0.0581 0.2298
vn 0.9761 -0.0995 0.1933
vn 0.9639 -0.2330 0.1293
vn 0.7854 -0.6168 0.0520
vn 0.6644 -0.7382 -0.1162
vn 0.8065 0.4595 -0.3721
vn 0.4442 0.7672 -0.4627
vn 0.9641 -0.0503 -0.2609
vn 0.9543 -0.1855 -0.2341
vn 0.9148 -0.2999 -0.2705
vn 0.6512 -0.6979 -0.2981
vn 0.5330 -0.7570 -0.3779
vn 0.6544 0.3454 -0.6726
vn 0.3333 0.6832 -0.6497
vn 0.7959 -0.1123 -0.5949
vn 0.7754 -0.2460 -0.5816
vn 0.6979 -0.3462 -0.6269
vn 0.4749 -0.6572 -0.5853
vn 0.5685 -0.6955 -0.4393
vn 0.6628 0.3692 -0.6514
vn 0.3479 0.7359 -0.5808
vn 0.7982 -0.0888 -0.5958
vn 0.7591 -0.3232 -0.5650
vn 0.6518 -0.4623 -0.6012
vn 0.6118 -0.6062 -0.5081
vn 0.7741 -0.5581 -0.2988
vn 0.6634 0.4263 -0.6150
vn 0.4021 0.7758 -0.4862
vn 0.7934 -0.0136 -0.6085
vn 0.7796 -0.3509 -0.5187
vn 0.7196 -0.5423 -0.4337
vn 0.7728 -0.4935 -0.3991
vn 0.8252 -0.4032 -0.3957
vn 0.4024 -0.8322 0.3815
vn 0.5204 -0.8539 0.0024
vn 0.5085 -0.8241 -0.2496
vn 0.5326 -0.7762 -0.3375
vn 0.7019 -0.6843 -0.1975
vn 0.7800 -0.6041 -0.1633
vn 0.7198 -0.5506 -0.4229
vn 0.0760 -0.9209 0.3824
vn 0.0951 -0.9716 0.2165
vn 0.0290 -0.9570 0.2887
vn 0.2189 -0.9708 0.0984
vn 0.1376 -0.9903 0.0197
vn -0.0333 -0.9850 0.1693
vn 0.0565 -0.9957 0.0740
vn 0.0829 -0.9919 -0.0966
vn -0.3030 -0.9408 0.1522
vn -0.2143 -0.9584 -0.1883
vn -0.5730 -0.8191 0.0286
vn -0.5867 -0.7982 -0.1366
vn -0.5440 -0.8007 -0.2511
vn -0.6429 -0.7638 -0.0573
vn 0.2090 -0.9772 0.0379
vn 0.4013 -0.8994 -0.1735
vn -0.1863 -0.9795 0.0762
vn -0.0893 -0.9842 -0.1529
vn -0.1374 -0.9493 -0.2828
vn -0.4344 -0.9006 0.0173
vn -0.6360 -0.7285 0.2545
vn 0.3099 -0.9447 -0.1075
vn 0.5050 -0.8457 -0.1726
vn -0.1718 -0.9824 -0.0727
vn -0.2452 -0.9655 -0.0877
vn -0.0916 -0.9927 -0.0782
vn -0.2151 -0.9740 0.0711
vn -0.5964 -0.7944 0.1150
vn 0.2300 -0.9602 -0.1582
vn 0.5410 -0.8410 -0.0105
vn -0.1495 -0.9322 -0.3295
vn -0.2105 -0.9206 -0.3288
vn 0.0044 -0.9828 -0.1848
vn -0.1230 -0.9804 -0.1542
vn -0.5345 -0.8234 -0.1906
vn 0.0964 -0.9349 -0.3414
vn 0.5072 -0.8312 -0.2277
vn -0.2332 -0.8396 -0.4907
vn -0.1062 -0.8106 -0.5758
vn 0.1507 -0.8809 -0.4488
vn -0.0729 -0.9206 -0.3836
vn -0.4403 -0.7866 -0.4329
vn 0.0522 -0.8385 -0.5425
vn 0.4517 -0.7299 -0.5130
vn -0.3196 -0.7748 -0.5455
vn -0.0902 -0.7832 -0.6152
vn 0.2445 -0.7355 -0.6318
vn 0.0172 -0.7597 -0.6500
vn -0.3413 -0.6880 -0.6404
vn -0.6643 0.7143 0.2202
vn -0.2953 0.9044 0.3078
vn -0.3245 0.9420 -0.0856
vn -0.6371 0.7588 -0.1355
vn 0.0914 0.9096 0.4054
vn 0.0179 0.9998 0.0008
vn 0.4740 0.7676 0.4315
vn 0.4654 0.8831 0.0599
vn 0.6416 0.6625 0.3866
vn 0.6506 0.7536 0.0936
vn 0.0764 0.9298 0.3601
vn 0.1598 0.9870 -0.0157
vn -0.3068 0.9265 0.2179
vn -0.1196 0.9653 -0.2322
vn -0.3585 0.9311 0.0671
vn -0.6810 0.7278 0.0808
vn -0.0378 0.9953 0.0896
vn 0.4198 0.8847 0.2027
vn 0.5536 0.7655 0.3279
vn 0.2104 0.9312 0.2977
vn 0.0126 0.9852 0.1712
vn -0.3341 0.8736 0.3539
vn -0.5683 0.7270 0.3853
vn -0.0701 0.9228 0.3787
vn 0.2880 0.8654 0.4101
vn 0.4334 0.7604 0.4837
vn 0.2177 0.8162 0.5353
vn 0.0710 0.8522 0.5183
vn -0.3523 0.9173 0.1857
vn -0.5407 0.8217 0.1802
vn -0.0442 0.9802 0.1929
vn 0.2973 0.9351 0.1928
vn 0.3890 0.8854 0.2545
vn 0.2226 0.9212 0.3190
vn 0.1411 0.9446 0.2965
vn -0.3594 0.9183 -0.1663
vn -0.5400 0.8251 -0.1662
vn -0.0075 0.9888 -0.1488
vn 0.2769 0.9597 -0.0484
vn 0.2882 0.9540 0.0826
vn 0.2318 0.9608 0.1518
vn 0.1905 0.9703 0.1494
vn -0.3179 0.8004 -0.5082
vn -0.4932 0.7424 -0.4534
vn -0.0216 0.8707 -0.4913
vn 0.1628 0.9228 -0.3492
vn 0.2444 0.9442 -0.2206
vn 0.2856 0.9418 -0.1773
vn 0.2090 0.9639 -0.1650
vn -0.8702 0.2072 0.4471
vn -0.6718 0.4358 0.5989
vn -0.9270 0.3122 0.2077
vn -0.3060 0.6354 0.7090
vn 0.1316 0.6696 0.7309
vn 0.4734 0.5526 0.6860
vn 0.5721 0.4783 0.6663
vn 0.0741 0.6172 0.7833
vn -0.3520 0.6494 0.6741
vn -0.1969 0.7381 0.6454
vn -0.0352 0.9811 0.1904
vn 0.0807 0.9479 -0.3082
vn 0.1271 0.9884 0.0829
vn 0.2515 0.8582 0.4475
vn 0.3655 0.8799 0.3037
vn 0.4014 0.9014 0.1624
vn 0.4167 0.9048 -0.0881
vn -0.5654 0.6832 -0.4622
vn -0.5948 0.7868 -0.1649
vn -0.6195 0.7503 0.2307
vn -0.6506 0.5821 0.4878
vn -0.8314 0.5299 0.1671
vn -0.9039 0.4226 -0.0666
vn 0.7018 0.5621 0.4376
vn 0.8237 0.5178 0.2312
vn 0.8800 0.2347 0.4130
vn 0.7836 0.3188 0.5333
vn 0.9065 0.2656 0.3283
vn 0.8496 0.1568 0.5036
vn 0.7446 0.2175 0.6311
vn 0.8498 0.1567 0.5033
vn 0.6579 0.4567 0.5988
vn 0.8321 0.3984 0.3858
vn 0.8178 0.5468 0.1798
vn 0.7865 0.5645 0.2505
vn 0.8748 0.4806 -0.0612
vn 0.8233 0.5674 -0.0161
vn 0.8955 0.0571 0.4413
vn 0.6829 0.1403 0.7169
vn 0.8639 0.1659 0.4755
vn 0.8506 0.3214 0.4162
vn 0.9016 0.4175 0.1135
vn 0.7806 0.6127 0.1238
vn 0.6312 0.7753 -0.0238
vn 0.8280 0.4187 0.3729
vn 0.5335 0.4753 0.6996
vn 0.8734 0.4498 0.1865
vn 0.7186 0.6534 0.2380
vn 0.6666 0.7433 -0.0562
vn 0.6239 0.7737 -0.1102
vn 0.5743 0.8131 -0.0950
vn 0.6778 0.6716 0.2992
vn 0.4072 0.6647 0.6263
vn 0.7512 0.6565 -0.0686
vn 0.6307 0.7759 -0.0165
vn 0.6067 0.7946 -0.0246
vn 0.7288 0.6809 -0.0722
vn 0.8203 0.5533 -0.1446
vn 0.5277 0.8360 0.1504
vn 0.3083 0.7632 0.5679
vn 0.5793 0.7902 -0.1999
vn 0.6556 0.7547 -0.0229
vn 0.7348 0.6517 0.1881
vn 0.8413 0.5318 0.0966
vn 0.8579 0.5008 -0.1148
vn 0.2469 0.9611 -0.1234
vn 0.1174 0.9239 0.3642
vn 0.3193 0.9375 -0.1384
vn 0.5430 0.8140 0.2061
vn 0.6570 0.6836 0.3179
vn 0.6992 0.6975 0.1567
vn 0.7163 0.6925 -0.0859
vn 0.6893 0.5179 0.5066
vn -0.1399 0.6675 0.7314
vn -0.0392 0.6398 0.7675
vn 0.0644 0.6327 0.7717
vn 0.1823 0.5026 0.8451
vn 0.3784 0.4161 0.8269
vn 0.6013 0.5610 0.5690
vn -0.6477 0.3320 0.6858
vn -0.3179 0.3681 0.8737
vn -0.2861 0.4637 0.8386
vn -0.6678 0.4049 0.6247
vn -0.2067 0.4039 0.8911
vn -0.1764 0.5248 0.8328
vn 0.0143 0.3741 0.9273
vn 0.0271 0.6161 0.7872
vn 0.2659 0.4105 0.8722
vn 0.3877 0.6858 0.6159
vn 0.1655 0.6229 0.7646
vn 0.2717 0.8376 0.4740
vn 0.4233 0.6516 0.6294
vn 0.2746 0.8084 0.5206
vn -0.2616 0.6521 0.7116
vn -0.6087 0.6444 0.4629
vn -0.0748 0.6823 0.7272
vn 0.1040 0.7982 0.5933
vn 0.4614 0.8194 0.3402
vn 0.2620 0.9000 0.3483
vn 0.0077 0.7695 0.6386
vn -0.2192 0.8519 0.4756
vn -0.5135 0.8171 0.2618
vn 0.0476 0.8475 0.5287
vn 0.2175 0.8866 0.4082
vn 0.5301 0.8144 0.2362
vn 0.1859 0.8328 0.5214
vn -0.2242 0.5769 0.7854
vn -0.1445 0.9606 0.2373
vn -0.4215 0.8966 0.1359
vn 0.1280 0.9525 0.2763
vn 0.3151 0.9239 0.2171
vn 0.5123 0.8359 0.1971
vn 0.0483 0.7755 0.6295
vn -0.3165 0.5439 0.7772
vn -0.2866 0.6858 0.6690
vn -0.6030 0.6496 0.4630
vn 0.1659 0.6442 0.7467
vn 0.4888 0.6022 0.6312
vn 0.4707 0.5928 0.6535
vn -0.0361 0.5651 0.8242
vn -0.3375 0.5050 0.7944
vn -0.3472 0.2302 0.9091
vn -0.6597 0.1648 0.7332
vn 0.0863 0.2654 0.9603
vn 0.4420 0.2192 0.8698
vn 0.4535 0.2209 0.8634
vn 0.0037 0.3723 0.9281
vn -0.3293 0.4716 0.8180
vn -0.9215 0.3428 0.1825
vn -0.8939 0.1217 0.4315
vn -0.8228 0.5343 0.1938
vn -0.5864 0.8099 -0.0138
vn -0.6677 0.7435 0.0373
vn -0.8543 0.5065 0.1165
vn -0.9574 0.2281 0.1772
vn -0.7580 0.5769 -0.3044
vn -0.8445 0.2164 -0.4899
vn -0.6653 0.1870 -0.7228
vn -0.5776 0.5670 -0.5873
vn -0.9402 -0.1023 -0.3249
vn -0.9234 0.0468 -0.3810
vn -0.9683 -0.1871 0.1653
vn -0.9917 0.0025 0.1286
vn -0.9015 -0.0792 0.4256
vn -0.8606 -0.0073 0.5093
vn -0.8911 0.2292 0.3916
vn -0.8238 0.0445 0.5652
vn -0.9342 0.3418 0.1022
vn -0.9763 0.0909 0.1962
vn -0.5713 0.2836 -0.7702
vn -0.3587 0.4268 -0.8302
vn -0.8636 0.3394 -0.3729
vn -0.9334 0.3431 0.1048
vn -0.8241 0.2794 0.4927
vn -0.7218 0.2781 0.6338
vn -0.8901 0.3689 0.2677
vn -0.5155 0.4724 -0.7149
vn -0.3209 0.2328 -0.9181
vn -0.7079 0.6469 -0.2834
vn -0.7158 0.6911 0.0999
vn -0.6017 0.6827 0.4146
vn -0.4302 0.6978 0.5727
vn -0.5993 0.7727 0.2094
vn -0.6763 0.4581 -0.5769
vn -0.5363 0.0605 -0.8418
vn -0.6086 0.7879 -0.0943
vn -0.4427 0.8804 0.1702
vn -0.2952 0.8885 0.3513
vn -0.2407 0.8430 0.4811
vn -0.5306 0.8277 0.1824
vn -0.8317 0.4344 -0.3458
vn -0.6413 0.2205 -0.7350
vn -0.7580 0.6343 0.1518
vn -0.5026 0.7846 0.3630
vn -0.3784 0.8362 0.3969
vn -0.5612 0.6985 0.4439
vn -0.7996 0.5261 0.2896
vn -0.6904 0.6923 -0.2100
vn -0.5714 0.5579 -0.6019
vn -0.7264 0.6436 0.2411
vn -0.6372 0.5773 0.5106
vn -0.7103 0.6280 0.3180
vn -0.9016 0.3932 0.1805
vn -0.9428 0.1603 0.2921
s 1
f 1//1 2//2 3//3
f 1//1 3//3 4//4
f 2//2 5//5 6//6
f 2//2 6//6 3//3
f 5//5 7//7 8//8
f 5//5 8//8 6//6
f 7//7 9//9 10//10
f 7//7 10//10 8//8
f 9//9 11//11 12//12
f 9//9 12//12 10//10
f 11//11 13//13 14//14
f 11//11 14//14 12//12
f 4//4 3//3 15//15
f 4//4 15//15 16//16
f 3//3 6//6 17//17
f 3//3 17//17 15//15
f 6//6 8//8 18//18
f 6//6 18//18 17//17
f 8//8 10//10 19//19
f 8//8 19//19 18//18
f 10//10 12//12 20//20
f 10//10 20//20 19//19
f 12//12 14//14 21//21
f 12//12 21//21 20//20
f 16//16 15//15 22//22
f 16//16 22//22 23//23
f 15//15 17//17 24//24
f 15//15 24//24 22//22
f 17//17 18//18 25//25
f 17//17 25//25 24//24
f 18//18 19//19 26//26
f 18//18 26//26 25//25
f 19//19 20//20 27//27
f 19//19 27//27 26//26
f 20//20 21//21 28//28
f 20//20 28//28 27//27
f 23//23 22//22 29//29
f 23//23 29//29 30//30
f 22//22 24//24 31//31
f 22//22 31//31 29//29
f 24//24 25//25 32//32
f 24//24 32//32 31//31
f 25//25 26//26 33//33
f 25//25 33//33 32//32
f 26//26 27//27 34//34
f 26//26 34//34 33//33
f 27//27 28//28 35//35
f 27//27 35//35 34//34
f 30//30 29//29 36//36
f 30//30 36//36 37//37
f 29//29 31//31 38//38
f 29//29 38//38 36//36
f 31//31 32//32 39//39
f 31//31 39//39 38//38
f 32//32 33//33 40//40
f 32//32 40//40 39//39
f 33//33 34//34 41//41
f 33//33 41//41 40//40
f 34//34 35//35 42//42
f 34//34 42//42 41//41
f 37//37 36//36 43//43
f 37//37 43//43 44//44
f 36//36 38//38 45//45
f 36//36 45//45 43//43
f 38//38 39//39 46//46
f 38//38 46//46 45//45
f 39//39 40//40 47//47
f 39//39 47//47 46//46
f 40//40 41//41 48//48
f 40//40 48//48 47//47
f 41//41 42//42 49//49
f 41//41 49//49 48//48
f 50//50 51//51 1//1
f 50//50 1//1 52//52
f 51//51 53//53 2//2
f 51//51 2//2 1//1
f 53//53 54//54 5//5
f 53//53 5//5 2//2
f 54//54 55//55 7//7
f 54//54 7//7 5//5
f 55//55 56//56 9//9
f 55//55 9//9 7//7
f 56//56 57//57 11//11
f 56//56 11//11 9//9
f 57//57 58//58 13//13
f 57//57 13//13 11//11
f 58//58 59//59 60//60
f 58//58 60//60 13//13
f 13//13 60//60 61//61
f 13//13 61//61 14//14
f 14//14 61//61 62//62
f 14//14 62//62 21//21
f 21//21 62//62 63//63
f 21//21 63//63 28//28
f 28//28 63//63 64//64
f 28//28 64//64 35//35
f 35//35 64//64 65//65
f 35//35 65//65 42//42
f 42//42 65//65 66//66
f 42//42 66//66 49//49
f 49//49 66//66 67//67
f 49//49 67//67 68//68
f 48//48 49//49 68//68
f 48//48 68//68 69//69
f 47//47 48//48 69//69
f 47//47 69//69 70//70
f 46//46 47//47 70//70
f 46//46 70//70 71//71
f 45//45 46//46 71//71
f 45//45 71//71 72//72
f 43//43 45//45 72//72
f 43//43 72//72 73//73
f 44//44 43//43 73//73
f 44//44 73//73 74//74
f 75//75 44//44 74//74
f 75//75 74//74 76//76
f 77//77 37//37 44//44
f 77//77 44//44 75//75
f 78//78 30//30 37//37
f 78//78 37//37 77//77
f 79//79 23//23 30//30
f 79//79 30//30 78//78
f 80//80 16//16 23//23
f 80//80 23//23 79//79
f 81//81 4//4 16//16
f 81//81 16//16 80//80
f 52//52 1//1 4//4
f 52//52 4//4 81//81
f 82//82 83//83 84//84
f 82//82 84//84 85//85
f 83//83 86//86 87//87
f 83//83 87//87 84//84
f 86//86 88//88 89//89
f 86//86 89//89 87//87
f 88//88 90//90 91//91
f 88//88 91//91 89//89
f 90//90 92//92 93//93
f 90//90 93//93 91//91
f 92//92 94//94 95//95
f 92//92 95//95 93//93
f 85//85 84//84 96//96
f 85//85 96//96 97//97
f 84//84 87//87 98//98
f 84//84 98//98 96//96
f 87//87 89//89 99//99
f 87//87 99//99 98//98
f 89//89 91//91 100//100
f 89//89 100//100 99//99
f 91//91 93//93 101//101
f 91//91 101//101 100//100
f 93//93 95//95 102//102
f 93//93 102//102 101//101
f 97//97 96//96 103//103
f 97//97 103//103 104//104
f 96//96 98//98 105//105
f 96//96 105//105 103//103
f 98//98 99//99 106//106
f 98//98 106//106 105//105
f 99//99 100//100 107//107
f 99//99 107//107 106//106
f 100//100 101//101 108//108
f 100//100 108//108 107//107
f 101//101 102//102 109//109
f 101//101 109//109 108//108
f 104//104 103//103 110//110
f 104//104 110//110 111//111
f 103//103 105//105 112//112
f 103//103 112//112 110//110
f 105//105 106//106 113//113
f 105//105 113//113 112//112
f 106//106 107//107 114//114
f 106//106 114//114 113//113
f 107//107 108//108 115//115
f 107//107 115//115 114//114
f 108//108 109//109 116//116
f 108//108 116//116 115//115
f 111//111 110//110 117//117
f 111//111 117//117 118//118
f 110//110 112//112 119//119
f 110//110 119//119 117//117
f 112//112 113//113 120//120
f 112//112 120//120 119//119
f 113//113 114//114 121//121
f 113//113 121//121 120//120
f 114//114 115//115 122//122
f 114//114 122//122 121//121
f 115//115 116//116 123//123
f 115//115 123//123 122//122
f 118//118 117//117 124//124
f 118//118 124//124 125//125
f 117//117 119//119 126//126
f 117//117 126//126 124//124
f 119//119 120//120 127//127
f 119//119 127//127 126//126
f 120//120 121//121 128//128
f 120//120 128//128 127//127
f 121//121 122//122 129//129
f 121//121 129//129 128//128
f 122//122 123//123 130//130
f 122//122 130//130 129//129
f 76//76 74//74 82//82
f 76//76 82//82 131//131
f 74//74 73//73 83//83
f 74//74 83//83 82//82
f 73//73 72//72 86//86
f 73//73 86//86 83//83
f 72//72 71//71 88//88
f 72//72 88//88 86//86
f 71//71 70//70 90//90
f 71//71 90//90 88//88
f 70//70 69//69 92//92
f 70//70 92//92 90//90
f 69//69 68//68 94//94
f 69//69 94//94 92//92
f 68//68 67//67 132//132
f 68//68 132//132 94//94
f 94//94 132//132 133//133
f 94//94 133//133 95//95
f 95//95 133//133 134//134
f 95//95 134//134 102//102
f 102//102 134//134 135//135
f 102//102 135//135 109//109
f 109//109 135//135 136//136
f 109//109 136//136 116//116
f 116//116 136//136 137//137
f 116//116 137//137 123//123
f 123//123 137//137 138//138
f 123//123 138//138 130//130
f 130//130 138//138 139//139
f 130//130 139//139 140//140
f 129//129 130//130 140//140
f 129//129 140//140 141//141
f 128//128 129//129 141//141
f 128//128 141//141 142//142
f 127//127 128//128 142//142
f 127//127 142//142 143//143
f 126//126 127//127 143//143
f 126//126 143//143 144//144
f 124//124 126//126 144//144
f 124//124 144//144 145//145
f 125//125 124//124 145//145
f 125//125 145//145 146//146
f 147//147 125//125 146//146
f 147//147 146//146 148//148
f 149//149 118//118 125//125
f 149//149 125//125 147//147
f 150//150 111//111 118//118
f 150//150 118//118 149//149
f 151//151 104//104 111//111
f 151//151 111//111 150//150
f 152//152 97//97 104//104
f 152//152 104//104 151//151
f 153//153 85//85 97//97
f 153//153 97//97 152//152
f 131//131 82//82 85//85
f 131//131 85//85 153//153
f 154//154 155//155 156//156
f 154//154 156//156 157//157
f 155//155 158//158 159//159
f 155//155 159//159 156//156
f 158//158 160//160 161//161
f 158//158 161//161 159//159
f 160//160 162//162 163//163
f 160//160 163//163 161//161
f 162//162 164//164 165//165
f 162//162 165//165 163//163
f 164//164 166//166 167//167
f 164//164 167//167 165//165
f 157//157 156//156 168//168
f 157//157 168//168 169//169
f 156//156 159//159 170//170
f 156//156 170//170 168//168
f 159//159 161//161 171//171
f 159//159 171//171 170//170
f 161//161 163//163 172//172
f 161//161 172//172 171//171
f 163//163 165//165 173//173
f 163//163 173//173 172//172
f 165//165 167//167 174//174
f 165//165 174//174 173//173
f 169//169 168//168 175//175
f 169//169 175//175 176//176
f 168//168 170//170 177//177
f 168//168 177//177 175//175
f 170//170 171//171 178//178
f 170//170 178//178 177//177
f 171//171 172//172 179//179
f 171//171 179//179 178//178
f 172//172 173//173 180//180
f 172//172 180//180 179//179
f 173//173 174//174 181//181
f 173//173 181//181 180//180
f 176//176 175//175 182//182
f 176//176 182//182 183//183
f 175//175 177//177 184//184
f 175//175 184//184 182//182
f 177//177 178//178 185//185
f 177//177 185//185 184//184
f 178//178 179//179 186//186
f 178//178 186//186 185//185
f 179//179 180//180 187//187
f 179//179 187//187 186//186
f 180//180 181//181 188//188
f 180//180 188//188 187//187
f 183//183 182//182 189//189
f 183//183 189//189 190//190
f 182//182 184//184 191//191
f 182//182 191//191 189//189
f 184//184 185//185 192//192
f 184//184 192//192 191//191
f 185//185 186//186 193//193
f 185//185 193//193 192//192
f 186//186 187//187 194//194
f 186//186 194//194 193//193
f 187//187 188//188 195//195
f 187//187 195//195 194//194
f 190//190 189//189 196//196
f 190//190 196//196 197//197
f 189//189 191//191 198//198
f 189//189 198//198 196//196
f 191//191 192//192 199//199
f 191//191 199//199 198//198
f 192//192 193//193 200//200
f 192//192 200//200 199//199
f 193//193 194//194 201//201
f 193//193 201//201 200//200
f 194//194 195//195 202//202
f 194//194 202//202 201//201
f 203//203 204//204 154//154
f 203//203 154//154 205//205
f 204//204 206//206 155//155
f 204//204 155//155 154//154
f 206//206 207//207 158//158
f 206//206 158//158 155//155
f 207//207 208//208 160//160
f 207//207 160//160 158//158
f 208//208 209//209 162//162
f 208//208 162//162 160//160
f 209//209 210//210 164//164
f 209//209 164//164 162//162
f 210//210 211//211 166//166
f 210//210 166//166 164//164
f 211//211 212//212 213//213
f 211//211 213//213 166//166
f 166//166 213//213 214//214
f 166//166 214//214 167//167
f 167//167 214//214 215//215
f 167//167 215//215 174//174
f 174//174 215//215 216//216
f 174//174 216//216 181//181
f 181//181 216//216 217//217
f 181//181 217//217 188//188
f 188//188 217//217 218//218
f 188//188 218//218 195//195
f 195//195 218//218 219//219
f 195//195 219//219 202//202
f 202//202 219//219 220//220
f 202//202 220//220 221//221
f 201//201 202//202 221//221
f 201//201 221//221 222//222
f 200//200 201//201 222//222
f 200//200 222//222 223//223
f 199//199 200//200 223//223
f 199//199 223//223 224//224
f 198//198 199//199 224//224
f 198//198 224//224 225//225
f 196//196 198//198 225//225
f 196//196 225//225 226//226
f 197//197 196//196 226//226
f 197//197 226//226 227//227
f 228//228 197//197 227//227
f 228//228 227//227 229//229
f 230//230 190//190 197//197
f 230//230 197//197 228//228
f 231//231 183//183 190//190
f 231//231 190//190 230//230
f 232//232 176//176 183//183
f 232//232 183//183 231//231
f 233//233 169//169 176//176
f 233//233 176//176 232//232
f 234//234 157//157 169//169
f 234//234 169//169 233//233
f 205//205 154//154 157//157
f 205//205 157//157 234//234
f 235//235 236//236 237//237
f 235//235 237//237 238//238
f 236//236 239//239 240//240
f 236//236 240//240 237//237
f 239//239 241//241 242//242
f 239//239 242//242 240//240
f 241//241 243//243 244//244
f 241//241 244//244 242//242
f 243//243 245//245 246//246
f 243//243 246//246 244//244
f 245//245 247//247 248//248
f 245//245 248//248 246//246
f 238//238 237//237 249//249
f 238//238 249//249 250//250
f 237//237 240//240 251//251
f 237//237 251//251 249//249
f 240//240 242//242 252//252
f 240//240 252//252 251//251
f 242//242 244//244 253//253
f 242//242 253//253 252//252
f 244//244 246//246 254//254
f 244//244 254//254 253//253
f 246//246 248//248 255//255
f 246//246 255//255 254//254
f 250//250 249//249 256//256
f 250//250 256//256 257//257
f 249//249 251//251 258//258
f 249//249 258//258 256//256
f 251//251 252//252 259//259
f 251//251 259//259 258//258
f 252//252 253//253 260//260
f 252//252 260//260 259//259
f 253//253 254//254 261//261
f 253//253 261//261 260//260
f 254//254 255//255 262//262
f 254//254 262//262 261//261
f 257//257 256//256 263//263
f 257//257 263//263 264//264
f 256//256 258//258 265//265
f 256//256 265//265 263//263
f 258//258 259//259 266//266
f 258//258 266//266 265//265
f 259//259 260//260 267//267
f 259//259 267//267 266//266
f 260//260 261//261 268//268
f 260//260 268//268 267//267
f 261//261 262//262 269//269
f 261//261 269//269 268//268
f 264//264 263//263 270//270
f 264//264 270//270 271//271
f 263//263 265//265 272//272
f 263//263 272//272 270//270
f 265//265 266//266 273//273
f 265//265 273//273 272//272
f 266//266 267//267 274//274
f 266//266 274//274 273//273
f 267//267 268//268 275//275
f 267//267 275//275 274//274
f 268//268 269//269 276//276
f 268//268 276//276 275//275
f 271//271 270//270 277//277
f 271//271 277//277 278//278
f 270//270 272//272 279//279
f 270//270 279//279 277//277
f 272//272 273//273 280//280
f 272//272 280//280 279//279
f 273//273 274//274 281//281
f 273//273 281//281 280//280
f 274//274 275//275 282//282
f 274//274 282//282 281//281
f 275//275 276//276 283//283
f 275//275 283//283 282//282
f 229//229 227//227 235//235
f 229//229 235//235 284//284
f 227//227 226//226 236//236
f 227//227 236//236 235//235
f 226//226 225//225 239//239
f 226//226 239//239 236//236
f 225//225 224//224 241//241
f 225//225 241//241 239//239
f 224//224 223//223 243//243
f 224//224 243//243 241//241
f 223//223 222//222 245//245
f 223//223 245//245 243//243
f 222//222 221//221 247//247
f 222//222 247//247 245//245
f 221//221 220//220 285//285
f 221//221 285//285 247//247
f 247//247 285//285 286//286
f 247//247 286//286 248//248
f 248//248 286//286 287//287
f 248//248 287//287 255//255
f 255//255 287//287 288//288
f 255//255 288//288 262//262
f 262//262 288//288 289//289
f 262//262 289//289 269//269
f 269//269 289//289 290//290
f 269//269 290//290 276//276
f 276//276 290//290 291//291
f 276//276 291//291 283//283
f 283//283 291//291 59//59
f 283//283 59//59 58//58
f 282//282 283//283 58//58
f 282//282 58//58 57//57
f 281//281 282//282 57//57
f 281//281 57//57 56//56
f 280//280 281//281 56//56
f 280//280 56//56 55//55
f 279//279 280//280 55//55
f 279//279 55//55 54//54
f 277//277 279//279 54//54
f 277//277 54//54 53//53
f 278//278 277//277 53//53
f 278//278 53//53 51//51
f 292//292 278//278 51//51
f 292//292 51//51 50//50
f 293//293 271//271 278//278
f 293//293 278//278 292//292
f 294//294 264//264 271//271
f 294//294 271//271 293//293
f 295//295 257//257 264//264
f 295//295 264//264 294//294
f 296//296 250//250 257//257
f 296//296 257//257 295//295
f 297//297 238//238 250//250
f 297//297 250//250 296//296
f 284//284 235//235 238//238
f 284//284 238//238 297//297
f 298//298 299//299 300//300
f 298//298 300//300 301//301
f 299//299 302//302 303//303
f 299//299 303//303 300//300
f 302//302 304//304 305//305
f 302//302 305//305 303//303
f 304//304 306//306 307//307
f 304//304 307//307 305//305
f 306//306 308//308 309//309
f 306//306 309//309 307//307
f 308//308 310//310 311//311
f 308//308 311//311 309//309
f 301//301 300//300 312//312
f 301//301 312//312 313//313
f 300//300 303//303 314//314
f 300//300 314//314 312//312
f 303//303 305//305 315//315
f 303//303 315//315 314//314
f 305//305 307//307 316//316
f 305//305 316//316 315//315
f 307//307 309//309 317//317
f 307//307 317//317 316//316
f 309//309 311//311 318//318
f 309//309 318//318 317//317
f 313//313 312//312 319//319
f 313//313 319//319 320//320
f 312//312 314//314 321//321
f 312//312 321//321 319//319
f 314//314 315//315 322//322
f 314//314 322//322 321//321
f 315//315 316//316 323//323
f 315//315 323//323 322//322
f 316//316 317//317 324//324
f 316//316 324//324 323//323
f 317//317 318//318 325//325
f 317//317 325//325 324//324
f 320//320 319//319 326//326
f 320//320 326//326 327//327
f 319//319 321//321 328//328
f 319//319 328//328 326//326
f 321//321 322//322 329//329
f 321//321 329//329 328//328
f 322//322 323//323 330//330
f 322//322 330//330 329//329
f 323//323 324//324 331//331
f 323//323 331//331 330//330
f 324//324 325//325 332//332
f 324//324 332//332 331//331
f 327//327 326//326 333//333
f 327//327 333//333 334//334
f 326//326 328//328 335//335
f 326//326 335//335 333//333
f 328//328 329//329 336//336
f 328//328 336//336 335//335
f 329//329 330//330 337//337
f 329//329 337//337 336//336
f 330//330 331//331 338//338
f 330//330 338//338 337//337
f 331//331 332//332 339//339
f 331//331 339//339 338//338
f 334//334 333//333 340//340
f 334//334 340//340 341//341
f 333//333 335//335 342//342
f 333//333 342//342 340//340
f 335//335 336//336 343//343
f 335//335 343//343 342//342
f 336//336 337//337 344//344
f 336//336 344//344 343//343
f 337//337 338//338 345//345
f 337//337 345//345 344//344
f 338//338 339//339 346//346
f 338//338 346//346 345//345
f 76//76 347//347 298//298
f 76//76 298//298 75//75
f 347//347 348//348 299//299
f 347//347 299//299 298//298
f 348//348 349//349 302//302
f 348//348 302//302 299//299
f 349//349 350//350 304//304
f 349//349 304//304 302//302
f 350//350 351//351 306//306
f 350//350 306//306 304//304
f 351//351 352//352 308//308
f 351//351 308//308 306//306
f 352//352 353//353 310//310
f 352//352 310//310 308//308
f 353//353 203//203 205//205
f 353//353 205//205 310//310
f 310//310 205//205 234//234
f 310//310 234//234 311//311
f 311//311 234//234 233//233
f 311//311 233//233 318//318
f 318//318 233//233 232//232
f 318//318 232//232 325//325
f 325//325 232//232 231//231
f 325//325 231//231 332//332
f 332//332 231//231 230//230
f 332//332 230//230 339//339
f 339//339 230//230 228//228
f 339//339 228//228 346//346
f 346//346 228//228 229//229
f 346//346 229//229 284//284
f 345//345 346//346 284//284
f 345//345 284//284 297//297
f 344//344 345//345 297//297
f 344//344 297//297 296//296
f 343//343 344//344 296//296
f 343//343 296//296 295//295
f 342//342 343//343 295//295
f 342//342 295//295 294//294
f 340//340 342//342 294//294
f 340//340 294//294 293//293
f 341//341 340//340 293//293
f 341//341 293//293 292//292
f 52//52 341//341 292//292
f 52//52 292//292 50//50
f 81//81 334//334 341//341
f 81//81 341//341 52//52
f 80//80 327//327 334//334
f 80//80 334//334 81//81
f 79//79 320//320 327//327
f 79//79 327//327 80//80
f 78//78 313//313 320//320
f 78//78 320//320 79//79
f 77//77 301//301 313//313
f 77//77 313//313 78//78
f 75//75 298//298 301//301
f 75//75 301//301 77//77
f 354//354 355//355 356//356
f 354//354 356//356 357//357
f 355//355 358//358 359//359
f 355//355 359//359 356//356
f 358//358 360//360 361//361
f 358//358 361//361 359//359
f 360//360 362//362 363//363
f 360//360 363//363 361//361
f 362//362 364//364 365//365
f 362//362 365//365 363//363
f 364//364 366//366 367//367
f 364//364 367//367 365//365
f 357//357 356//356 368//368
f 357//357 368//368 369//369
f 356//356 359//359 370//370
f 356//356 370//370 368//368
f 359//359 361//361 371//371
f 359//359 371//371 370//370
f 361//361 363//363 372//372
f 361//361 372//372 371//371
f 363//363 365//365 373//373
f 363//363 373//373 372//372
f 365//365 367//367 374//374
f 365//365 374//374 373//373
f 369//369 368//368 375//375
f 369//369 375//375 376//376
f 368//368 370//370 377//377
f 368//368 377//377 375//375
f 370//370 371//371 378//378
f 370//370 378//378 377//377
f 371//371 372//372 379//379
f 371//371 379//379 378//378
f 372//372 373//373 380//380
f 372//372 380//380 379//379
f 373//373 374//374 381//381
f 373//373 381//381 380//380
f 376//376 375//375 382//382
f 376//376 382//382 383//383
f 375//375 377//377 384//384
f 375//375 384//384 382//382
f 377//377 378//378 385//385
f 377//377 385//385 384//384
f 378//378 379//379 386//386
f 378//378 386//386 385//385
f 379//379 380//380 387//387
f 379//379 387//387 386//386
f 380//380 381//381 388//388
f 380//380 388//388 387//387
f 383//383 382//382 389//389
f 383//383 389//389 390//390
f 382//382 384//384 391//391
f 382//382 391//391 389//389
f 384//384 385//385 392//392
f 384//384 392//392 391//391
f 385//385 386//386 393//393
f 385//385 393//393 392//392
f 386//386 387//387 394//394
f 386//386 394//394 393//393
f 387//387 388//388 395//395
f 387//387 395//395 394//394
f 390//390 389//389 396//396
f 390//390 396//396 397//397
f 389//389 391//391 398//398
f 389//389 398//398 396//396
f 391//391 392//392 399//399
f 391//391 399//399 398//398
f 392//392 393//393 400//400
f 392//392 400//400 399//399
f 393//393 394//394 401//401
f 393//393 401//401 400//400
f 394//394 395//395 402//402
f 394//394 402//402 401//401
f 212//212 403//403 354//354
f 212//212 354//354 213//213
f 403//403 404//404 355//355
f 403//403 355//355 354//354
f 404//404 405//405 358//358
f 404//404 358//358 355//355
f 405//405 406//406 360//360
f 405//405 360//360 358//358
f 406//406 407//407 362//362
f 406//406 362//362 360//360
f 407//407 408//408 364//364
f 407//407 364//364 362//362
f 408//408 409//409 366//366
f 408//408 366//366 364//364
f 409//409 67//67 66//66
f 409//409 66//66 366//366
f 366//366 66//66 65//65
f 366//366 65//65 367//367
f 367//367 65//65 64//64
f 367//367 64//64 374//374
f 374//374 64//64 63//63
f 374//374 63//63 381//381
f 381//381 63//63 62//62
f 381//381 62//62 388//388
f 388//388 62//62 61//61
f 388//388 61//61 395//395
f 395//395 61//61 60//60
f 395//395 60//60 402//402
f 402//402 60//60 59//59
f 402//402 59//59 291//291
f 401//401 402//402 291//291
f 401//401 291//291 290//290
f 400//400 401//401 290//290
f 400//400 290//290 289//289
f 399//399 400//400 289//289
f 399//399 289//289 288//288
f 398//398 399//399 288//288
f 398//398 288//288 287//287
f 396//396 398//398 287//287
f 396//396 287//287 286//286
f 397//397 396//396 286//286
f 397//397 286//286 285//285
f 219//219 397//397 285//285
f 219//219 285//285 220//220
f 218//218 390//390 397//397
f 218//218 397//397 219//219
f 217//217 383//383 390//390
f 217//217 390//390 218//218
f 216//216 376//376 383//383
f 216//216 383//383 217//217
f 215//215 369//369 376//376
f 215//215 376//376 216//216
f 214//214 357//357 369//369
f 214//214 369//369 215//215
f 213//213 354//354 357//357
f 213//213 357//357 214//214
f 410//410 411//411 412//412
f 410//410 412//412 413//413
f 411//411 414//414 415//415
f 411//411 415//415 412//412
f 414//414 416//416 417//417
f 414//414 417//417 415//415
f 416//416 418//418 419//419
f 416//416 419//419 417//417
f 418//418 420//420 421//421
f 418//418 421//421 419//419
f 420//420 422//422 423//423
f 420//420 423//423 421//421
f 413//413 412//412 424//424
f 413//413 424//424 425//425
f 412//412 415//415 426//426
f 412//412 426//426 424//424
f 415//415 417//417 427//427
f 415//415 427//427 426//426
f 417//417 419//419 428//428
f 417//417 428//428 427//427
f 419//419 421//421 429//429
f 419//419 429//429 428//428
f 421//421 423//423 430//430
f 421//421 430//430 429//429
f 425//425 424//424 431//431
f 425//425 431//431 432//432
f 424//424 426//426 433//433
f 424//424 433//433 431//431
f 426//426 427//427 434//434
f 426//426 434//434 433//433
f 427//427 428//428 435//435
f 427//427 435//435 434//434
f 428//428 429//429 436//436
f 428//428 436//436 435//435
f 429//429 430//430 437//437
f 429//429 437//437 436//436
f 432//432 431//431 438//438
f 432//432 438//438 439//439
f 431//431 433//433 440//440
f 431//431 440//440 438//438
f 433//433 434//434 441//441
f 433//433 441//441 440//440
f 434//434 435//435 442//442
f 434//434 442//442 441//441
f 435//435 436//436 443//443
f 435//435 443//443 442//442
f 436//436 437//437 444//444
f 436//436 444//444 443//443
f 439//439 438//438 445//445
f 439//439 445//445 446//446
f 438//438 440//440 447//447
f 438//438 447//447 445//445
f 440//440 441//441 448//448
f 440//440 448//448 447//447
f 441//441 442//442 449//449
f 441//441 449//449 448//448
f 442//442 443//443 450//450
f 442//442 450//450 449//449
f 443//443 444//444 451//451
f 443//443 451//451 450//450
f 446//446 445//445 452//452
f 446//446 452//452 453//453
f 445//445 447//447 454//454
f 445//445 454//454 452//452
f 447//447 448//448 455//455
f 447//447 455//455 454//454
f 448//448 449//449 456//456
f 448//448 456//456 455//455
f 449//449 450//450 457//457
f 449//449 457//457 456//456
f 450//450 451//451 458//458
f 450//450 458//458 457//457
f 139//139 459//459 410//410
f 139//139 410//410 460//460
f 459//459 461//461 411//411
f 459//459 411//411 410//410
f 461//461 462//462 414//414
f 461//461 414//414 411//411
f 462//462 463//463 416//416
f 462//462 416//416 414//414
f 463//463 464//464 418//418
f 463//463 418//418 416//416
f 464//464 465//465 420//420
f 464//464 420//420 418//418
f 465//465 466//466 422//422
f 465//465 422//422 420//420
f 466//466 467//467 468//468
f 466//466 468//468 422//422
f 422//422 468//468 469//469
f 422//422 469//469 423//423
f 423//423 469//469 470//470
f 423//423 470//470 430//430
f 430//430 470//470 471//471
f 430//430 471//471 437//437
f 437//437 471//471 472//472
f 437//437 472//472 444//444
f 444//444 472//472 473//473
f 444//444 473//473 451//451
f 451//451 473//473 474//474
f 451//451 474//474 458//458
f 458//458 474//474 475//475
f 458//458 475//475 476//476
f 457//457 458//458 476//476
f 457//457 476//476 477//477
f 456//456 457//457 477//477
f 456//456 477//477 478//478
f 455//455 456//456 478//478
f 455//455 478//478 479//479
f 454//454 455//455 479//479
f 454//454 479//479 480//480
f 452//452 454//454 480//480
f 452//452 480//480 481//481
f 453//453 452//452 481//481
f 453//453 481//481 482//482
f 483//483 453//453 482//482
f 483//483 482//482 484//484
f 485//485 446//446 453//453
f 485//485 453//453 483//483
f 486//486 439//439 446//446
f 486//486 446//446 485//485
f 487//487 432//432 439//439
f 487//487 439//439 486//486
f 488//488 425//425 432//432
f 488//488 432//432 487//487
f 489//489 413//413 425//425
f 489//489 425//425 488//488
f 460//460 410//410 413//413
f 460//460 413//413 489//489
f 490//490 491//491 492//492
f 490//490 492//492 493//493
f 491//491 494//494 495//495
f 491//491 495//495 492//492
f 494//494 496//496 497//497
f 494//494 497//497 495//495
f 496//496 498//498 499//499
f 496//496 499//499 497//497
f 498//498 500//500 501//501
f 498//498 501//501 499//499
f 500//500 502//502 503//503
f 500//500 503//503 501//501
f 493//493 492//492 504//504
f 493//493 504//504 505//505
f 492//492 495//495 506//506
f 492//492 506//506 504//504
f 495//495 497//497 507//507
f 495//495 507//507 506//506
f 497//497 499//499 508//508
f 497//497 508//508 507//507
f 499//499 501//501 509//509
f 499//499 509//509 508//508
f 501//501 503//503 510//510
f 501//501 510//510 509//509
f 505//505 504//504 511//511
f 505//505 511//511 512//512
f 504//504 506//506 513//513
f 504//504 513//513 511//511
f 506//506 507//507 514//514
f 506//506 514//514 513//513
f 507//507 508//508 515//515
f 507//507 515//515 514//514
f 508//508 509//509 516//516
f 508//508 516//516 515//515
f 509//509 510//510 517//517
f 509//509 517//517 516//516
f 512//512 511//511 518//518
f 512//512 518//518 519//519
f 511//511 513//513 520//520
f 511//511 520//520 518//518
f 513//513 514//514 521//521
f 513//513 521//521 520//520
f 514//514 515//515 522//522
f 514//514 522//522 521//521
f 515//515 516//516 523//523
f 515//515 523//523 522//522
f 516//516 517//517 524//524
f 516//516 524//524 523//523
f 519//519 518//518 525//525
f 519//519 525//525 526//526
f 518//518 520//520 527//527
f 518//518 527//527 525//525
f 520//520 521//521 528//528
f 520//520 528//528 527//527
f 521//521 522//522 529//529
f 521//521 529//529 528//528
f 522//522 523//523 530//530
f 522//522 530//530 529//529
f 523//523 524//524 531//531
f 523//523 531//531 530//530
f 526//526 525//525 532//532
f 526//526 532//532 533//533
f 525//525 527//527 534//534
f 525//525 534//534 532//532
f 527//527 528//528 535//535
f 527//527 535//535 534//534
f 528//528 529//529 536//536
f 528//528 536//536 535//535
f 529//529 530//530 537//537
f 529//529 537//537 536//536
f 530//530 531//531 538//538
f 530//530 538//538 537//537
f 212//212 211//211 490//490
f 212//212 490//490 539//539
f 211//211 210//210 491//491
f 211//211 491//491 490//490
f 210//210 209//209 494//494
f 210//210 494//494 491//491
f 209//209 208//208 496//496
f 209//209 496//496 494//494
f 208//208 207//207 498//498
f 208//208 498//498 496//496
f 207//207 206//206 500//500
f 207//207 500//500 498//498
f 206//206 204//204 502//502
f 206//206 502//502 500//500
f 204//204 203//203 540//540
f 204//204 540//540 502//502
f 502//502 540//540 541//541
f 502//502 541//541 503//503
f 503//503 541//541 542//542
f 503//503 542//542 510//510
f 510//510 542//542 543//543
f 510//510 543//543 517//517
f 517//517 543//543 544//544
f 517//517 544//544 524//524
f 524//524 544//544 545//545
f 524//524 545//545 531//531
f 531//531 545//545 546//546
f 531//531 546//546 538//538
f 538//538 546//546 547//547
f 538//538 547//547 548//548
f 537//537 538//538 548//548
f 537//537 548//548 549//549
f 536//536 537//537 549//549
f 536//536 549//549 550//550
f 535//535 536//536 550//550
f 535//535 550//550 551//551
f 534//534 535//535 551//551
f 534//534 551//551 552//552
f 532//532 534//534 552//552
f 532//532 552//552 553//553
f 533//533 532//532 553//553
f 533//533 553//553 554//554
f 555//555 533//533 554//554
f 555//555 554//554 467//467
f 556//556 526//526 533//533
f 556//556 533//533 555//555
f 557//557 519//519 526//526
f 557//557 526//526 556//556
f 558//558 512//512 519//519
f 558//558 519//519 557//557
f 559//559 505//505 512//512
f 559//559 512//512 558//558
f 560//560 493//493 505//505
f 560//560 505//505 559//559
f 539//539 490//490 493//493
f 539//539 493//493 560//560
f 561//561 562//562 563//563
f 561//561 563//563 564//564
f 562//562 565//565 566//566
f 562//562 566//566 563//563
f 565//565 567//567 568//568
f 565//565 568//568 566//566
f 567//567 569//569 570//570
f 567//567 570//570 568//568
f 569//569 571//571 572//572
f 569//569 572//572 570//570
f 571//571 573//573 574//574
f 571//571 574//574 572//572
f 564//564 563//563 575//575
f 564//564 575//575 576//576
f 563//563 566//566 577//577
f 563//563 577//577 575//575
f 566//566 568//568 578//578
f 566//566 578//578 577//577
f 568//568 570//570 579//579
f 568//568 579//579 578//578
f 570//570 572//572 580//580
f 570//570 580//580 579//579
f 572//572 574//574 581//581
f 572//572 581//581 580//580
f 576//576 575//575 582//582
f 576//576 582//582 583//583
f 575//575 577//577 584//584
f 575//575 584//584 582//582
f 577//577 578//578 585//585
f 577//577 585//585 584//584
f 578//578 579//579 586//586
f 578//578 586//586 585//585
f 579//579 580//580 587//587
f 579//579 587//587 586//586
f 580//580 581//581 588//588
f 580//580 588//588 587//587
f 583//583 582//582 589//589
f 583//583 589//589 590//590
f 582//582 584//584 591//591
f 582//582 591//591 589//589
f 584//584 585//585 592//592
f 584//584 592//592 591//591
f 585//585 586//586 593//593
f 585//585 593//593 592//592
f 586//586 587//587 594//594
f 586//586 594//594 593//593
f 587//587 588//588 595//595
f 587//587 595//595 594//594
f 590//590 589//589 596//596
f 590//590 596//596 597//597
f 589//589 591//591 598//598
f 589//589 598//598 596//596
f 591//591 592//592 599//599
f 591//591 599//599 598//598
f 592//592 593//593 600//600
f 592//592 600//600 599//599
f 593//593 594//594 601//601
f 593//593 601//601 600//600
f 594//594 595//595 602//602
f 594//594 602//602 601//601
f 597//597 596//596 603//603
f 597//597 603//603 604//604
f 596//596 598//598 605//605
f 596//596 605//605 603//603
f 598//598 599//599 606//606
f 598//598 606//606 605//605
f 599//599 600//600 607//607
f 599//599 607//607 606//606
f 600//600 601//601 608//608
f 600//600 608//608 607//607
f 601//601 602//602 609//609
f 601//601 609//609 608//608
f 203//203 353//353 561//561
f 203//203 561//561 540//540
f 353//353 352//352 562//562
f 353//353 562//562 561//561
f 352//352 351//351 565//565
f 352//352 565//565 562//562
f 351//351 350//350 567//567
f 351//351 567//567 565//565
f 350//350 349//349 569//569
f 350//350 569//569 567//567
f 349//349 348//348 571//571
f 349//349 571//571 569//569
f 348//348 347//347 573//573
f 348//348 573//573 571//571
f 347//347 76//76 131//131
f 347//347 131//131 573//573
f 573//573 131//131 153//153
f 573//573 153//153 574//574
f 574//574 153//153 152//152
f 574//574 152//152 581//581
f 581//581 152//152 151//151
f 581//581 151//151 588//588
f 588//588 151//151 150//150
f 588//588 150//150 595//595
f 595//595 150//150 149//149
f 595//595 149//149 602//602
f 602//602 149//149 147//147
f 602//602 147//147 609//609
f 609//609 147//147 148//148
f 609//609 148//148 610//610
f 608//608 609//609 610//610
f 608//608 610//610 611//611
f 607//607 608//608 611//611
f 607//607 611//611 612//612
f 606//606 607//607 612//612
f 606//606 612//612 613//613
f 605//605 606//606 613//613
f 605//605 613//613 614//614
f 603//603 605//605 614//614
f 603//603 614//614 615//615
f 604//604 603//603 615//615
f 604//604 615//615 616//616
f 546//546 604//604 616//616
f 546//546 616//616 547//547
f 545//545 597//597 604//604
f 545//545 604//604 546//546
f 544//544 590//590 597//597
f 544//544 597//597 545//545
f 543//543 583//583 590//590
f 543//543 590//590 544//544
f 542//542 576//576 583//583
f 542//542 583//583 543//543
f 541//541 564//564 576//576
f 541//541 576//576 542//542
f 540//540 561//561 564//564
f 540//540 564//564 541//541
f 617//617 618//618 619//619
f 617//617 619//619 620//620
f 618//618 621//621 622//622
f 618//618 622//622 619//619
f 621//621 623//623 624//624
f 621//621 624//624 622//622
f 623//623 625//625 626//626
f 623//623 626//626 624//624
f 625//625 627//627 628//628
f 625//625 628//628 626//626
f 627//627 629//629 630//630
f 627//627 630//630 628//628
f 620//620 619//619 631//631
f 620//620 631//631 632//632
f 619//619 622//622 633//633
f 619//619 633//633 631//631
f 622//622 624//624 634//634
f 622//622 634//634 633//633
f 624//624 626//626 635//635
f 624//624 635//635 634//634
f 626//626 628//628 636//636
f 626//626 636//636 635//635
f 628//628 630//630 637//637
f 628//628 637//637 636//636
f 632//632 631//631 638//638
f 632//632 638//638 639//639
f 631//631 633//633 640//640
f 631//631 640//640 638//638
f 633//633 634//634 641//641
f 633//633 641//641 640//640
f 634//634 635//635 642//642
f 634//634 642//642 641//641
f 635//635 636//636 643//643
f 635//635 643//643 642//642
f 636//636 637//637 644//644
f 636//636 644//644 643//643
f 639//639 638//638 645//645
f 639//639 645//645 646//646
f 638//638 640//640 647//647
f 638//638 647//647 645//645
f 640//640 641//641 648//648
f 640//640 648//648 647//647
f 641//641 642//642 649//649
f 641//641 649//649 648//648
f 642//642 643//643 650//650
f 642//642 650//650 649//649
f 643//643 644//644 651//651
f 643//643 651//651 650//650
f 646//646 645//645 652//652
f 646//646 652//652 653//653
f 645//645 647//647 654//654
f 645//645 654//654 652//652
f 647//647 648//648 655//655
f 647//647 655//655 654//654
f 648//648 649//649 656//656
f 648//648 656//656 655//655
f 649//649 650//650 657//657
f 649//649 657//657 656//656
f 650//650 651//651 658//658
f 650//650 658//658 657//657
f 653//653 652//652 659//659
f 653//653 659//659 660//660
f 652//652 654//654 661//661
f 652//652 661//661 659//659
f 654//654 655//655 662//662
f 654//654 662//662 661//661
f 655//655 656//656 663//663
f 655//655 663//663 662//662
f 656//656 657//657 664//664
f 656//656 664//664 663//663
f 657//657 658//658 665//665
f 657//657 665//665 664//664
f 467//467 466//466 617//617
f 467//467 617//617 666//666
f 466//466 465//465 618//618
f 466//466 618//618 617//617
f 465//465 464//464 621//621
f 465//465 621//621 618//618
f 464//464 463//463 623//623
f 464//464 623//623 621//621
f 463//463 462//462 625//625
f 463//463 625//625 623//623
f 462//462 461//461 627//627
f 462//462 627//627 625//625
f 461//461 459//459 629//629
f 461//461 629//629 627//627
f 459//459 139//139 667//667
f 459//459 667//667 629//629
f 629//629 667//667 668//668
f 629//629 668//668 630//630
f 630//630 668//668 669//669
f 630//630 669//669 637//637
f 637//637 669//669 670//670
f 637//637 670//670 644//644
f 644//644 670//670 671//671
f 644//644 671//671 651//651
f 651//651 671//671 672//672
f 651//651 672//672 658//658
f 658//658 672//672 673//673
f 658//658 673//673 665//665
f 665//665 673//673 674//674
f 665//665 674//674 675//675
f 664//664 665//665 675//675
f 664//664 675//675 676//676
f 663//663 664//664 676//676
f 663//663 676//676 677//677
f 662//662 663//663 677//677
f 662//662 677//677 678//678
f 661//661 662//662 678//678
f 661//661 678//678 679//679
f 659//659 661//661 679//679
f 659//659 679//679 680//680
f 660//660 659//659 680//680
f 660//660 680//680 681//681
f 682//682 660//660 681//681
f 682//682 681//681 683//683
f 684//684 653//653 660//660
f 684//684 660//660 682//682
f 685//685 646//646 653//653
f 685//685 653//653 684//684
f 686//686 639//639 646//646
f 686//686 646//646 685//685
f 687//687 632//632 639//639
f 687//687 639//639 686//686
f 688//688 620//620 632//632
f 688//688 632//632 687//687
f 666//666 617//617 620//620
f 666//666 620//620 688//688
f 689//689 690//690 691//691
f 689//689 691//691 692//692
f 690//690 693//693 694//694
f 690//690 694//694 691//691
f 693//693 695//695 696//696
f 693//693 696//696 694//694
f 695//695 697//697 698//698
f 695//695 698//698 696//696
f 697//697 699//699 700//700
f 697//697 700//700 698//698
f 699//699 701//701 702//702
f 699//699 702//702 700//700
f 692//692 691//691 703//703
f 692//692 703//703 704//704
f 691//691 694//694 705//705
f 691//691 705//705 703//703
f 694//694 696//696 706//706
f 694//694 706//706 705//705
f 696//696 698//698 707//707
f 696//696 707//707 706//706
f 698//698 700//700 708//708
f 698//698 708//708 707//707
f 700//700 702//702 709//709
f 700//700 709//709 708//708
f 704//704 703//703 710//710
f 704//704 710//710 711//711
f 703//703 705//705 712//712
f 703//703 712//712 710//710
f 705//705 706//706 713//713
f 705//705 713//713 712//712
f 706//706 707//707 714//714
f 706//706 714//714 713//713
f 707//707 708//708 715//715
f 707//707 715//715 714//714
f 708//708 709//709 716//716
f 708//708 716//716 715//715
f 711//711 710//710 717//717
f 711//711 717//717 718//718
f 710//710 712//712 719//719
f 710//710 719//719 717//717
f 712//712 713//713 720//720
f 712//712 720//720 719//719
f 713//713 714//714 721//721
f 713//713 721//721 720//720
f 714//714 715//715 722//722
f 714//714 722//722 721//721
f 715//715 716//716 723//723
f 715//715 723//723 722//722
f 718//718 717//717 724//724
f 718//718 724//724 725//725
f 717//717 719//719 726//726
f 717//717 726//726 724//724
f 719//719 720//720 727//727
f 719//719 727//727 726//726
f 720//720 721//721 728//728
f 720//720 728//728 727//727
f 721//721 722//722 729//729
f 721//721 729//729 728//728
f 722//722 723//723 730//730
f 722//722 730//730 729//729
f 725//725 724//724 731//731
f 725//725 731//731 732//732
f 724//724 726//726 733//733
f 724//724 733//733 731//731
f 726//726 727//727 734//734
f 726//726 734//734 733//733
f 727//727 728//728 735//735
f 727//727 735//735 734//734
f 728//728 729//729 736//736
f 728//728 736//736 735//735
f 729//729 730//730 737//737
f 729//729 737//737 736//736
f 738//738 739//739 689//689
f 738//738 689//689 740//740
f 739//739 741//741 690//690
f 739//739 690//690 689//689
f 741//741 742//742 693//693
f 741//741 693//693 690//690
f 742//742 743//743 695//695
f 742//742 695//695 693//693
f 743//743 744//744 697//697
f 743//743 697//697 695//695
f 744//744 745//745 699//699
f 744//744 699//699 697//697
f 745//745 746//746 701//701
f 745//745 701//701 699//699
f 746//746 484//484 482//482
f 746//746 482//482 701//701
f 701//701 482//482 481//481
f 701//701 481//481 702//702
f 702//702 481//481 480//480
f 702//702 480//480 709//709
f 709//709 480//480 479//479
f 709//709 479//479 716//716
f 716//716 479//479 478//478
f 716//716 478//478 723//723
f 723//723 478//478 477//477
f 723//723 477//477 730//730
f 730//730 477//477 476//476
f 730//730 476//476 737//737
f 737//737 476//476 475//475
f 737//737 475//475 747//747
f 736//736 737//737 747//747
f 736//736 747//747 748//748
f 735//735 736//736 748//748
f 735//735 748//748 749//749
f 734//734 735//735 749//749
f 734//734 749//749 750//750
f 733//733 734//734 750//750
f 733//733 750//750 751//751
f 731//731 733//733 751//751
f 731//731 751//751 752//752
f 732//732 731//731 752//752
f 732//732 752//752 753//753
f 754//754 732//732 753//753
f 754//754 753//753 755//755
f 756//756 725//725 732//732
f 756//756 732//732 754//754
f 757//757 718//718 725//725
f 757//757 725//725 756//756
f 758//758 711//711 718//718
f 758//758 718//718 757//757
f 759//759 704//704 711//711
f 759//759 711//711 758//758
f 760//760 692//692 704//704
f 760//760 704//704 759//759
f 740//740 689//689 692//692
f 740//740 692//692 760//760
f 761//761 762//762 763//763
f 761//761 763//763 764//764
f 762//762 765//765 766//766
f 762//762 766//766 763//763
f 765//765 767//767 768//768
f 765//765 768//768 766//766
f 767//767 769//769 770//770
f 767//767 770//770 768//768
f 769//769 771//771 772//772
f 769//769 772//772 770//770
f 771//771 773//773 774//774
f 771//771 774//774 772//772
f 764//764 763//763 775//775
f 764//764 775//775 776//776
f 763//763 766//766 777//777
f 763//763 777//777 775//775
f 766//766 768//768 778//778
f 766//766 778//778 777//777
f 768//768 770//770 779//779
f 768//768 779//779 778//778
f 770//770 772//772 780//780
f 770//770 780//780 779//779
f 772//772 774//774 781//781
f 772//772 781//781 780//780
f 776//776 775//775 782//782
f 776//776 782//782 783//783
f 775//775 777//777 784//784
f 775//775 784//784 782//782
f 777//777 778//778 785//785
f 777//777 785//785 784//784
f 778//778 779//779 786//786
f 778//778 786//786 785//785
f 779//779 780//780 787//787
f 779//779 787//787 786//786
f 780//780 781//781 788//788
f 780//780 788//788 787//787
f 783//783 782//782 789//789
f 783//783 789//789 790//790
f 782//782 784//784 791//791
f 782//782 791//791 789//789
f 784//784 785//785 792//792
f 784//784 792//792 791//791
f 785//785 786//786 793//793
f 785//785 793//793 792//792
f 786//786 787//787 794//794
f 786//786 794//794 793//793
f 787//787 788//788 795//795
f 787//787 795//795 794//794
f 790//790 789//789 796//796
f 790//790 796//796 797//797
f 789//789 791//791 798//798
f 789//789 798//798 796//796
f 791//791 792//792 799//799
f 791//791 799//799 798//798
f 792//792 793//793 800//800
f 792//792 800//800 799//799
f 793//793 794//794 801//801
f 793//793 801//801 800//800
f 794//794 795//795 802//802
f 794//794 802//802 801//801
f 797//797 796//796 803//803
f 797//797 803//803 804//804
f 796//796 798//798 805//805
f 796//796 805//805 803//803
f 798//798 799//799 806//806
f 798//798 806//806 805//805
f 799//799 800//800 807//807
f 799//799 807//807 806//806
f 800//800 801//801 808//808
f 800//800 808//808 807//807
f 801//801 802//802 809//809
f 801//801 809//809 808//808
f 148//148 146//146 761//761
f 148//148 761//761 810//810
f 146//146 145//145 762//762
f 146//146 762//762 761//761
f 145//145 144//144 765//765
f 145//145 765//765 762//762
f 144//144 143//143 767//767
f 144//144 767//767 765//765
f 143//143 142//142 769//769
f 143//143 769//769 767//767
f 142//142 141//141 771//771
f 142//142 771//771 769//769
f 141//141 140//140 773//773
f 141//141 773//773 771//771
f 140//140 139//139 460//460
f 140//140 460//460 773//773
f 773//773 460//460 489//489
f 773//773 489//489 774//774
f 774//774 489//489 488//488
f 774//774 488//488 781//781
f 781//781 488//488 487//487
f 781//781 487//487 788//788
f 788//788 487//487 486//486
f 788//788 486//486 795//795
f 795//795 486//486 485//485
f 795//795 485//485 802//802
f 802//802 485//485 483//483
f 802//802 483//483 809//809
f 809//809 483//483 484//484
f 809//809 484//484 746//746
f 808//808 809//809 746//746
f 808//808 746//746 745//745
f 807//807 808//808 745//745
f 807//807 745//745 744//744
f 806//806 807//807 744//744
f 806//806 744//744 743//743
f 805//805 806//806 743//743
f 805//805 743//743 742//742
f 803//803 805//805 742//742
f 803//803 742//742 741//741
f 804//804 803//803 741//741
f 804//804 741//741 739//739
f 811//811 804//804 739//739
f 811//811 739//739 738//738
f 812//812 797//797 804//804
f 812//812 804//804 811//811
f 813//813 790//790 797//797
f 813//813 797//797 812//812
f 814//814 783//783 790//790
f 814//814 790//790 813//813
f 815//815 776//776 783//783
f 815//815 783//783 814//814
f 816//816 764//764 776//776
f 816//816 776//776 815//815
f 810//810 761//761 764//764
f 810//810 764//764 816//816
f 817//817 818//818 819//819
f 817//817 819//819 820//820
f 818//818 821//821 822//822
f 818//818 822//822 819//819
f 821//821 823//823 824//824
f 821//821 824//824 822//822
f 823//823 825//825 826//826
f 823//823 826//826 824//824
f 825//825 827//827 828//828
f 825//825 828//828 826//826
f 827//827 829//829 830//830
f 827//827 830//830 828//828
f 820//820 819//819 831//831
f 820//820 831//831 832//832
f 819//819 822//822 833//833
f 819//819 833//833 831//831
f 822//822 824//824 834//834
f 822//822 834//834 833//833
f 824//824 826//826 835//835
f 824//824 835//835 834//834
f 826//826 828//828 836//836
f 826//826 836//836 835//835
f 828//828 830//830 837//837
f 828//828 837//837 836//836
f 832//832 831//831 838//838
f 832//832 838//838 839//839
f 831//831 833//833 840//840
f 831//831 840//840 838//838
f 833//833 834//834 841//841
f 833//833 841//841 840//840
f 834//834 835//835 842//842
f 834//834 842//842 841//841
f 835//835 836//836 843//843
f 835//835 843//843 842//842
f 836//836 837//837 844//844
f 836//836 844//844 843//843
f 839//839 838//838 845//845
f 839//839 845//845 846//846
f 838//838 840//840 847//847
f 838//838 847//847 845//845
f 840//840 841//841 848//848
f 840//840 848//848 847//847
f 841//841 842//842 849//849
f 841//841 849//849 848//848
f 842//842 843//843 850//850
f 842//842 850//850 849//849
f 843//843 844//844 851//851
f 843//843 851//851 850//850
f 846//846 845//845 852//852
f 846//846 852//852 853//853
f 845//845 847//847 854//854
f 845//845 854//854 852//852
f 847//847 848//848 855//855
f 847//847 855//855 854//854
f 848//848 849//849 856//856
f 848//848 856//856 855//855
f 849//849 850//850 857//857
f 849//849 857//857 856//856
f 850//850 851//851 858//858
f 850//850 858//858 857//857
f 853//853 852//852 859//859
f 853//853 859//859 860//860
f 852//852 854//854 861//861
f 852//852 861//861 859//859
f 854//854 855//855 862//862
f 854//854 862//862 861//861
f 855//855 856//856 863//863
f 855//855 863//863 862//862
f 856//856 857//857 864//864
f 856//856 864//864 863//863
f 857//857 858//858 865//865
f 857//857 865//865 864//864
f 467//467 554//554 817//817
f 467//467 817//817 468//468
f 554//554 553//553 818//818
f 554//554 818//818 817//817
f 553//553 552//552 821//821
f 553//553 821//821 818//818
f 552//552 551//551 823//823
f 552//552 823//823 821//821
f 551//551 550//550 825//825
f 551//551 825//825 823//823
f 550//550 549//549 827//827
f 550//550 827//827 825//825
f 549//549 548//548 829//829
f 549//549 829//829 827//827
f 548//548 547//547 866//866
f 548//548 866//866 829//829
f 829//829 866//866 867//867
f 829//829 867//867 830//830
f 830//830 867//867 868//868
f 830//830 868//868 837//837
f 837//837 868//868 869//869
f 837//837 869//869 844//844
f 844//844 869//869 870//870
f 844//844 870//870 851//851
f 851//851 870//870 871//871
f 851//851 871//871 858//858
f 858//858 871//871 872//872
f 858//858 872//872 865//865
f 865//865 872//872 755//755
f 865//865 755//755 753//753
f 864//864 865//865 753//753
f 864//864 753//753 752//752
f 863//863 864//864 752//752
f 863//863 752//752 751//751
f 862//862 863//863 751//751
f 862//862 751//751 750//750
f 861//861 862//862 750//750
f 861//861 750//750 749//749
f 859//859 861//861 749//749
f 859//859 749//749 748//748
f 860//860 859//859 748//748
f 860//860 748//748 747//747
f 474//474 860//860 747//747
f 474//474 747//747 475//475
f 473//473 853//853 860//860
f 473//473 860//860 474//474
f 472//472 846//846 853//853
f 472//472 853//853 473//473
f 471//471 839//839 846//846
f 471//471 846//846 472//472
f 470//470 832//832 839//839
f 470//470 839//839 471//471
f 469//469 820//820 832//832
f 469//469 832//832 470//470
f 468//468 817//817 820//820
f 468//468 820//820 469//469
f 873//873 874//874 875//875
f 873//873 875//875 876//876
f 874//874 877//877 878//878
f 874//874 878//878 875//875
f 877//877 879//879 880//880
f 877//877 880//880 878//878
f 879//879 881//881 882//882
f 879//879 882//882 880//880
f 881//881 883//883 884//884
f 881//881 884//884 882//882
f 883//883 885//885 886//886
f 883//883 886//886 884//884
f 876//876 875//875 887//887
f 876//876 887//887 888//888
f 875//875 878//878 889//889
f 875//875 889//889 887//887
f 878//878 880//880 890//890
f 878//878 890//890 889//889
f 880//880 882//882 891//891
f 880//880 891//891 890//890
f 882//882 884//884 892//892
f 882//882 892//892 891//891
f 884//884 886//886 893//893
f 884//884 893//893 892//892
f 888//888 887//887 894//894
f 888//888 894//894 895//895
f 887//887 889//889 896//896
f 887//887 896//896 894//894
f 889//889 890//890 897//897
f 889//889 897//897 896//896
f 890//890 891//891 898//898
f 890//890 898//898 897//897
f 891//891 892//892 899//899
f 891//891 899//899 898//898
f 892//892 893//893 900//900
f 892//892 900//900 899//899
f 895//895 894//894 901//901
f 895//895 901//901 902//902
f 894//894 896//896 903//903
f 894//894 903//903 901//901
f 896//896 897//897 904//904
f 896//896 904//904 903//903
f 897//897 898//898 905//905
f 897//897 905//905 904//904
f 898//898 899//899 906//906
f 898//898 906//906 905//905
f 899//899 900//900 907//907
f 899//899 907//907 906//906
f 902//902 901//901 908//908
f 902//902 908//908 909//909
f 901//901 903//903 910//910
f 901//901 910//910 908//908
f 903//903 904//904 911//911
f 903//903 911//911 910//910
f 904//904 905//905 912//912
f 904//904 912//912 911//911
f 905//905 906//906 913//913
f 905//905 913//913 912//912
f 906//906 907//907 914//914
f 906//906 914//914 913//913
f 909//909 908//908 915//915
f 909//909 915//915 916//916
f 908//908 910//910 917//917
f 908//908 917//917 915//915
f 910//910 911//911 918//918
f 910//910 918//918 917//917
f 911//911 912//912 919//919
f 911//911 919//919 918//918
f 912//912 913//913 920//920
f 912//912 920//920 919//919
f 913//913 914//914 921//921
f 913//913 921//921 920//920
f 547//547 616//616 873//873
f 547//547 873//873 866//866
f 616//616 615//615 874//874
f 616//616 874//874 873//873
f 615//615 614//614 877//877
f 615//615 877//877 874//874
f 614//614 613//613 879//879
f 614//614 879//879 877//877
f 613//613 612//612 881//881
f 613//613 881//881 879//879
f 612//612 611//611 883//883
f 612//612 883//883 881//881
f 611//611 610//610 885//885
f 611//611 885//885 883//883
f 610//610 148//148 810//810
f 610//610 810//810 885//885
f 885//885 810//810 816//816
f 885//885 816//816 886//886
f 886//886 816//816 815//815
f 886//886 815//815 893//893
f 893//893 815//815 814//814
f 893//893 814//814 900//900
f 900//900 814//814 813//813
f 900//900 813//813 907//907
f 907//907 813//813 812//812
f 907//907 812//812 914//914
f 914//914 812//812 811//811
f 914//914 811//811 921//921
f 921//921 811//811 738//738
f 921//921 738//738 740//740
f 920//920 921//921 740//740
f 920//920 740//740 760//760
f 919//919 920//920 760//760
f 919//919 760//760 759//759
f 918//918 919//919 759//759
f 918//918 759//759 758//758
f 917//917 918//918 758//758
f 917//917 758//758 757//757
f 915//915 917//917 757//757
f 915//915 757//757 756//756
f 916//916 915//915 756//756
f 916//916 756//756 754//754
f 872//872 916//916 754//754
f 872//872 754//754 755//755
f 871//871 909//909 916//916
f 871//871 916//916 872//872
f 870//870 902//902 909//909
f 870//870 909//909 871//871
f 869//869 895//895 902//902
f 869//869 902//902 870//870
f 868//868 888//888 895//895
f 868//868 895//895 869//869
f 867//867 876//876 888//888
f 867//867 888//888 868//868
f 866//866 873//873 876//876
f 866//866 876//876 867//867
f 922//922 923//923 924//924
f 922//922 924//924 925//925
f 923//923 926//926 927//927
f 923//923 927//927 924//924
f 926//926 928//928 929//929
f 926//926 929//929 927//927
f 928//928 930//930 931//931
f 928//928 931//931 929//929
f 930//930 932//932 933//933
f 930//930 933//933 931//931
f 932//932 934//934 935//935
f 932//932 935//935 933//933
f 925//925 924//924 936//936
f 925//925 936//936 937//937
f 924//924 927//927 938//938
f 924//924 938//938 936//936
f 927//927 929//929 939//939
f 927//927 939//939 938//938
f 929//929 931//931 940//940
f 929//929 940//940 939//939
f 931//931 933//933 941//941
f 931//931 941//941 940//940
f 933//933 935//935 942//942
f 933//933 942//942 941//941
f 937//937 936//936 943//943
f 937//937 943//943 944//944
f 936//936 938//938 945//945
f 936//936 945//945 943//943
f 938//938 939//939 946//946
f 938//938 946//946 945//945
f 939//939 940//940 947//947
f 939//939 947//947 946//946
f 940//940 941//941 948//948
f 940//940 948//948 947//947
f 941//941 942//942 949//949
f 941//941 949//949 948//948
f 944//944 943//943 950//950
f 944//944 950//950 951//951
f 943//943 945//945 952//952
f 943//943 952//952 950//950
f 945//945 946//946 953//953
f 945//945 953//953 952//952
f 946//946 947//947 954//954
f 946//946 954//954 953//953
f 947//947 948//948 955//955
f 947//947 955//955 954//954
f 948//948 949//949 956//956
f 948//948 956//956 955//955
f 951//951 950//950 957//957
f 951//951 957//957 958//958
f 950//950 952//952 959//959
f 950//950 959//959 957//957
f 952//952 953//953 960//960
f 952//952 960//960 959//959
f 953//953 954//954 961//961
f 953//953 961//961 960//960
f 954//954 955//955 962//962
f 954//954 962//962 961//961
f 955//955 956//956 963//963
f 955//955 963//963 962//962
f 958//958 957//957 964//964
f 958//958 964//964 965//965
f 957//957 959//959 966//966
f 957//957 966//966 964//964
f 959//959 960//960 967//967
f 959//959 967//967 966//966
f 960//960 961//961 968//968
f 960//960 968//968 967//967
f 961//961 962//962 969//969
f 961//961 969//969 968//968
f 962//962 963//963 970//970
f 962//962 970//970 969//969
f 971//971 972//972 922//922
f 971//971 922//922 973//973
f 972//972 974//974 923//923
f 972//972 923//923 922//922
f 974//974 975//975 926//926
f 974//974 926//926 923//923
f 975//975 976//976 928//928
f 975//975 928//928 926//926
f 976//976 977//977 930//930
f 976//976 930//930 928//928
f 977//977 978//978 932//932
f 977//977 932//932 930//930
f 978//978 979//979 934//934
f 978//978 934//934 932//932
f 979//979 980//980 981//981
f 979//979 981//981 934//934
f 934//934 981//981 982//982
f 934//934 982//982 935//935
f 935//935 982//982 983//983
f 935//935 983//983 942//942
f 942//942 983//983 984//984
f 942//942 984//984 949//949
f 949//949 984//984 985//985
f 949//949 985//985 956//956
f 956//956 985//985 986//986
f 956//956 986//986 963//963
f 963//963 986//986 987//987
f 963//963 987//987 970//970
f 970//970 987//987 683//683
f 970//970 683//683 681//681
f 969//969 970//970 681//681
f 969//969 681//681 680//680
f 968//968 969//969 680//680
f 968//968 680//680 679//679
f 967//967 968//968 679//679
f 967//967 679//679 678//678
f 966//966 967//967 678//678
f 966//966 678//678 677//677
f 964//964 966//966 677//677
f 964//964 677//677 676//676
f 965//965 964//964 676//676
f 965//965 676//676 675//675
f 988//988 965//965 675//675
f 988//988 675//675 674//674
f 989//989 958//958 965//965
f 989//989 965//965 988//988
f 990//990 951//951 958//958
f 990//990 958//958 989//989
f 991//991 944//944 951//951
f 991//991 951//951 990//990
f 992//992 937//937 944//944
f 992//992 944//944 991//991
f 993//993 925//925 937//937
f 993//993 937//937 992//992
f 973//973 922//922 925//925
f 973//973 925//925 993//993
f 994//994 995//995 996//996
f 994//994 996//996 997//997
f 995//995 998//998 999//999
f 995//995 999//999 996//996
f 998//998 1000//1000 1001//1001
f 998//998 1001//1001 999//999
f 1000//1000 1002//1002 1003//1003
f 1000//1000 1003//1003 1001//1001
f 1002//1002 1004//1004 1005//1005
f 1002//1002 1005//1005 1003//1003
f 1004//1004 1006//1006 1007//1007
f 1004//1004 1007//1007 1005//1005
f 997//997 996//996 1008//1008
f 997//997 1008//1008 1009//1009
f 996//996 999//999 1010//1010
f 996//996 1010//1010 1008//1008
f 999//999 1001//1001 1011//1011
f 999//999 1011//1011 1010//1010
f 1001//1001 1003//1003 1012//1012
f 1001//1001 1012//1012 1011//1011
f 1003//1003 1005//1005 1013//1013
f 1003//1003 1013//1013 1012//1012
f 1005//1005 1007//1007 1014//1014
f 1005//1005 1014//1014 1013//1013
f 1009//1009 1008//1008 1015//1015
f 1009//1009 1015//1015 1016//1016
f 1008//1008 1010//1010 1017//1017
f 1008//1008 1017//1017 1015//1015
f 1010//1010 1011//1011 1018//1018
f 1010//1010 1018//1018 1017//1017
f 1011//1011 1012//1012 1019//1019
f 1011//1011 1019//1019 1018//1018
f 1012//1012 1013//1013 1020//1020
f 1012//1012 1020//1020 1019//1019
f 1013//1013 1014//1014 1021//1021
f 1013//1013 1021//1021 1020//1020
f 1016//1016 1015//1015 1022//1022
f 1016//1016 1022//1022 1023//1023
f 1015//1015 1017//1017 1024//1024
f 1015//1015 1024//1024 1022//1022
f 1017//1017 1018//1018 1025//1025
f 1017//1017 1025//1025 1024//1024
f 1018//1018 1019//1019 1026//1026
f 1018//1018 1026//1026 1025//1025
f 1019//1019 1020//1020 1027//1027
f 1019//1019 1027//1027 1026//1026
f 1020//1020 1021//1021 1028//1028
f 1020//1020 1028//1028 1027//1027
f 1023//1023 1022//1022 1029//1029
f 1023//1023 1029//1029 1030//1030
f 1022//1022 1024//1024 1031//1031
f 1022//1022 1031//1031 1029//1029
f 1024//1024 1025//1025 1032//1032
f 1024//1024 1032//1032 1031//1031
f 1025//1025 1026//1026 1033//1033
f 1025//1025 1033//1033 1032//1032
f 1026//1026 1027//1027 1034//1034
f 1026//1026 1034//1034 1033//1033
f 1027//1027 1028//1028 1035//1035
f 1027//1027 1035//1035 1034//1034
f 1030//1030 1029//1029 1036//1036
f 1030//1030 1036//1036 1037//1037
f 1029//1029 1031//1031 1038//1038
f 1029//1029 1038//1038 1036//1036
f 1031//1031 1032//1032 1039//1039
f 1031//1031 1039//1039 1038//1038
f 1032//1032 1033//1033 1040//1040
f 1032//1032 1040//1040 1039//1039
f 1033//1033 1034//1034 1041//1041
f 1033//1033 1041//1041 1040//1040
f 1034//1034 1035//1035 1042//1042
f 1034//1034 1042//1042 1041//1041
f 212//212 539//539 994//994
f 212//212 994//994 1043//1043
f 539//539 560//560 995//995
f 539//539 995//995 994//994
f 560//560 559//559 998//998
f 560//560 998//998 995//995
f 559//559 558//558 1000//1000
f 559//559 1000//1000 998//998
f 558//558 557//557 1002//1002
f 558//558 1002//1002 1000//1000
f 557//557 556//556 1004//1004
f 557//557 1004//1004 1002//1002
f 556//556 555//555 1006//1006
f 556//556 1006//1006 1004//1004
f 555//555 467//467 666//666
f 555//555 666//666 1006//1006
f 1006//1006 666//666 688//688
f 1006//1006 688//688 1007//1007
f 1007//1007 688//688 687//687
f 1007//1007 687//687 1014//1014
f 1014//1014 687//687 686//686
f 1014//1014 686//686 1021//1021
f 1021//1021 686//686 685//685
f 1021//1021 685//685 1028//1028
f 1028//1028 685//685 684//684
f 1028//1028 684//684 1035//1035
f 1035//1035 684//684 682//682
f 1035//1035 682//682 1042//1042
f 1042//1042 682//682 683//683
f 1042//1042 683//683 987//987
f 1041//1041 1042//1042 987//987
f 1041//1041 987//987 986//986
f 1040//1040 1041//1041 986//986
f 1040//1040 986//986 985//985
f 1039//1039 1040//1040 985//985
f 1039//1039 985//985 984//984
f 1038//1038 1039//1039 984//984
f 1038//1038 984//984 983//983
f 1036//1036 1038//1038 983//983
f 1036//1036 983//983 982//982
f 1037//1037 1036//1036 982//982
f 1037//1037 982//982 981//981
f 1044//1044 1037//1037 981//981
f 1044//1044 981//981 980//980
f 1045//1045 1030//1030 1037//1037
f 1045//1045 1037//1037 1044//1044
f 1046//1046 1023//1023 1030//1030
f 1046//1046 1030//1030 1045//1045
f 1047//1047 1016//1016 1023//1023
f 1047//1047 1023//1023 1046//1046
f 1048//1048 1009//1009 1016//1016
f 1048//1048 1016//1016 1047//1047
f 1049//1049 997//997 1009//1009
f 1049//1049 1009//1009 1048//1048
f 1043//1043 994//994 997//997
f 1043//1043 997//997 1049//1049
f 1050//1050 1051//1051 1052//1052
f 1050//1050 1052//1052 1053//1053
f 1051//1051 1054//1054 1055//1055
f 1051//1051 1055//1055 1052//1052
f 1054//1054 1056//1056 1057//1057
f 1054//1054 1057//1057 1055//1055
f 1056//1056 1058//1058 1059//1059
f 1056//1056 1059//1059 1057//1057
f 1058//1058 1060//1060 1061//1061
f 1058//1058 1061//1061 1059//1059
f 1060//1060 1062//1062 1063//1063
f 1060//1060 1063//1063 1061//1061
f 1053//1053 1052//1052 1064//1064
f 1053//1053 1064//1064 1065//1065
f 1052//1052 1055//1055 1066//1066
f 1052//1052 1066//1066 1064//1064
f 1055//1055 1057//1057 1067//1067
f 1055//1055 1067//1067 1066//1066
f 1057//1057 1059//1059 1068//1068
f 1057//1057 1068//1068 1067//1067
f 1059//1059 1061//1061 1069//1069
f 1059//1059 1069//1069 1068//1068
f 1061//1061 1063//1063 1070//1070
f 1061//1061 1070//1070 1069//1069
f 1065//1065 1064//1064 1071//1071
f 1065//1065 1071//1071 1072//1072
f 1064//1064 1066//1066 1073//1073
f 1064//1064 1073//1073 1071//1071
f 1066//1066 1067//1067 1074//1074
f 1066//1066 1074//1074 1073//1073
f 1067//1067 1068//1068 1075//1075
f 1067//1067 1075//1075 1074//1074
f 1068//1068 1069//1069 1076//1076
f 1068//1068 1076//1076 1075//1075
f 1069//1069 1070//1070 1077//1077
f 1069//1069 1077//1077 1076//1076
f 1072//1072 1071//1071 1078//1078
f 1072//1072 1078//1078 1079//1079
f 1071//1071 1073//1073 1080//1080
f 1071//1071 1080//1080 1078//1078
f 1073//1073 1074//1074 1081//1081
f 1073//1073 1081//1081 1080//1080
f 1074//1074 1075//1075 1082//1082
f 1074//1074 1082//1082 1081//1081
f 1075//1075 1076//1076 1083//1083
f 1075//1075 1083//1083 1082//1082
f 1076//1076 1077//1077 1084//1084
f 1076//1076 1084//1084 1083//1083
f 1079//1079 1078//1078 1085//1085
f 1079//1079 1085//1085 1086//1086
f 1078//1078 1080//1080 1087//1087
f 1078//1078 1087//1087 1085//1085
f 1080//1080 1081//1081 1088//1088
f 1080//1080 1088//1088 1087//1087
f 1081//1081 1082//1082 1089//1089
f 1081//1081 1089//1089 1088//1088
f 1082//1082 1083//1083 1090//1090
f 1082//1082 1090//1090 1089//1089
f 1083//1083 1084//1084 1091//1091
f 1083//1083 1091//1091 1090//1090
f 1086//1086 1085//1085 1092//1092
f 1086//1086 1092//1092 1093//1093
f 1085//1085 1087//1087 1094//1094
f 1085//1085 1094//1094 1092//1092
f 1087//1087 1088//1088 1095//1095
f 1087//1087 1095//1095 1094//1094
f 1088//1088 1089//1089 1096//1096
f 1088//1088 1096//1096 1095//1095
f 1089//1089 1090//1090 1097//1097
f 1089//1089 1097//1097 1096//1096
f 1090//1090 1091//1091 1098//1098
f 1090//1090 1098//1098 1097//1097
f 67//67 409//409 1050//1050
f 67//67 1050//1050 1099//1099
f 409//409 408//408 1051//1051
f 409//409 1051//1051 1050//1050
f 408//408 407//407 1054//1054
f 408//408 1054//1054 1051//1051
f 407//407 406//406 1056//1056
f 407//407 1056//1056 1054//1054
f 406//406 405//405 1058//1058
f 406//406 1058//1058 1056//1056
f 405//405 404//404 1060//1060
f 405//405 1060//1060 1058//1058
f 404//404 403//403 1062//1062
f 404//404 1062//1062 1060//1060
f 403//403 212//212 1043//1043
f 403//403 1043//1043 1062//1062
f 1062//1062 1043//1043 1049//1049
f 1062//1062 1049//1049 1063//1063
f 1063//1063 1049//1049 1048//1048
f 1063//1063 1048//1048 1070//1070
f 1070//1070 1048//1048 1047//1047
f 1070//1070 1047//1047 1077//1077
f 1077//1077 1047//1047 1046//1046
f 1077//1077 1046//1046 1084//1084
f 1084//1084 1046//1046 1045//1045
f 1084//1084 1045//1045 1091//1091
f 1091//1091 1045//1045 1044//1044
f 1091//1091 1044//1044 1098//1098
f 1098//1098 1044//1044 980//980
f 1098//1098 980//980 979//979
f 1097//1097 1098//1098 979//979
f 1097//1097 979//979 978//978
f 1096//1096 1097//1097 978//978
f 1096//1096 978//978 977//977
f 1095//1095 1096//1096 977//977
f 1095//1095 977//977 976//976
f 1094//1094 1095//1095 976//976
f 1094//1094 976//976 975//975
f 1092//1092 1094//1094 975//975
f 1092//1092 975//975 974//974
f 1093//1093 1092//1092 974//974
f 1093//1093 974//974 972//972
f 1100//1100 1093//1093 972//972
f 1100//1100 972//972 971//971
f 1101//1101 1086//1086 1093//1093
f 1101//1101 1093//1093 1100//1100
f 1102//1102 1079//1079 1086//1086
f 1102//1102 1086//1086 1101//1101
f 1103//1103 1072//1072 1079//1079
f 1103//1103 1079//1079 1102//1102
f 1104//1104 1065//1065 1072//1072
f 1104//1104 1072//1072 1103//1103
f 1105//1105 1053//1053 1065//1065
f 1105//1105 1065//1065 1104//1104
f 1099//1099 1050//1050 1053//1053
f 1099//1099 1053//1053 1105//1105
f 1106//1106 1107//1107 1108//1108
f 1106//1106 1108//1108 1109//1109
f 1107//1107 1110//1110 1111//1111
f 1107//1107 1111//1111 1108//1108
f 1110//1110 1112//1112 1113//1113
f 1110//1110 1113//1113 1111//1111
f 1112//1112 1114//1114 1115//1115
f 1112//1112 1115//1115 1113//1113
f 1114//1114 1116//1116 1117//1117
f 1114//1114 1117//1117 1115//1115
f 1116//1116 1118//1118 1119//1119
f 1116//1116 1119//1119 1117//1117
f 1109//1109 1108//1108 1120//1120
f 1109//1109 1120//1120 1121//1121
f 1108//1108 1111//1111 1122//1122
f 1108//1108 1122//1122 1120//1120
f 1111//1111 1113//1113 1123//1123
f 1111//1111 1123//1123 1122//1122
f 1113//1113 1115//1115 1124//1124
f 1113//1113 1124//1124 1123//1123
f 1115//1115 1117//1117 1125//1125
f 1115//1115 1125//1125 1124//1124
f 1117//1117 1119//1119 1126//1126
f 1117//1117 1126//1126 1125//1125
f 1121//1121 1120//1120 1127//1127
f 1121//1121 1127//1127 1128//1128
f 1120//1120 1122//1122 1129//1129
f 1120//1120 1129//1129 1127//1127
f 1122//1122 1123//1123 1130//1130
f 1122//1122 1130//1130 1129//1129
f 1123//1123 1124//1124 1131//1131
f 1123//1123 1131//1131 1130//1130
f 1124//1124 1125//1125 1132//1132
f 1124//1124 1132//1132 1131//1131
f 1125//1125 1126//1126 1133//1133
f 1125//1125 1133//1133 1132//1132
f 1128//1128 1127//1127 1134//1134
f 1128//1128 1134//1134 1135//1135
f 1127//1127 1129//1129 1136//1136
f 1127//1127 1136//1136 1134//1134
f 1129//1129 1130//1130 1137//1137
f 1129//1129 1137//1137 1136//1136
f 1130//1130 1131//1131 1138//1138
f 1130//1130 1138//1138 1137//1137
f 1131//1131 1132//1132 1139//1139
f 1131//1131 1139//1139 1138//1138
f 1132//1132 1133//1133 1140//1140
f 1132//1132 1140//1140 1139//1139
f 1135//1135 1134//1134 1141//1141
f 1135//1135 1141//1141 1142//1142
f 1134//1134 1136//1136 1143//1143
f 1134//1134 1143//1143 1141//1141
f 1136//1136 1137//1137 1144//1144
f 1136//1136 1144//1144 1143//1143
f 1137//1137 1138//1138 1145//1145
f 1137//1137 1145//1145 1144//1144
f 1138//1138 1139//1139 1146//1146
f 1138//1138 1146//1146 1145//1145
f 1139//1139 1140//1140 1147//1147
f 1139//1139 1147//1147 1146//1146
f 1142//1142 1141//1141 1148//1148
f 1142//1142 1148//1148 1149//1149
f 1141//1141 1143//1143 1150//1150
f 1141//1141 1150//1150 1148//1148
f 1143//1143 1144//1144 1151//1151
f 1143//1143 1151//1151 1150//1150
f 1144//1144 1145//1145 1152//1152
f 1144//1144 1152//1152 1151//1151
f 1145//1145 1146//1146 1153//1153
f 1145//1145 1153//1153 1152//1152
f 1146//1146 1147//1147 1154//1154
f 1146//1146 1154//1154 1153//1153
f 139//139 138//138 1106//1106
f 139//139 1106//1106 667//667
f 138//138 137//137 1107//1107
f 138//138 1107//1107 1106//1106
f 137//137 136//136 1110//1110
f 137//137 1110//1110 1107//1107
f 136//136 135//135 1112//1112
f 136//136 1112//1112 1110//1110
f 135//135 134//134 1114//1114
f 135//135 1114//1114 1112//1112
f 134//134 133//133 1116//1116
f 134//134 1116//1116 1114//1114
f 133//133 132//132 1118//1118
f 133//133 1118//1118 1116//1116
f 132//132 67//67 1099//1099
f 132//132 1099//1099 1118//1118
f 1118//1118 1099//1099 1105//1105
f 1118//1118 1105//1105 1119//1119
f 1119//1119 1105//1105 1104//1104
f 1119//1119 1104//1104 1126//1126
f 1126//1126 1104//1104 1103//1103
f 1126//1126 1103//1103 1133//1133
f 1133//1133 1103//1103 1102//1102
f 1133//1133 1102//1102 1140//1140
f 1140//1140 1102//1102 1101//1101
f 1140//1140 1101//1101 1147//1147
f 1147//1147 1101//1101 1100//1100
f 1147//1147 1100//1100 1154//1154
f 1154//1154 1100//1100 971//971
f 1154//1154 971//971 973//973
f 1153//1153 1154//1154 973//973
f 1153//1153 973//973 993//993
f 1152//1152 1153//1153 993//993
f 1152//1152 993//993 992//992
f 1151//1151 1152//1152 992//992
f 1151//1151 992//992 991//991
f 1150//1150 1151//1151 991//991
f 1150//1150 991//991 990//990
f 1148//1148 1150//1150 990//990
f 1148//1148 990//990 989//989
f 1149//1149 1148//1148 989//989
f 1149//1149 989//989 988//988
f 673//673 1149//1149 988//988
f 673//673 988//988 674//674
f 672//672 1142//1142 1149//1149
f 672//672 1149//1149 673//673
f 671//671 1135//1135 1142//1142
f 671//671 1142//1142 672//672
f 670//670 1128//1128 1135//1135
f 670//670 1135//1135 671//671
f 669//669 1121//1121 1128//1128
f 669//669 1128//1128 670//670
f 668//668 1109//1109 1121//1121
f 668//668 1121//1121 669//669
f 667//667 1106//1106 1109//1109
f 667//667 1109//1109 668//668
